# MagicaVoxel @ Ephtracy

# group
o 

# material
mtllib body.mtl
usemtl palette

# normals
vn -1 0 0
vn 1 0 0
vn 0 0 1
vn 0 0 -1
vn 0 -1 0
vn 0 1 0

# texcoords
vt 0.330078 0.5
vt 0.501953 0.5
vt 0.669922 0.5
vt 0.947266 0.5
vt 0.966797 0.5

# verts
v -1.3 0.3 3.6
v -1.3 0.3 2.4
v -1.3 0.3 2.3
v -1.3 0.3 2.2
v -1.3 0.3 2.1
v -1.3 0.3 0.0999997
v -1.3 0.4 3.4
v -1.3 0.4 2.8
v -1.3 0.4 2.4
v -1.3 0.4 2.3
v -1.3 0.4 2.2
v -1.3 0.4 2.1
v -1.3 0.4 1.7
v -1.3 0.4 1.5
v -1.3 0.4 1
v -1.3 0.4 0.7
v -1.3 0.4 0.6
v -1.3 0.4 0.5
v -1.3 0.4 0.4
v -1.3 0.4 0.3
v -1.3 0.5 3
v -1.3 0.5 2.8
v -1.3 0.5 1.9
v -1.3 0.5 1.7
v -1.3 0.5 1.5
v -1.3 0.5 1.2
v -1.3 0.5 1.1
v -1.3 0.5 1
v -1.3 0.5 0.7
v -1.3 0.5 0.6
v -1.3 0.5 0.5
v -1.3 0.5 0.4
v -1.3 0.5 0.3
v -1.3 0.5 0.2
v -1.3 0.5 0.0999997
v -1.3 0.5 -0.1
v -1.3 0.6 3.4
v -1.3 0.6 3
v -1.3 0.6 2.9
v -1.3 0.6 2.8
v -1.3 0.6 2.7
v -1.3 0.6 2.3
v -1.3 0.6 2.2
v -1.3 0.6 1.2
v -1.3 0.6 1.1
v -1.3 0.6 1
v -1.3 0.6 0.7
v -1.3 0.6 0.5
v -1.3 0.6 0.2
v -1.3 0.6 0.0999997
v -1.3 0.7 3.6
v -1.3 0.7 3
v -1.3 0.7 2.9
v -1.3 0.7 2.8
v -1.3 0.7 2.7
v -1.3 0.7 2.6
v -1.3 0.7 2.3
v -1.3 0.7 2.2
v -1.3 0.7 1.9
v -1.3 0.7 1.7
v -1.3 0.7 1.1
v -1.3 0.7 0.9
v -1.3 0.7 0.7
v -1.3 0.7 0.5
v -1.3 0.7 -0.1
v -1.3 0.8 3.6
v -1.3 0.8 3
v -1.3 0.8 2.9
v -1.3 0.8 2.8
v -1.3 0.8 2.6
v -1.3 0.8 1.1
v -1.3 0.8 1
v -1.3 0.8 0.9
v -1.3 0.8 0.7
v -1.3 0.8 0.5
v -1.3 0.8 -0.1
v -1.3 1.4 1.1
v -1.3 1.4 0.9
v -1.3 1.6 1.1
v -1.3 1.6 0.9
v -1.2 0 3.2
v -1.2 0 3.1
v -1.2 0 3
v -1.2 0 2.9
v -1.2 0 2.8
v -1.2 0 2.7
v -1.2 0 2.6
v -1.2 0 2.5
v -1.2 0 2.4
v -1.2 0 2.3
v -1.2 0 2.2
v -1.2 0 2.1
v -1.2 0 2
v -1.2 0 1.9
v -1.2 0 1.8
v -1.2 0 1.7
v -1.2 0 1.6
v -1.2 0 1.5
v -1.2 0 1.4
v -1.2 0 1.3
v -1.2 0 1.2
v -1.2 0 1.1
v -1.2 0 1
v -1.2 0 0.9
v -1.2 0 0.8
v -1.2 0 0.7
v -1.2 0 0.6
v -1.2 0 0.5
v -1.2 0 0.4
v -1.2 0 0.3
v -1.2 0 0.2
v -1.2 0 0.0999997
v -1.2 0 -2.38419e-007
v -1.2 0 -0.1
v -1.2 0.1 3.3
v -1.2 0.1 3.2
v -1.2 0.1 3.1
v -1.2 0.1 3
v -1.2 0.1 2.9
v -1.2 0.1 2.8
v -1.2 0.1 2.7
v -1.2 0.1 2.6
v -1.2 0.1 2.5
v -1.2 0.1 2.4
v -1.2 0.1 2.3
v -1.2 0.1 2.2
v -1.2 0.1 2.1
v -1.2 0.1 2
v -1.2 0.1 1.9
v -1.2 0.1 1.8
v -1.2 0.1 1.7
v -1.2 0.1 1.6
v -1.2 0.1 1.5
v -1.2 0.1 1.4
v -1.2 0.1 1.3
v -1.2 0.1 1.2
v -1.2 0.1 1.1
v -1.2 0.1 1
v -1.2 0.1 0.9
v -1.2 0.1 0.8
v -1.2 0.1 0.7
v -1.2 0.1 0.6
v -1.2 0.1 0.5
v -1.2 0.1 0.4
v -1.2 0.1 0.3
v -1.2 0.1 0.2
v -1.2 0.1 0.0999997
v -1.2 0.1 -2.38419e-007
v -1.2 0.1 -0.1
v -1.2 0.1 -0.2
v -1.2 0.2 3.4
v -1.2 0.2 3.3
v -1.2 0.2 3.2
v -1.2 0.2 3
v -1.2 0.2 2.9
v -1.2 0.2 2.3
v -1.2 0.2 2.2
v -1.2 0.2 1.6
v -1.2 0.2 1.5
v -1.2 0.2 0.9
v -1.2 0.2 0.8
v -1.2 0.2 0.2
v -1.2 0.2 0.0999997
v -1.2 0.2 -0.1
v -1.2 0.2 -0.2
v -1.2 0.2 -0.3
v -1.2 0.3 3.4
v -1.2 0.3 3.3
v -1.2 0.3 3.1
v -1.2 0.3 3
v -1.2 0.3 2.9
v -1.2 0.3 2.8
v -1.2 0.3 2.4
v -1.2 0.3 2.3
v -1.2 0.3 2.2
v -1.2 0.3 2.1
v -1.2 0.3 1.9
v -1.2 0.3 1.7
v -1.2 0.3 1.6
v -1.2 0.3 1.5
v -1.2 0.3 1.4
v -1.2 0.3 1
v -1.2 0.3 0.9
v -1.2 0.3 0.8
v -1.2 0.3 0.7
v -1.2 0.3 0.3
v -1.2 0.3 0.2
v -1.2 0.3 0.0999997
v -1.2 0.3 -0.2
v -1.2 0.3 -0.3
v -1.2 0.3 -0.4
v -1.2 0.4 0.0999997
v -1.2 0.4 -2.38419e-007
v -1.2 0.4 -0.1
v -1.2 0.4 -0.3
v -1.2 0.4 -0.4
v -1.2 0.4 -0.5
v -1.2 0.5 0.0999997
v -1.2 0.5 -0.1
v -1.2 0.5 -0.2
v -1.2 0.5 -0.3
v -1.2 0.5 -0.4
v -1.2 0.5 -0.5
v -1.2 0.6 -0.2
v -1.2 0.6 -0.3
v -1.2 0.6 -0.4
v -1.2 0.6 -0.5
v -1.2 0.7 -0.1
v -1.2 0.7 -0.2
v -1.2 0.7 -0.3
v -1.2 0.7 -0.4
v -1.2 0.7 -0.5
v -1.2 0.8 3.6
v -1.2 0.8 3
v -1.2 0.8 2.9
v -1.2 0.8 2.8
v -1.2 0.8 2.7
v -1.2 0.8 2.6
v -1.2 0.8 2.5
v -1.2 0.8 2.3
v -1.2 0.8 1.1
v -1.2 0.8 1
v -1.2 0.8 0.9
v -1.2 0.8 0.7
v -1.2 0.8 0.5
v -1.2 0.8 0.0999997
v -1.2 0.8 -0.1
v -1.2 0.8 -0.2
v -1.2 0.8 -0.3
v -1.2 0.8 -0.4
v -1.2 0.9 2.5
v -1.2 0.9 2.3
v -1.2 0.9 2
v -1.2 0.9 1.4
v -1.2 0.9 0.2
v -1.2 0.9 0.0999997
v -1.2 1 3.5
v -1.2 1 3.4
v -1.2 1 3.2
v -1.2 1 3
v -1.2 1 2.9
v -1.2 1 2.7
v -1.2 1 0.6
v -1.2 1 0.5
v -1.2 1 0.3
v -1.2 1 0.2
v -1.2 1.1 3.6
v -1.2 1.1 3.5
v -1.2 1.1 3.4
v -1.2 1.1 3.2
v -1.2 1.1 3
v -1.2 1.1 2
v -1.2 1.1 1.4
v -1.2 1.1 1.1
v -1.2 1.1 1
v -1.2 1.1 0.6
v -1.2 1.1 0.5
v -1.2 1.1 0.3
v -1.1 1.1 3.6
v -1.1 1.1 3.5
v -1.1 1.1 3.4
v -1.1 1.1 3.2
v -1.1 1.1 3
v -1.1 1.1 2
v -1.1 1.1 1.4
v -1.1 1.1 1.1
v -1.1 1.1 1
v -1.1 1.1 0.6
v -1.1 1.1 0.5
v -1.1 1.1 0.4
v -1.1 1.2 2.2
v -1.1 1.2 2.1
v -1.1 1.2 0.5
v -1.1 1.2 0.4
v -1.1 1.3 3.6
v -1.1 1.3 3.2
v -1.1 1.3 3
v -1.1 1.3 2.9
v -1.1 1.3 2.7
v -1.1 1.3 2.4
v -1.1 1.3 2.2
v -1.1 1.3 2.1
v -1.1 1.3 0.6
v -1.1 1.3 0.5
v -1.1 1.4 3.6
v -1.1 1.4 3.2
v -1.1 1.4 3
v -1.1 1.4 2.9
v -1.1 1.4 2.7
v -1.1 1.4 2.4
v -1.1 1.4 2.1
v -1.1 1.4 1.1
v -1.1 1.4 0.9
v -1.1 1.4 0.6
v -1 1.4 1.3
v -1 1.4 1.1
v -1 1.6 1.3
v -1 1.6 1.1
v -0.3 0.7 -2.38419e-007
v -0.3 0.7 -0.1
v -0.3 0.8 0.0999997
v -0.3 0.8 -2.38419e-007
v -0.3 0.9 0.2
v -0.3 0.9 0.0999997
v -0.3 1 0.3
v -0.3 1 0.2
v -0.3 1.1 0.4
v -0.3 1.1 0.3
v -0.3 1.2 0.5
v -0.3 1.2 0.4
v -0.3 1.3 0.5
v -0.3 1.3 -0.1
v -0.2 0.8 -0.1
v -0.2 0.8 -0.2
v -0.2 1.2 -0.1
v -0.2 1.2 -0.2
v -0.0999999 0.9 -0.2
v -0.0999999 0.9 -0.3
v -0.0999999 0.9 -1
v -0.0999999 0.9 -1.1
v -0.0999999 0.9 -1.5
v -0.0999999 0.9 -1.7
v -0.0999999 0.9 -2.1
v -0.0999999 0.9 -2.4
v -0.0999999 0.9 -3.3
v -0.0999999 1 -1
v -0.0999999 1 -1.1
v -0.0999999 1 -1.5
v -0.0999999 1 -1.6
v -0.0999999 1 -2.4
v -0.0999999 1 -2.5
v -0.0999999 1 -2.7
v -0.0999999 1 -2.8
v -0.0999999 1.1 -0.2
v -0.0999999 1.1 -0.3
v -0.0999999 1.1 -1.6
v -0.0999999 1.1 -1.7
v -0.0999999 1.1 -2.1
v -0.0999999 1.1 -2.5
v -0.0999999 1.1 -2.7
v -0.0999999 1.1 -2.8
v -0.0999999 1.1 -3.3
v 0.4 1.4 1.4
v 0.4 1.4 0.9
v 0.4 1.6 1.4
v 0.4 1.6 0.9
v 0.5 1.6 1.3
v 0.5 1.6 1
v 0.5 1.7 1.3
v 0.5 1.7 1
v 0.6 1.5 0.9
v 0.6 1.5 0.5
v 0.6 1.6 0.9
v 0.6 1.6 0.5
v 0.7 0 3.2
v 0.7 0 3.1
v 0.7 0 3
v 0.7 0 2.9
v 0.7 0 2.8
v 0.7 0 2.7
v 0.7 0 2.6
v 0.7 0 2.5
v 0.7 0 2.4
v 0.7 0 2.3
v 0.7 0 2.2
v 0.7 0 2.1
v 0.7 0 2
v 0.7 0 1.9
v 0.7 0 1.8
v 0.7 0 1.7
v 0.7 0 1.6
v 0.7 0 1.5
v 0.7 0 1.4
v 0.7 0 1.3
v 0.7 0 1.2
v 0.7 0 1.1
v 0.7 0 1
v 0.7 0 0.9
v 0.7 0 0.8
v 0.7 0 0.7
v 0.7 0 0.6
v 0.7 0 0.5
v 0.7 0 0.4
v 0.7 0 0.3
v 0.7 0 0.2
v 0.7 0 0.0999997
v 0.7 0 -2.38419e-007
v 0.7 0 -0.1
v 0.7 0.1 3.3
v 0.7 0.1 3.2
v 0.7 0.1 3.1
v 0.7 0.1 3
v 0.7 0.1 2.9
v 0.7 0.1 2.8
v 0.7 0.1 2.7
v 0.7 0.1 2.6
v 0.7 0.1 2.5
v 0.7 0.1 2.4
v 0.7 0.1 2.3
v 0.7 0.1 2.2
v 0.7 0.1 2.1
v 0.7 0.1 2
v 0.7 0.1 1.9
v 0.7 0.1 1.8
v 0.7 0.1 1.7
v 0.7 0.1 1.6
v 0.7 0.1 1.5
v 0.7 0.1 1.4
v 0.7 0.1 1.3
v 0.7 0.1 1.2
v 0.7 0.1 1.1
v 0.7 0.1 1
v 0.7 0.1 0.9
v 0.7 0.1 0.8
v 0.7 0.1 0.7
v 0.7 0.1 0.6
v 0.7 0.1 0.5
v 0.7 0.1 0.4
v 0.7 0.1 0.3
v 0.7 0.1 0.2
v 0.7 0.1 0.0999997
v 0.7 0.1 -2.38419e-007
v 0.7 0.1 -0.1
v 0.7 0.1 -0.2
v 0.7 0.2 3.4
v 0.7 0.2 3.3
v 0.7 0.2 3.2
v 0.7 0.2 3
v 0.7 0.2 2.9
v 0.7 0.2 2.3
v 0.7 0.2 2.2
v 0.7 0.2 1.6
v 0.7 0.2 1.5
v 0.7 0.2 0.9
v 0.7 0.2 0.8
v 0.7 0.2 0.2
v 0.7 0.2 0.0999997
v 0.7 0.2 -0.1
v 0.7 0.2 -0.2
v 0.7 0.2 -0.3
v 0.7 0.3 3.5
v 0.7 0.3 3.4
v 0.7 0.3 3.3
v 0.7 0.3 3.1
v 0.7 0.3 3
v 0.7 0.3 2.9
v 0.7 0.3 2.8
v 0.7 0.3 2.4
v 0.7 0.3 2.3
v 0.7 0.3 2.2
v 0.7 0.3 2.1
v 0.7 0.3 1.7
v 0.7 0.3 1.6
v 0.7 0.3 1.5
v 0.7 0.3 1.4
v 0.7 0.3 1
v 0.7 0.3 0.9
v 0.7 0.3 0.8
v 0.7 0.3 0.7
v 0.7 0.3 0.3
v 0.7 0.3 0.2
v 0.7 0.3 0.0999997
v 0.7 0.3 -2.38419e-007
v 0.7 0.3 -0.2
v 0.7 0.3 -0.3
v 0.7 0.3 -0.4
v 0.7 0.4 3.6
v 0.7 0.4 3.5
v 0.7 0.4 3.4
v 0.7 0.4 3.3
v 0.7 0.4 -0.3
v 0.7 0.4 -0.4
v 0.7 0.4 -0.5
v 0.7 0.5 3.6
v 0.7 0.5 3.5
v 0.7 0.5 3.4
v 0.7 0.5 3.3
v 0.7 0.5 -0.2
v 0.7 0.5 -0.3
v 0.7 0.5 -0.4
v 0.7 0.5 -0.5
v 0.7 0.6 3.6
v 0.7 0.6 3.5
v 0.7 0.6 -0.1
v 0.7 0.6 -0.2
v 0.7 0.6 -0.3
v 0.7 0.6 -0.4
v 0.7 0.6 -0.5
v 0.7 0.7 3.6
v 0.7 0.7 3.5
v 0.7 0.7 3.4
v 0.7 0.7 -2.38419e-007
v 0.7 0.7 -0.1
v 0.7 0.7 -0.2
v 0.7 0.7 -0.3
v 0.7 0.7 -0.4
v 0.7 0.7 -0.5
v 0.7 0.8 -2.38419e-007
v 0.7 0.8 -0.1
v 0.7 0.8 -0.2
v 0.7 0.8 -0.3
v 0.7 0.8 -0.4
v 1.2 0.3 3.6
v 1.2 0.3 3.5
v 1.2 0.4 3.6
v 1.2 0.4 3.5
v -1.2 0.3 3.6
v -1.2 0.3 3.5
v -1.2 0.4 3.6
v -1.2 0.4 3.5
v -0.7 0 3.2
v -0.7 0 3.1
v -0.7 0 3
v -0.7 0 2.9
v -0.7 0 2.8
v -0.7 0 2.7
v -0.7 0 2.6
v -0.7 0 2.5
v -0.7 0 2.4
v -0.7 0 2.3
v -0.7 0 2.2
v -0.7 0 2.1
v -0.7 0 2
v -0.7 0 1.9
v -0.7 0 1.8
v -0.7 0 1.7
v -0.7 0 1.6
v -0.7 0 1.5
v -0.7 0 1.4
v -0.7 0 1.3
v -0.7 0 1.2
v -0.7 0 1.1
v -0.7 0 1
v -0.7 0 0.9
v -0.7 0 0.8
v -0.7 0 0.7
v -0.7 0 0.6
v -0.7 0 0.5
v -0.7 0 0.4
v -0.7 0 0.3
v -0.7 0 0.2
v -0.7 0 0.0999997
v -0.7 0 -2.38419e-007
v -0.7 0 -0.1
v -0.7 0.1 3.3
v -0.7 0.1 3.2
v -0.7 0.1 3.1
v -0.7 0.1 3
v -0.7 0.1 2.9
v -0.7 0.1 2.8
v -0.7 0.1 2.7
v -0.7 0.1 2.6
v -0.7 0.1 2.5
v -0.7 0.1 2.4
v -0.7 0.1 2.3
v -0.7 0.1 2.2
v -0.7 0.1 2.1
v -0.7 0.1 2
v -0.7 0.1 1.9
v -0.7 0.1 1.8
v -0.7 0.1 1.7
v -0.7 0.1 1.6
v -0.7 0.1 1.5
v -0.7 0.1 1.4
v -0.7 0.1 1.3
v -0.7 0.1 1.2
v -0.7 0.1 1.1
v -0.7 0.1 1
v -0.7 0.1 0.9
v -0.7 0.1 0.8
v -0.7 0.1 0.7
v -0.7 0.1 0.6
v -0.7 0.1 0.5
v -0.7 0.1 0.4
v -0.7 0.1 0.3
v -0.7 0.1 0.2
v -0.7 0.1 0.0999997
v -0.7 0.1 -2.38419e-007
v -0.7 0.1 -0.1
v -0.7 0.1 -0.2
v -0.7 0.2 3.4
v -0.7 0.2 3.3
v -0.7 0.2 3.2
v -0.7 0.2 3
v -0.7 0.2 2.9
v -0.7 0.2 2.3
v -0.7 0.2 2.2
v -0.7 0.2 1.6
v -0.7 0.2 1.5
v -0.7 0.2 0.9
v -0.7 0.2 0.8
v -0.7 0.2 0.2
v -0.7 0.2 0.0999997
v -0.7 0.2 -0.1
v -0.7 0.2 -0.2
v -0.7 0.2 -0.3
v -0.7 0.3 3.5
v -0.7 0.3 3.4
v -0.7 0.3 3.3
v -0.7 0.3 3.1
v -0.7 0.3 3
v -0.7 0.3 2.9
v -0.7 0.3 2.8
v -0.7 0.3 2.4
v -0.7 0.3 2.3
v -0.7 0.3 2.2
v -0.7 0.3 2.1
v -0.7 0.3 1.7
v -0.7 0.3 1.6
v -0.7 0.3 1.5
v -0.7 0.3 1.4
v -0.7 0.3 1
v -0.7 0.3 0.9
v -0.7 0.3 0.8
v -0.7 0.3 0.7
v -0.7 0.3 0.3
v -0.7 0.3 0.2
v -0.7 0.3 0.0999997
v -0.7 0.3 -2.38419e-007
v -0.7 0.3 -0.2
v -0.7 0.3 -0.3
v -0.7 0.3 -0.4
v -0.7 0.4 3.6
v -0.7 0.4 3.5
v -0.7 0.4 3.4
v -0.7 0.4 3.3
v -0.7 0.4 -0.3
v -0.7 0.4 -0.4
v -0.7 0.4 -0.5
v -0.7 0.5 3.6
v -0.7 0.5 3.5
v -0.7 0.5 3.4
v -0.7 0.5 3.3
v -0.7 0.5 -0.2
v -0.7 0.5 -0.3
v -0.7 0.5 -0.4
v -0.7 0.5 -0.5
v -0.7 0.6 3.6
v -0.7 0.6 3.5
v -0.7 0.6 -0.1
v -0.7 0.6 -0.2
v -0.7 0.6 -0.3
v -0.7 0.6 -0.4
v -0.7 0.6 -0.5
v -0.7 0.7 3.6
v -0.7 0.7 3.5
v -0.7 0.7 3.4
v -0.7 0.7 -2.38419e-007
v -0.7 0.7 -0.1
v -0.7 0.7 -0.2
v -0.7 0.7 -0.3
v -0.7 0.7 -0.4
v -0.7 0.7 -0.5
v -0.7 0.8 -2.38419e-007
v -0.7 0.8 -0.1
v -0.7 0.8 -0.2
v -0.7 0.8 -0.3
v -0.7 0.8 -0.4
v -0.5 1.4 1.3
v -0.5 1.4 1.1
v -0.5 1.6 1.3
v -0.5 1.6 1.1
v -0.2 1.4 1.1
v -0.2 1.4 0.9
v -0.2 1.6 1.1
v -0.2 1.6 0.9
v 0.1 0.9 -0.2
v 0.1 0.9 -0.3
v 0.1 0.9 -1
v 0.1 0.9 -1.1
v 0.1 0.9 -1.5
v 0.1 0.9 -1.7
v 0.1 0.9 -2.1
v 0.1 0.9 -2.4
v 0.1 0.9 -3.3
v 0.1 1 -1
v 0.1 1 -1.1
v 0.1 1 -1.5
v 0.1 1 -1.6
v 0.1 1 -2.4
v 0.1 1 -2.5
v 0.1 1 -2.7
v 0.1 1 -2.8
v 0.1 1.1 -0.2
v 0.1 1.1 -0.3
v 0.1 1.1 -1.6
v 0.1 1.1 -1.7
v 0.1 1.1 -2.1
v 0.1 1.1 -2.5
v 0.1 1.1 -2.7
v 0.1 1.1 -2.8
v 0.1 1.1 -3.3
v 0.2 0.8 -0.1
v 0.2 0.8 -0.2
v 0.2 1.2 -0.1
v 0.2 1.2 -0.2
v 0.3 0.7 -2.38419e-007
v 0.3 0.7 -0.1
v 0.3 0.8 0.0999997
v 0.3 0.8 -2.38419e-007
v 0.3 0.9 0.2
v 0.3 0.9 0.0999997
v 0.3 1 0.3
v 0.3 1 0.2
v 0.3 1.1 0.4
v 0.3 1.1 0.3
v 0.3 1.2 0.5
v 0.3 1.2 0.4
v 0.3 1.3 0.5
v 0.3 1.3 -0.1
v 0.7 1.5 0.9
v 0.7 1.5 0.5
v 0.7 1.6 0.9
v 0.7 1.6 0.5
v 0.8 1.6 1.3
v 0.8 1.6 1
v 0.8 1.7 1.3
v 0.8 1.7 1
v 0.9 1.4 1.4
v 0.9 1.4 0.9
v 0.9 1.6 1.4
v 0.9 1.6 0.9
v 1.1 1.1 3.6
v 1.1 1.1 3.5
v 1.1 1.1 3.4
v 1.1 1.1 3.2
v 1.1 1.1 3
v 1.1 1.1 2
v 1.1 1.1 1.4
v 1.1 1.1 1.1
v 1.1 1.1 1
v 1.1 1.1 0.6
v 1.1 1.1 0.5
v 1.1 1.1 0.4
v 1.1 1.2 2.2
v 1.1 1.2 2.1
v 1.1 1.2 0.5
v 1.1 1.2 0.4
v 1.1 1.3 3.6
v 1.1 1.3 3.2
v 1.1 1.3 3
v 1.1 1.3 2.9
v 1.1 1.3 2.7
v 1.1 1.3 2.4
v 1.1 1.3 2.2
v 1.1 1.3 2.1
v 1.1 1.3 0.6
v 1.1 1.3 0.5
v 1.1 1.4 3.6
v 1.1 1.4 3.2
v 1.1 1.4 3
v 1.1 1.4 2.9
v 1.1 1.4 2.7
v 1.1 1.4 2.4
v 1.1 1.4 2.1
v 1.1 1.4 0.6
v 1.2 0 3.2
v 1.2 0 3.1
v 1.2 0 3
v 1.2 0 2.9
v 1.2 0 2.8
v 1.2 0 2.7
v 1.2 0 2.6
v 1.2 0 2.5
v 1.2 0 2.4
v 1.2 0 2.3
v 1.2 0 2.2
v 1.2 0 2.1
v 1.2 0 2
v 1.2 0 1.9
v 1.2 0 1.8
v 1.2 0 1.7
v 1.2 0 1.6
v 1.2 0 1.5
v 1.2 0 1.4
v 1.2 0 1.3
v 1.2 0 1.2
v 1.2 0 1.1
v 1.2 0 1
v 1.2 0 0.9
v 1.2 0 0.8
v 1.2 0 0.7
v 1.2 0 0.6
v 1.2 0 0.5
v 1.2 0 0.4
v 1.2 0 0.3
v 1.2 0 0.2
v 1.2 0 0.0999997
v 1.2 0 -2.38419e-007
v 1.2 0 -0.1
v 1.2 0.1 3.3
v 1.2 0.1 3.2
v 1.2 0.1 3.1
v 1.2 0.1 3
v 1.2 0.1 2.9
v 1.2 0.1 2.8
v 1.2 0.1 2.7
v 1.2 0.1 2.6
v 1.2 0.1 2.5
v 1.2 0.1 2.4
v 1.2 0.1 2.3
v 1.2 0.1 2.2
v 1.2 0.1 2.1
v 1.2 0.1 2
v 1.2 0.1 1.9
v 1.2 0.1 1.8
v 1.2 0.1 1.7
v 1.2 0.1 1.6
v 1.2 0.1 1.5
v 1.2 0.1 1.4
v 1.2 0.1 1.3
v 1.2 0.1 1.2
v 1.2 0.1 1.1
v 1.2 0.1 1
v 1.2 0.1 0.9
v 1.2 0.1 0.8
v 1.2 0.1 0.7
v 1.2 0.1 0.6
v 1.2 0.1 0.5
v 1.2 0.1 0.4
v 1.2 0.1 0.3
v 1.2 0.1 0.2
v 1.2 0.1 0.0999997
v 1.2 0.1 -2.38419e-007
v 1.2 0.1 -0.1
v 1.2 0.1 -0.2
v 1.2 0.2 3.4
v 1.2 0.2 3.3
v 1.2 0.2 3.2
v 1.2 0.2 3
v 1.2 0.2 2.9
v 1.2 0.2 2.3
v 1.2 0.2 2.2
v 1.2 0.2 1.6
v 1.2 0.2 1.5
v 1.2 0.2 0.9
v 1.2 0.2 0.8
v 1.2 0.2 0.2
v 1.2 0.2 0.0999997
v 1.2 0.2 -0.1
v 1.2 0.2 -0.2
v 1.2 0.2 -0.3
v 1.2 0.3 3.4
v 1.2 0.3 3.3
v 1.2 0.3 3.1
v 1.2 0.3 3
v 1.2 0.3 2.9
v 1.2 0.3 2.8
v 1.2 0.3 2.4
v 1.2 0.3 2.3
v 1.2 0.3 2.2
v 1.2 0.3 2.1
v 1.2 0.3 1.9
v 1.2 0.3 1.7
v 1.2 0.3 1.6
v 1.2 0.3 1.5
v 1.2 0.3 1.4
v 1.2 0.3 1
v 1.2 0.3 0.9
v 1.2 0.3 0.8
v 1.2 0.3 0.7
v 1.2 0.3 0.3
v 1.2 0.3 0.2
v 1.2 0.3 0.0999997
v 1.2 0.3 -0.2
v 1.2 0.3 -0.3
v 1.2 0.3 -0.4
v 1.2 0.4 0.0999997
v 1.2 0.4 -2.38419e-007
v 1.2 0.4 -0.1
v 1.2 0.4 -0.3
v 1.2 0.4 -0.4
v 1.2 0.4 -0.5
v 1.2 0.5 0.0999997
v 1.2 0.5 -0.1
v 1.2 0.5 -0.2
v 1.2 0.5 -0.3
v 1.2 0.5 -0.4
v 1.2 0.5 -0.5
v 1.2 0.6 -0.2
v 1.2 0.6 -0.3
v 1.2 0.6 -0.4
v 1.2 0.6 -0.5
v 1.2 0.7 -0.1
v 1.2 0.7 -0.2
v 1.2 0.7 -0.3
v 1.2 0.7 -0.4
v 1.2 0.7 -0.5
v 1.2 0.8 3.6
v 1.2 0.8 3
v 1.2 0.8 2.9
v 1.2 0.8 2.8
v 1.2 0.8 2.7
v 1.2 0.8 2.6
v 1.2 0.8 2.5
v 1.2 0.8 2.3
v 1.2 0.8 1.1
v 1.2 0.8 1
v 1.2 0.8 0.9
v 1.2 0.8 0.7
v 1.2 0.8 0.5
v 1.2 0.8 0.0999997
v 1.2 0.8 -0.1
v 1.2 0.8 -0.2
v 1.2 0.8 -0.3
v 1.2 0.8 -0.4
v 1.2 0.9 2.5
v 1.2 0.9 2.3
v 1.2 0.9 2
v 1.2 0.9 1.4
v 1.2 0.9 0.2
v 1.2 0.9 0.0999997
v 1.2 1 3.5
v 1.2 1 3.4
v 1.2 1 3.2
v 1.2 1 3
v 1.2 1 2.9
v 1.2 1 2.7
v 1.2 1 0.6
v 1.2 1 0.5
v 1.2 1 0.3
v 1.2 1 0.2
v 1.2 1.1 3.6
v 1.2 1.1 3.5
v 1.2 1.1 3.4
v 1.2 1.1 3.2
v 1.2 1.1 3
v 1.2 1.1 2
v 1.2 1.1 1.4
v 1.2 1.1 1.1
v 1.2 1.1 1
v 1.2 1.1 0.6
v 1.2 1.1 0.5
v 1.2 1.1 0.3
v 1.3 0.3 3.6
v 1.3 0.3 2.4
v 1.3 0.3 2.3
v 1.3 0.3 2.2
v 1.3 0.3 2.1
v 1.3 0.3 0.0999997
v 1.3 0.4 3.4
v 1.3 0.4 2.8
v 1.3 0.4 2.4
v 1.3 0.4 2.3
v 1.3 0.4 2.2
v 1.3 0.4 2.1
v 1.3 0.4 1.7
v 1.3 0.4 1.5
v 1.3 0.4 1
v 1.3 0.4 0.7
v 1.3 0.4 0.6
v 1.3 0.4 0.5
v 1.3 0.4 0.4
v 1.3 0.4 0.3
v 1.3 0.5 3
v 1.3 0.5 2.8
v 1.3 0.5 1.9
v 1.3 0.5 1.7
v 1.3 0.5 1.5
v 1.3 0.5 1.2
v 1.3 0.5 1.1
v 1.3 0.5 1
v 1.3 0.5 0.7
v 1.3 0.5 0.6
v 1.3 0.5 0.5
v 1.3 0.5 0.4
v 1.3 0.5 0.3
v 1.3 0.5 0.2
v 1.3 0.5 0.0999997
v 1.3 0.5 -0.1
v 1.3 0.6 3.4
v 1.3 0.6 3
v 1.3 0.6 2.9
v 1.3 0.6 2.8
v 1.3 0.6 2.7
v 1.3 0.6 2.3
v 1.3 0.6 2.2
v 1.3 0.6 1.2
v 1.3 0.6 1.1
v 1.3 0.6 1
v 1.3 0.6 0.7
v 1.3 0.6 0.5
v 1.3 0.6 0.2
v 1.3 0.6 0.0999997
v 1.3 0.7 3.6
v 1.3 0.7 3
v 1.3 0.7 2.9
v 1.3 0.7 2.8
v 1.3 0.7 2.7
v 1.3 0.7 2.6
v 1.3 0.7 2.3
v 1.3 0.7 2.2
v 1.3 0.7 1.9
v 1.3 0.7 1.7
v 1.3 0.7 1.1
v 1.3 0.7 0.9
v 1.3 0.7 0.7
v 1.3 0.7 0.5
v 1.3 0.7 -0.1
v 1.3 0.8 3.6
v 1.3 0.8 3
v 1.3 0.8 2.9
v 1.3 0.8 2.8
v 1.3 0.8 2.6
v 1.3 0.8 1.1
v 1.3 0.8 1
v 1.3 0.8 0.9
v 1.3 0.8 0.7
v 1.3 0.8 0.5
v 1.3 0.8 -0.1
v -1.3 0.3 3.6
v -1.3 0.7 3.6
v -1.3 0.8 3.6
v -1.2 0.3 3.6
v -1.2 0.4 3.6
v -1.2 0.5 3.6
v -1.2 0.6 3.6
v -1.2 0.7 3.6
v -1.2 0.8 3.6
v -1.2 1.1 3.6
v -1.1 1.1 3.6
v -1.1 1.3 3.6
v -1.1 1.4 3.6
v -1 0.8 3.6
v -1 1.2 3.6
v -0.9 0.8 3.6
v -0.9 0.9 3.6
v -0.9 1.3 3.6
v -0.9 1.4 3.6
v -0.8 0.9 3.6
v -0.8 1.2 3.6
v -0.8 1.3 3.6
v -0.8 1.4 3.6
v -0.7 0.4 3.6
v -0.7 0.5 3.6
v -0.7 0.6 3.6
v -0.7 0.7 3.6
v -0.7 0.9 3.6
v -0.7 1 3.6
v -0.6 0.8 3.6
v -0.6 0.9 3.6
v -0.6 1 3.6
v -0.6 1.1 3.6
v -0.5 0.8 3.6
v -0.5 1 3.6
v -0.5 1.1 3.6
v -0.4 0.9 3.6
v -0.4 1 3.6
v -0.0999999 0.8 3.6
v -0.0999999 0.9 3.6
v -0.0999999 1 3.6
v 0.1 0.8 3.6
v 0.1 0.9 3.6
v 0.1 1 3.6
v 0.4 0.9 3.6
v 0.4 1 3.6
v 0.5 0.8 3.6
v 0.5 1 3.6
v 0.5 1.1 3.6
v 0.6 0.8 3.6
v 0.6 0.9 3.6
v 0.6 1 3.6
v 0.6 1.1 3.6
v 0.7 0.4 3.6
v 0.7 0.5 3.6
v 0.7 0.6 3.6
v 0.7 0.7 3.6
v 0.7 0.9 3.6
v 0.7 1 3.6
v 0.8 0.9 3.6
v 0.8 1.2 3.6
v 0.8 1.3 3.6
v 0.8 1.4 3.6
v 0.9 0.8 3.6
v 0.9 0.9 3.6
v 0.9 1.3 3.6
v 0.9 1.4 3.6
v 1 0.8 3.6
v 1 1.2 3.6
v 1.1 1.1 3.6
v 1.1 1.3 3.6
v 1.1 1.4 3.6
v 1.2 0.3 3.6
v 1.2 0.4 3.6
v 1.2 0.5 3.6
v 1.2 0.6 3.6
v 1.2 0.7 3.6
v 1.2 0.8 3.6
v 1.2 1.1 3.6
v 1.3 0.3 3.6
v 1.3 0.7 3.6
v 1.3 0.8 3.6
v -1.2 0.3 3.5
v -1.2 0.4 3.5
v -0.7 0.3 3.5
v -0.7 0.4 3.5
v 0.7 0.3 3.5
v 0.7 0.4 3.5
v 1.2 0.3 3.5
v 1.2 0.4 3.5
v -1.2 0.2 3.4
v -1.2 0.3 3.4
v -0.7 0.2 3.4
v -0.7 0.3 3.4
v -0.7 0.5 3.4
v -0.7 0.7 3.4
v -0.5 0.5 3.4
v -0.5 0.6 3.4
v 0.5 0.5 3.4
v 0.5 0.6 3.4
v 0.7 0.2 3.4
v 0.7 0.3 3.4
v 0.7 0.5 3.4
v 0.7 0.7 3.4
v 1.2 0.2 3.4
v 1.2 0.3 3.4
v -1.2 0.1 3.3
v -1.2 0.2 3.3
v -0.7 0.1 3.3
v -0.7 0.2 3.3
v -0.7 0.3 3.3
v -0.7 0.4 3.3
v -0.7 0.5 3.3
v -0.5 0.3 3.3
v -0.5 0.5 3.3
v -0.2 0.3 3.3
v -0.2 0.5 3.3
v -0.0999999 0.3 3.3
v -0.0999999 0.5 3.3
v 0.1 0.3 3.3
v 0.1 0.5 3.3
v 0.2 0.3 3.3
v 0.2 0.5 3.3
v 0.5 0.3 3.3
v 0.5 0.5 3.3
v 0.7 0.1 3.3
v 0.7 0.2 3.3
v 0.7 0.3 3.3
v 0.7 0.4 3.3
v 0.7 0.5 3.3
v 1.2 0.1 3.3
v 1.2 0.2 3.3
v -1.2 0 3.2
v -1.2 0.1 3.2
v -0.7 0 3.2
v -0.7 0.1 3.2
v 0.7 0 3.2
v 0.7 0.1 3.2
v 1.2 0 3.2
v 1.2 0.1 3.2
v 0.4 1.4 1.4
v 0.4 1.6 1.4
v 0.8 1.4 1.4
v 0.9 1.4 1.4
v 0.9 1.6 1.4
v -1 1.4 1.3
v -1 1.6 1.3
v -0.5 1.4 1.3
v -0.5 1.6 1.3
v 0.5 1.6 1.3
v 0.5 1.7 1.3
v 0.8 1.6 1.3
v 0.8 1.7 1.3
v -1.3 1.4 1.1
v -1.3 1.6 1.1
v -1.1 1.4 1.1
v -1 1.4 1.1
v -1 1.6 1.1
v -0.5 1.4 1.1
v -0.5 1.6 1.1
v -0.2 1.4 1.1
v -0.2 1.6 1.1
v 0.5 1.6 1
v 0.5 1.7 1
v 0.8 1.6 1
v 0.8 1.7 1
v -1.3 1.4 0.9
v -1.3 1.6 0.9
v -1.1 1.4 0.9
v -0.2 1.4 0.9
v -0.2 1.6 0.9
v 0.4 1.4 0.9
v 0.4 1.6 0.9
v 0.6 1.5 0.9
v 0.6 1.6 0.9
v 0.7 1.5 0.9
v 0.7 1.6 0.9
v 0.9 1.4 0.9
v 0.9 1.6 0.9
v -1.1 1.3 0.6
v -1.1 1.4 0.6
v -0.8 1.3 0.6
v -0.8 1.4 0.6
v -0.6 1.3 0.6
v -0.6 1.4 0.6
v -0.3 1.3 0.6
v -0.3 1.4 0.6
v 0.3 1.3 0.6
v 0.3 1.4 0.6
v 0.6 1.3 0.6
v 0.6 1.4 0.6
v 0.8 1.3 0.6
v 0.8 1.4 0.6
v 1.1 1.3 0.6
v 1.1 1.4 0.6
v -1.1 1.2 0.5
v -1.1 1.3 0.5
v -1 1.2 0.5
v -0.9 1.2 0.5
v -0.8 1.2 0.5
v -0.7 1.2 0.5
v -0.6 1.2 0.5
v -0.5 1.2 0.5
v -0.4 1.2 0.5
v -0.3 1.2 0.5
v -0.3 1.3 0.5
v 0.3 1.2 0.5
v 0.3 1.3 0.5
v 0.4 1.2 0.5
v 0.5 1.2 0.5
v 0.6 1.2 0.5
v 0.6 1.5 0.5
v 0.6 1.6 0.5
v 0.7 1.2 0.5
v 0.7 1.5 0.5
v 0.7 1.6 0.5
v 0.8 1.2 0.5
v 0.9 1.2 0.5
v 1 1.2 0.5
v 1.1 1.2 0.5
v 1.1 1.3 0.5
v -1.1 1.1 0.4
v -1.1 1.2 0.4
v -1 1.1 0.4
v -1 1.2 0.4
v -0.9 1.1 0.4
v -0.9 1.2 0.4
v -0.8 1.1 0.4
v -0.8 1.2 0.4
v -0.7 1.1 0.4
v -0.7 1.2 0.4
v -0.6 1.1 0.4
v -0.6 1.2 0.4
v -0.5 1.1 0.4
v -0.5 1.2 0.4
v -0.4 1.1 0.4
v -0.4 1.2 0.4
v -0.3 1.1 0.4
v -0.3 1.2 0.4
v 0.3 1.1 0.4
v 0.3 1.2 0.4
v 0.4 1.1 0.4
v 0.4 1.2 0.4
v 0.5 1.1 0.4
v 0.5 1.2 0.4
v 0.6 1.1 0.4
v 0.6 1.2 0.4
v 0.7 1.1 0.4
v 0.7 1.2 0.4
v 0.8 1.1 0.4
v 0.8 1.2 0.4
v 0.9 1.1 0.4
v 0.9 1.2 0.4
v 1 1.1 0.4
v 1 1.2 0.4
v 1.1 1.1 0.4
v 1.1 1.2 0.4
v -1.2 1 0.3
v -1.2 1.1 0.3
v -1.1 1 0.3
v -1.1 1.1 0.3
v -1 1 0.3
v -0.8 1 0.3
v -0.8 1.1 0.3
v -0.7 1 0.3
v -0.7 1.1 0.3
v -0.6 1 0.3
v -0.6 1.1 0.3
v -0.3 1 0.3
v -0.3 1.1 0.3
v 0.3 1 0.3
v 0.3 1.1 0.3
v 0.6 1 0.3
v 0.6 1.1 0.3
v 0.7 1 0.3
v 0.7 1.1 0.3
v 0.8 1 0.3
v 0.8 1.1 0.3
v 1 1 0.3
v 1.1 1 0.3
v 1.1 1.1 0.3
v 1.2 1 0.3
v 1.2 1.1 0.3
v -1.2 0.9 0.2
v -1.2 1 0.2
v -1 0.9 0.2
v -1 1 0.2
v -0.8 0.9 0.2
v -0.8 1 0.2
v -0.7 0.9 0.2
v -0.7 1 0.2
v -0.6 0.9 0.2
v -0.6 1 0.2
v -0.3 0.9 0.2
v -0.3 1 0.2
v 0.3 0.9 0.2
v 0.3 1 0.2
v 0.6 0.9 0.2
v 0.6 1 0.2
v 0.7 0.9 0.2
v 0.7 1 0.2
v 0.8 0.9 0.2
v 0.8 1 0.2
v 1 0.9 0.2
v 1 1 0.2
v 1.2 0.9 0.2
v 1.2 1 0.2
v -1.3 0.3 0.0999997
v -1.3 0.5 0.0999997
v -1.2 0.3 0.0999997
v -1.2 0.4 0.0999997
v -1.2 0.5 0.0999997
v -1.2 0.8 0.0999997
v -1.2 0.9 0.0999997
v -0.7 0.8 0.0999997
v -0.7 0.9 0.0999997
v -0.6 0.8 0.0999997
v -0.6 0.9 0.0999997
v -0.3 0.8 0.0999997
v -0.3 0.9 0.0999997
v 0.3 0.8 0.0999997
v 0.3 0.9 0.0999997
v 0.6 0.8 0.0999997
v 0.6 0.9 0.0999997
v 0.7 0.8 0.0999997
v 0.7 0.9 0.0999997
v 1.2 0.3 0.0999997
v 1.2 0.4 0.0999997
v 1.2 0.5 0.0999997
v 1.2 0.8 0.0999997
v 1.2 0.9 0.0999997
v 1.3 0.3 0.0999997
v 1.3 0.5 0.0999997
v -0.7 0.7 -2.38419e-007
v -0.7 0.8 -2.38419e-007
v -0.6 0.7 -2.38419e-007
v -0.6 0.8 -2.38419e-007
v -0.5 0.7 -2.38419e-007
v -0.4 0.7 -2.38419e-007
v -0.3 0.7 -2.38419e-007
v -0.3 0.8 -2.38419e-007
v 0.3 0.7 -2.38419e-007
v 0.3 0.8 -2.38419e-007
v 0.4 0.7 -2.38419e-007
v 0.5 0.7 -2.38419e-007
v 0.6 0.7 -2.38419e-007
v 0.6 0.8 -2.38419e-007
v 0.7 0.7 -2.38419e-007
v 0.7 0.8 -2.38419e-007
v -1.3 0.5 -0.1
v -1.3 0.7 -0.1
v -1.3 0.8 -0.1
v -1.2 0 -0.1
v -1.2 0.1 -0.1
v -1.2 0.5 -0.1
v -1.2 0.7 -0.1
v -1.2 0.8 -0.1
v -0.7 0 -0.1
v -0.7 0.1 -0.1
v -0.7 0.6 -0.1
v -0.7 0.7 -0.1
v -0.6 0.6 -0.1
v -0.6 0.7 -0.1
v -0.5 0.6 -0.1
v -0.5 0.7 -0.1
v -0.4 0.6 -0.1
v -0.4 0.7 -0.1
v -0.3 0.7 -0.1
v -0.3 1.3 -0.1
v -0.2 0.6 -0.1
v -0.2 0.8 -0.1
v -0.2 1.2 -0.1
v 0.2 0.6 -0.1
v 0.2 0.8 -0.1
v 0.2 1.2 -0.1
v 0.3 0.7 -0.1
v 0.3 1.3 -0.1
v 0.4 0.6 -0.1
v 0.4 0.7 -0.1
v 0.5 0.6 -0.1
v 0.5 0.7 -0.1
v 0.6 0.6 -0.1
v 0.6 0.7 -0.1
v 0.7 0 -0.1
v 0.7 0.1 -0.1
v 0.7 0.6 -0.1
v 0.7 0.7 -0.1
v 1.2 0 -0.1
v 1.2 0.1 -0.1
v 1.2 0.5 -0.1
v 1.2 0.7 -0.1
v 1.2 0.8 -0.1
v 1.3 0.5 -0.1
v 1.3 0.7 -0.1
v 1.3 0.8 -0.1
v -1.2 0.1 -0.2
v -1.2 0.2 -0.2
v -0.7 0.1 -0.2
v -0.7 0.2 -0.2
v -0.7 0.5 -0.2
v -0.7 0.6 -0.2
v -0.5 0.5 -0.2
v -0.5 0.6 -0.2
v -0.4 0.5 -0.2
v -0.4 0.6 -0.2
v -0.3 0.5 -0.2
v -0.2 0.5 -0.2
v -0.2 0.6 -0.2
v -0.2 0.8 -0.2
v -0.2 1.2 -0.2
v -0.0999999 0.9 -0.2
v -0.0999999 1.1 -0.2
v 0.1 0.9 -0.2
v 0.1 1.1 -0.2
v 0.2 0.5 -0.2
v 0.2 0.6 -0.2
v 0.2 0.8 -0.2
v 0.2 1.2 -0.2
v 0.3 0.5 -0.2
v 0.4 0.5 -0.2
v 0.4 0.6 -0.2
v 0.5 0.5 -0.2
v 0.5 0.6 -0.2
v 0.7 0.1 -0.2
v 0.7 0.2 -0.2
v 0.7 0.5 -0.2
v 0.7 0.6 -0.2
v 1.2 0.1 -0.2
v 1.2 0.2 -0.2
v -1.2 0.2 -0.3
v -1.2 0.3 -0.3
v -0.7 0.2 -0.3
v -0.7 0.3 -0.3
v -0.7 0.4 -0.3
v -0.7 0.5 -0.3
v -0.5 0.3 -0.3
v -0.5 0.4 -0.3
v -0.4 0.3 -0.3
v -0.4 0.4 -0.3
v -0.3 0.3 -0.3
v -0.3 0.5 -0.3
v 0.3 0.3 -0.3
v 0.3 0.5 -0.3
v 0.4 0.3 -0.3
v 0.4 0.4 -0.3
v 0.5 0.3 -0.3
v 0.5 0.4 -0.3
v 0.7 0.2 -0.3
v 0.7 0.3 -0.3
v 0.7 0.4 -0.3
v 0.7 0.5 -0.3
v 1.2 0.2 -0.3
v 1.2 0.3 -0.3
v -1.2 0.3 -0.4
v -1.2 0.4 -0.4
v -1.2 0.7 -0.4
v -1.2 0.8 -0.4
v -0.7 0.3 -0.4
v -0.7 0.4 -0.4
v -0.7 0.7 -0.4
v -0.7 0.8 -0.4
v 0.7 0.3 -0.4
v 0.7 0.4 -0.4
v 0.7 0.7 -0.4
v 0.7 0.8 -0.4
v 1.2 0.3 -0.4
v 1.2 0.4 -0.4
v 1.2 0.7 -0.4
v 1.2 0.8 -0.4
v -1.2 0.4 -0.5
v -1.2 0.5 -0.5
v -1.2 0.6 -0.5
v -1.2 0.7 -0.5
v -0.7 0.4 -0.5
v -0.7 0.5 -0.5
v -0.7 0.6 -0.5
v -0.7 0.7 -0.5
v 0.7 0.4 -0.5
v 0.7 0.5 -0.5
v 0.7 0.6 -0.5
v 0.7 0.7 -0.5
v 1.2 0.4 -0.5
v 1.2 0.5 -0.5
v 1.2 0.6 -0.5
v 1.2 0.7 -0.5
v -0.0999999 0.9 -3.3
v -0.0999999 1.1 -3.3
v 0.1 0.9 -3.3
v 0.1 1.1 -3.3
v -1.2 0 3.2
v -0.7 0 3.2
v 0.7 0 3.2
v 1.2 0 3.2
v -1.2 0 3.1
v -0.7 0 3.1
v 0.7 0 3.1
v 1.2 0 3.1
v -1.2 0 3
v -0.7 0 3
v 0.7 0 3
v 1.2 0 3
v -1.2 0 2.9
v -0.7 0 2.9
v 0.7 0 2.9
v 1.2 0 2.9
v -1.2 0 2.8
v -0.7 0 2.8
v 0.7 0 2.8
v 1.2 0 2.8
v -1.2 0 2.7
v -0.7 0 2.7
v 0.7 0 2.7
v 1.2 0 2.7
v -1.2 0 2.6
v -0.7 0 2.6
v 0.7 0 2.6
v 1.2 0 2.6
v -1.2 0 2.5
v -0.7 0 2.5
v 0.7 0 2.5
v 1.2 0 2.5
v -1.2 0 2.4
v -0.7 0 2.4
v 0.7 0 2.4
v 1.2 0 2.4
v -1.2 0 2.3
v -0.7 0 2.3
v 0.7 0 2.3
v 1.2 0 2.3
v -1.2 0 2.2
v -0.7 0 2.2
v 0.7 0 2.2
v 1.2 0 2.2
v -1.2 0 2.1
v -0.7 0 2.1
v 0.7 0 2.1
v 1.2 0 2.1
v -1.2 0 2
v -0.7 0 2
v 0.7 0 2
v 1.2 0 2
v -1.2 0 1.9
v -0.7 0 1.9
v 0.7 0 1.9
v 1.2 0 1.9
v -1.2 0 1.8
v -0.7 0 1.8
v 0.7 0 1.8
v 1.2 0 1.8
v -1.2 0 1.7
v -0.7 0 1.7
v 0.7 0 1.7
v 1.2 0 1.7
v -1.2 0 1.6
v -0.7 0 1.6
v 0.7 0 1.6
v 1.2 0 1.6
v -1.2 0 1.5
v -0.7 0 1.5
v 0.7 0 1.5
v 1.2 0 1.5
v -1.2 0 1.4
v -0.7 0 1.4
v 0.7 0 1.4
v 1.2 0 1.4
v -1.2 0 1.3
v -0.7 0 1.3
v 0.7 0 1.3
v 1.2 0 1.3
v -1.2 0 1.2
v -0.7 0 1.2
v 0.7 0 1.2
v 1.2 0 1.2
v -1.2 0 1.1
v -0.7 0 1.1
v 0.7 0 1.1
v 1.2 0 1.1
v -1.2 0 1
v -0.7 0 1
v 0.7 0 1
v 1.2 0 1
v -1.2 0 0.9
v -0.7 0 0.9
v 0.7 0 0.9
v 1.2 0 0.9
v -1.2 0 0.8
v -0.7 0 0.8
v 0.7 0 0.8
v 1.2 0 0.8
v -1.2 0 0.7
v -0.7 0 0.7
v 0.7 0 0.7
v 1.2 0 0.7
v -1.2 0 0.6
v -0.7 0 0.6
v 0.7 0 0.6
v 1.2 0 0.6
v -1.2 0 0.5
v -0.7 0 0.5
v 0.7 0 0.5
v 1.2 0 0.5
v -1.2 0 0.4
v -0.7 0 0.4
v 0.7 0 0.4
v 1.2 0 0.4
v -1.2 0 0.3
v -0.7 0 0.3
v 0.7 0 0.3
v 1.2 0 0.3
v -1.2 0 0.2
v -0.7 0 0.2
v 0.7 0 0.2
v 1.2 0 0.2
v -1.2 0 0.0999997
v -0.7 0 0.0999997
v 0.7 0 0.0999997
v 1.2 0 0.0999997
v -1.2 0 -2.38419e-007
v -0.7 0 -2.38419e-007
v 0.7 0 -2.38419e-007
v 1.2 0 -2.38419e-007
v -1.2 0 -0.1
v -0.7 0 -0.1
v 0.7 0 -0.1
v 1.2 0 -0.1
v -1.2 0.1 3.3
v -0.7 0.1 3.3
v 0.7 0.1 3.3
v 1.2 0.1 3.3
v -1.2 0.1 3.2
v -0.7 0.1 3.2
v 0.7 0.1 3.2
v 1.2 0.1 3.2
v -1.2 0.1 -0.1
v -0.7 0.1 -0.1
v 0.7 0.1 -0.1
v 1.2 0.1 -0.1
v -1.2 0.1 -0.2
v -0.7 0.1 -0.2
v 0.7 0.1 -0.2
v 1.2 0.1 -0.2
v -1.2 0.2 3.4
v -0.7 0.2 3.4
v 0.7 0.2 3.4
v 1.2 0.2 3.4
v -1.2 0.2 3.3
v -0.7 0.2 3.3
v 0.7 0.2 3.3
v 1.2 0.2 3.3
v -1.2 0.2 -0.2
v -0.7 0.2 -0.2
v 0.7 0.2 -0.2
v 1.2 0.2 -0.2
v -1.2 0.2 -0.3
v -0.7 0.2 -0.3
v 0.7 0.2 -0.3
v 1.2 0.2 -0.3
v -1.3 0.3 3.6
v -1.2 0.3 3.6
v 1.2 0.3 3.6
v 1.3 0.3 3.6
v -1.2 0.3 3.5
v -0.7 0.3 3.5
v 0.7 0.3 3.5
v 1.2 0.3 3.5
v -1.2 0.3 3.4
v -0.7 0.3 3.4
v 0.7 0.3 3.4
v 1.2 0.3 3.4
v -1.2 0.3 3.3
v -0.7 0.3 3.3
v -0.5 0.3 3.3
v -0.2 0.3 3.3
v -0.0999999 0.3 3.3
v 0.1 0.3 3.3
v 0.2 0.3 3.3
v 0.5 0.3 3.3
v 0.7 0.3 3.3
v 1.2 0.3 3.3
v -0.5 0.3 3.2
v -0.2 0.3 3.2
v -0.0999999 0.3 3.2
v 0.1 0.3 3.2
v 0.2 0.3 3.2
v 0.5 0.3 3.2
v -1.2 0.3 3.1
v -0.7 0.3 3.1
v 0.7 0.3 3.1
v 1.2 0.3 3.1
v -1.2 0.3 3
v -0.7 0.3 3
v 0.7 0.3 3
v 1.2 0.3 3
v -1.2 0.3 2.9
v -0.7 0.3 2.9
v 0.7 0.3 2.9
v 1.2 0.3 2.9
v -1.2 0.3 2.8
v -0.7 0.3 2.8
v 0.7 0.3 2.8
v 1.2 0.3 2.8
v -1.3 0.3 2.4
v -1.2 0.3 2.4
v -0.7 0.3 2.4
v 0.7 0.3 2.4
v 1.2 0.3 2.4
v 1.3 0.3 2.4
v -1.3 0.3 2.3
v -1.2 0.3 2.3
v -0.7 0.3 2.3
v 0.7 0.3 2.3
v 1.2 0.3 2.3
v 1.3 0.3 2.3
v -1.3 0.3 2.2
v -1.2 0.3 2.2
v -0.7 0.3 2.2
v 0.7 0.3 2.2
v 1.2 0.3 2.2
v 1.3 0.3 2.2
v -1.3 0.3 2.1
v -1.2 0.3 2.1
v -0.7 0.3 2.1
v 0.7 0.3 2.1
v 1.2 0.3 2.1
v 1.3 0.3 2.1
v -1.2 0.3 1.9
v 1.2 0.3 1.9
v -1.2 0.3 1.7
v -0.7 0.3 1.7
v 0.7 0.3 1.7
v 1.2 0.3 1.7
v -1.2 0.3 1.6
v -0.7 0.3 1.6
v 0.7 0.3 1.6
v 1.2 0.3 1.6
v -1.2 0.3 1.5
v -0.7 0.3 1.5
v 0.7 0.3 1.5
v 1.2 0.3 1.5
v -1.2 0.3 1.4
v -0.7 0.3 1.4
v 0.7 0.3 1.4
v 1.2 0.3 1.4
v -1.2 0.3 1
v -0.7 0.3 1
v 0.7 0.3 1
v 1.2 0.3 1
v -1.2 0.3 0.9
v -0.7 0.3 0.9
v 0.7 0.3 0.9
v 1.2 0.3 0.9
v -1.2 0.3 0.8
v -0.7 0.3 0.8
v 0.7 0.3 0.8
v 1.2 0.3 0.8
v -1.2 0.3 0.7
v -0.7 0.3 0.7
v 0.7 0.3 0.7
v 1.2 0.3 0.7
v -1.2 0.3 0.3
v -0.7 0.3 0.3
v 0.7 0.3 0.3
v 1.2 0.3 0.3
v -1.2 0.3 0.2
v -0.7 0.3 0.2
v 0.7 0.3 0.2
v 1.2 0.3 0.2
v -1.3 0.3 0.0999997
v -1.2 0.3 0.0999997
v -0.7 0.3 0.0999997
v 0.7 0.3 0.0999997
v 1.2 0.3 0.0999997
v 1.3 0.3 0.0999997
v -0.7 0.3 -2.38419e-007
v 0.7 0.3 -2.38419e-007
v -0.7 0.3 -0.2
v -0.5 0.3 -0.2
v -0.4 0.3 -0.2
v -0.3 0.3 -0.2
v 0.3 0.3 -0.2
v 0.4 0.3 -0.2
v 0.5 0.3 -0.2
v 0.7 0.3 -0.2
v -1.2 0.3 -0.3
v -0.7 0.3 -0.3
v -0.5 0.3 -0.3
v -0.4 0.3 -0.3
v -0.3 0.3 -0.3
v 0.3 0.3 -0.3
v 0.4 0.3 -0.3
v 0.5 0.3 -0.3
v 0.7 0.3 -0.3
v 1.2 0.3 -0.3
v -1.2 0.3 -0.4
v -0.7 0.3 -0.4
v 0.7 0.3 -0.4
v 1.2 0.3 -0.4
v -1.2 0.4 3.6
v -0.7 0.4 3.6
v 0.7 0.4 3.6
v 1.2 0.4 3.6
v -1.2 0.4 3.5
v -0.7 0.4 3.5
v 0.7 0.4 3.5
v 1.2 0.4 3.5
v -1.2 0.4 -0.4
v -0.7 0.4 -0.4
v 0.7 0.4 -0.4
v 1.2 0.4 -0.4
v -1.2 0.4 -0.5
v -0.7 0.4 -0.5
v 0.7 0.4 -0.5
v 1.2 0.4 -0.5
v -0.7 0.5 3.4
v -0.5 0.5 3.4
v 0.5 0.5 3.4
v 0.7 0.5 3.4
v -0.7 0.5 3.3
v -0.5 0.5 3.3
v -0.2 0.5 3.3
v -0.0999999 0.5 3.3
v 0.1 0.5 3.3
v 0.2 0.5 3.3
v 0.5 0.5 3.3
v 0.7 0.5 3.3
v -1.3 0.5 0.0999997
v -1.2 0.5 0.0999997
v 1.2 0.5 0.0999997
v 1.3 0.5 0.0999997
v -1.3 0.5 -0.1
v -1.2 0.5 -0.1
v 1.2 0.5 -0.1
v 1.3 0.5 -0.1
v -0.7 0.7 3.6
v 0.7 0.7 3.6
v -0.7 0.7 3.5
v 0.7 0.7 3.5
v -0.7 0.7 3.4
v 0.7 0.7 3.4
v -0.2 0.8 -0.1
v 0.2 0.8 -0.1
v -0.2 0.8 -0.2
v 0.2 0.8 -0.2
v -0.0999999 0.9 -0.2
v 0.1 0.9 -0.2
v -0.0999999 0.9 -0.3
v 0.1 0.9 -0.3
v -0.0999999 0.9 -1
v 0.1 0.9 -1
v -0.0999999 0.9 -1.1
v 0.1 0.9 -1.1
v -0.0999999 0.9 -1.5
v 0.1 0.9 -1.5
v -0.0999999 0.9 -1.7
v 0.1 0.9 -1.7
v -0.0999999 0.9 -2.1
v 0.1 0.9 -2.1
v -0.0999999 0.9 -2.4
v 0.1 0.9 -2.4
v -0.0999999 0.9 -3.3
v 0.1 0.9 -3.3
v -1.3 1.4 1.1
v -1.1 1.4 1.1
v -1.3 1.4 0.9
v -1.1 1.4 0.9
v 0.6 1.5 0.9
v 0.7 1.5 0.9
v 0.6 1.5 0.5
v 0.7 1.5 0.5
v -0.7 0.5 -0.2
v -0.5 0.5 -0.2
v -0.4 0.5 -0.2
v -0.3 0.5 -0.2
v -0.2 0.5 -0.2
v 0.2 0.5 -0.2
v 0.3 0.5 -0.2
v 0.4 0.5 -0.2
v 0.5 0.5 -0.2
v 0.7 0.5 -0.2
v -0.7 0.5 -0.3
v -0.3 0.5 -0.3
v 0.3 0.5 -0.3
v 0.7 0.5 -0.3
v -0.7 0.6 -0.1
v -0.6 0.6 -0.1
v -0.5 0.6 -0.1
v -0.4 0.6 -0.1
v -0.2 0.6 -0.1
v 0.2 0.6 -0.1
v 0.4 0.6 -0.1
v 0.5 0.6 -0.1
v 0.6 0.6 -0.1
v 0.7 0.6 -0.1
v -0.7 0.6 -0.2
v -0.5 0.6 -0.2
v -0.4 0.6 -0.2
v -0.2 0.6 -0.2
v 0.2 0.6 -0.2
v 0.4 0.6 -0.2
v 0.5 0.6 -0.2
v 0.7 0.6 -0.2
v -0.7 0.7 -2.38419e-007
v -0.6 0.7 -2.38419e-007
v -0.5 0.7 -2.38419e-007
v -0.4 0.7 -2.38419e-007
v -0.3 0.7 -2.38419e-007
v 0.3 0.7 -2.38419e-007
v 0.4 0.7 -2.38419e-007
v 0.5 0.7 -2.38419e-007
v 0.6 0.7 -2.38419e-007
v 0.7 0.7 -2.38419e-007
v -0.7 0.7 -0.1
v -0.6 0.7 -0.1
v -0.5 0.7 -0.1
v -0.4 0.7 -0.1
v -0.3 0.7 -0.1
v 0.3 0.7 -0.1
v 0.4 0.7 -0.1
v 0.5 0.7 -0.1
v 0.6 0.7 -0.1
v 0.7 0.7 -0.1
v -1.2 0.7 -0.4
v -0.7 0.7 -0.4
v 0.7 0.7 -0.4
v 1.2 0.7 -0.4
v -1.2 0.7 -0.5
v -0.7 0.7 -0.5
v 0.7 0.7 -0.5
v 1.2 0.7 -0.5
v -1.3 0.8 3.6
v -1.2 0.8 3.6
v 1.2 0.8 3.6
v 1.3 0.8 3.6
v -1.3 0.8 3
v -1.2 0.8 3
v 1.2 0.8 3
v 1.3 0.8 3
v -1.3 0.8 2.9
v -1.2 0.8 2.9
v 1.2 0.8 2.9
v 1.3 0.8 2.9
v -1.3 0.8 2.8
v -1.2 0.8 2.8
v 1.2 0.8 2.8
v 1.3 0.8 2.8
v -1.2 0.8 2.7
v 1.2 0.8 2.7
v -1.3 0.8 2.6
v -1.2 0.8 2.6
v 1.2 0.8 2.6
v 1.3 0.8 2.6
v -1.2 0.8 2.5
v 1.2 0.8 2.5
v -1.2 0.8 2.3
v 1.2 0.8 2.3
v -1.3 0.8 1.1
v -1.2 0.8 1.1
v 1.2 0.8 1.1
v 1.3 0.8 1.1
v -1.3 0.8 1
v -1.2 0.8 1
v 1.2 0.8 1
v 1.3 0.8 1
v -1.3 0.8 0.9
v -1.2 0.8 0.9
v 1.2 0.8 0.9
v 1.3 0.8 0.9
v -1.3 0.8 0.7
v -1.2 0.8 0.7
v 1.2 0.8 0.7
v 1.3 0.8 0.7
v -1.3 0.8 0.5
v -1.2 0.8 0.5
v 1.2 0.8 0.5
v 1.3 0.8 0.5
v -1.2 0.8 0.0999997
v -0.7 0.8 0.0999997
v -0.6 0.8 0.0999997
v -0.3 0.8 0.0999997
v 0.3 0.8 0.0999997
v 0.6 0.8 0.0999997
v 0.7 0.8 0.0999997
v 1.2 0.8 0.0999997
v -1.2 0.8 -2.38419e-007
v -0.7 0.8 -2.38419e-007
v -0.6 0.8 -2.38419e-007
v -0.3 0.8 -2.38419e-007
v 0.3 0.8 -2.38419e-007
v 0.6 0.8 -2.38419e-007
v 0.7 0.8 -2.38419e-007
v 1.2 0.8 -2.38419e-007
v -1.3 0.8 -0.1
v -1.2 0.8 -0.1
v -0.7 0.8 -0.1
v 0.7 0.8 -0.1
v 1.2 0.8 -0.1
v 1.3 0.8 -0.1
v -1.2 0.8 -0.2
v -0.7 0.8 -0.2
v 0.7 0.8 -0.2
v 1.2 0.8 -0.2
v -1.2 0.8 -0.3
v -0.7 0.8 -0.3
v 0.7 0.8 -0.3
v 1.2 0.8 -0.3
v -1.2 0.8 -0.4
v -0.7 0.8 -0.4
v 0.7 0.8 -0.4
v 1.2 0.8 -0.4
v -1.2 0.9 0.2
v -1 0.9 0.2
v -0.8 0.9 0.2
v -0.7 0.9 0.2
v -0.6 0.9 0.2
v -0.3 0.9 0.2
v 0.3 0.9 0.2
v 0.6 0.9 0.2
v 0.7 0.9 0.2
v 0.8 0.9 0.2
v 1 0.9 0.2
v 1.2 0.9 0.2
v -1.2 0.9 0.0999997
v -0.7 0.9 0.0999997
v -0.6 0.9 0.0999997
v -0.3 0.9 0.0999997
v 0.3 0.9 0.0999997
v 0.6 0.9 0.0999997
v 0.7 0.9 0.0999997
v 1.2 0.9 0.0999997
v -1.2 1 0.3
v -1.1 1 0.3
v -1 1 0.3
v -0.8 1 0.3
v -0.7 1 0.3
v -0.6 1 0.3
v -0.3 1 0.3
v 0.3 1 0.3
v 0.6 1 0.3
v 0.7 1 0.3
v 0.8 1 0.3
v 1 1 0.3
v 1.1 1 0.3
v 1.2 1 0.3
v -1.2 1 0.2
v -1 1 0.2
v -0.8 1 0.2
v -0.7 1 0.2
v -0.6 1 0.2
v -0.3 1 0.2
v 0.3 1 0.2
v 0.6 1 0.2
v 0.7 1 0.2
v 0.8 1 0.2
v 1 1 0.2
v 1.2 1 0.2
v -1.2 1.1 3.6
v -1.1 1.1 3.6
v 1.1 1.1 3.6
v 1.2 1.1 3.6
v -1.2 1.1 3.5
v -1.1 1.1 3.5
v 1.1 1.1 3.5
v 1.2 1.1 3.5
v -1.2 1.1 3.4
v -1.1 1.1 3.4
v 1.1 1.1 3.4
v 1.2 1.1 3.4
v -1.2 1.1 3.2
v -1.1 1.1 3.2
v 1.1 1.1 3.2
v 1.2 1.1 3.2
v -1.2 1.1 3
v -1.1 1.1 3
v 1.1 1.1 3
v 1.2 1.1 3
v -1.2 1.1 2
v -1.1 1.1 2
v 1.1 1.1 2
v 1.2 1.1 2
v -1.2 1.1 1.4
v -1.1 1.1 1.4
v 1.1 1.1 1.4
v 1.2 1.1 1.4
v -1.2 1.1 1.1
v -1.1 1.1 1.1
v 1.1 1.1 1.1
v 1.2 1.1 1.1
v -1.2 1.1 1
v -1.1 1.1 1
v 1.1 1.1 1
v 1.2 1.1 1
v -1.2 1.1 0.6
v -1.1 1.1 0.6
v 1.1 1.1 0.6
v 1.2 1.1 0.6
v -1.2 1.1 0.5
v -1.1 1.1 0.5
v 1.1 1.1 0.5
v 1.2 1.1 0.5
v -1.1 1.1 0.4
v -1 1.1 0.4
v -0.9 1.1 0.4
v -0.8 1.1 0.4
v -0.7 1.1 0.4
v -0.6 1.1 0.4
v -0.5 1.1 0.4
v -0.4 1.1 0.4
v -0.3 1.1 0.4
v 0.3 1.1 0.4
v 0.4 1.1 0.4
v 0.5 1.1 0.4
v 0.6 1.1 0.4
v 0.7 1.1 0.4
v 0.8 1.1 0.4
v 0.9 1.1 0.4
v 1 1.1 0.4
v 1.1 1.1 0.4
v -1.2 1.1 0.3
v -1.1 1.1 0.3
v -0.8 1.1 0.3
v -0.7 1.1 0.3
v -0.6 1.1 0.3
v -0.3 1.1 0.3
v 0.3 1.1 0.3
v 0.6 1.1 0.3
v 0.7 1.1 0.3
v 0.8 1.1 0.3
v 1.1 1.1 0.3
v 1.2 1.1 0.3
v -0.0999999 1.1 -0.2
v 0.1 1.1 -0.2
v -0.0999999 1.1 -0.3
v 0.1 1.1 -0.3
v -0.0999999 1.1 -1.6
v 0.1 1.1 -1.6
v -0.0999999 1.1 -1.7
v 0.1 1.1 -1.7
v -0.0999999 1.1 -2.1
v 0.1 1.1 -2.1
v -0.0999999 1.1 -2.5
v 0.1 1.1 -2.5
v -0.0999999 1.1 -2.7
v 0.1 1.1 -2.7
v -0.0999999 1.1 -2.8
v 0.1 1.1 -2.8
v -0.0999999 1.1 -3.3
v 0.1 1.1 -3.3
v -1.1 1.2 0.5
v -1 1.2 0.5
v -0.9 1.2 0.5
v -0.8 1.2 0.5
v -0.7 1.2 0.5
v -0.6 1.2 0.5
v -0.5 1.2 0.5
v -0.4 1.2 0.5
v -0.3 1.2 0.5
v 0.3 1.2 0.5
v 0.4 1.2 0.5
v 0.5 1.2 0.5
v 0.6 1.2 0.5
v 0.7 1.2 0.5
v 0.8 1.2 0.5
v 0.9 1.2 0.5
v 1 1.2 0.5
v 1.1 1.2 0.5
v -1.1 1.2 0.4
v -1 1.2 0.4
v -0.9 1.2 0.4
v -0.8 1.2 0.4
v -0.7 1.2 0.4
v -0.6 1.2 0.4
v -0.5 1.2 0.4
v -0.4 1.2 0.4
v -0.3 1.2 0.4
v 0.3 1.2 0.4
v 0.4 1.2 0.4
v 0.5 1.2 0.4
v 0.6 1.2 0.4
v 0.7 1.2 0.4
v 0.8 1.2 0.4
v 0.9 1.2 0.4
v 1 1.2 0.4
v 1.1 1.2 0.4
v -0.2 1.2 -0.1
v 0.2 1.2 -0.1
v -0.2 1.2 -0.2
v 0.2 1.2 -0.2
v -1.1 1.3 0.6
v -0.8 1.3 0.6
v -0.6 1.3 0.6
v -0.3 1.3 0.6
v 0.3 1.3 0.6
v 0.6 1.3 0.6
v 0.8 1.3 0.6
v 1.1 1.3 0.6
v -1.1 1.3 0.5
v -0.3 1.3 0.5
v 0.3 1.3 0.5
v 1.1 1.3 0.5
v -0.3 1.3 -0.1
v 0.3 1.3 -0.1
v -1.1 1.4 3.6
v -0.9 1.4 3.6
v -0.8 1.4 3.6
v 0.8 1.4 3.6
v 0.9 1.4 3.6
v 1.1 1.4 3.6
v -0.8 1.4 3.5
v -0.6 1.4 3.5
v -0.0999999 1.4 3.5
v 0.1 1.4 3.5
v 0.6 1.4 3.5
v 0.8 1.4 3.5
v -1 1.4 3.4
v -0.9 1.4 3.4
v -0.8 1.4 3.4
v -0.6 1.4 3.4
v -0.5 1.4 3.4
v -0.0999999 1.4 3.4
v 0.1 1.4 3.4
v 0.5 1.4 3.4
v 0.6 1.4 3.4
v 0.8 1.4 3.4
v 0.9 1.4 3.4
v 1 1.4 3.4
v -1 1.4 3.3
v -0.9 1.4 3.3
v -0.8 1.4 3.3
v -0.7 1.4 3.3
v -0.5 1.4 3.3
v -0.4 1.4 3.3
v -0.3 1.4 3.3
v -0.2 1.4 3.3
v 0.2 1.4 3.3
v 0.3 1.4 3.3
v 0.4 1.4 3.3
v 0.5 1.4 3.3
v 0.7 1.4 3.3
v 0.8 1.4 3.3
v 0.9 1.4 3.3
v 1 1.4 3.3
v -1.1 1.4 3.2
v -1 1.4 3.2
v -0.9 1.4 3.2
v -0.3 1.4 3.2
v -0.2 1.4 3.2
v 0.2 1.4 3.2
v 0.3 1.4 3.2
v 0.9 1.4 3.2
v 1 1.4 3.2
v 1.1 1.4 3.2
v -1 1.4 3.1
v -0.9 1.4 3.1
v -0.7 1.4 3.1
v -0.6 1.4 3.1
v -0.3 1.4 3.1
v -0.2 1.4 3.1
v 0.2 1.4 3.1
v 0.3 1.4 3.1
v 0.6 1.4 3.1
v 0.7 1.4 3.1
v 0.9 1.4 3.1
v 1 1.4 3.1
v -1.1 1.4 3
v -1 1.4 3
v -0.9 1.4 3
v -0.3 1.4 3
v -0.2 1.4 3
v -0.0999999 1.4 3
v 0.1 1.4 3
v 0.2 1.4 3
v 0.3 1.4 3
v 0.9 1.4 3
v 1 1.4 3
v 1.1 1.4 3
v -1.1 1.4 2.9
v -1 1.4 2.9
v -0.9 1.4 2.9
v -0.2 1.4 2.9
v -0.0999999 1.4 2.9
v 0.1 1.4 2.9
v 0.2 1.4 2.9
v 0.9 1.4 2.9
v 1 1.4 2.9
v 1.1 1.4 2.9
v -0.2 1.4 2.8
v -0.0999999 1.4 2.8
v 0.1 1.4 2.8
v 0.2 1.4 2.8
v -1.1 1.4 2.7
v -1 1.4 2.7
v -0.8 1.4 2.7
v -0.4 1.4 2.7
v -0.2 1.4 2.7
v -0.0999999 1.4 2.7
v 0.1 1.4 2.7
v 0.2 1.4 2.7
v 0.4 1.4 2.7
v 0.8 1.4 2.7
v 1 1.4 2.7
v 1.1 1.4 2.7
v -0.8 1.4 2.6
v -0.6 1.4 2.6
v 0.6 1.4 2.6
v 0.8 1.4 2.6
v -1.1 1.4 2.4
v -1 1.4 2.4
v -0.8 1.4 2.4
v -0.6 1.4 2.4
v -0.5 1.4 2.4
v 0.5 1.4 2.4
v 0.6 1.4 2.4
v 0.8 1.4 2.4
v 1 1.4 2.4
v 1.1 1.4 2.4
v -0.8 1.4 2.3
v -0.6 1.4 2.3
v -0.4 1.4 2.3
v -0.0999999 1.4 2.3
v 0.1 1.4 2.3
v 0.4 1.4 2.3
v 0.6 1.4 2.3
v 0.8 1.4 2.3
v -0.7 1.4 2.2
v -0.6 1.4 2.2
v -0.5 1.4 2.2
v 0.5 1.4 2.2
v 0.6 1.4 2.2
v 0.7 1.4 2.2
v -1.1 1.4 2.1
v -1 1.4 2.1
v -0.8 1.4 2.1
v -0.4 1.4 2.1
v -0.0999999 1.4 2.1
v 0.1 1.4 2.1
v 0.4 1.4 2.1
v 0.8 1.4 2.1
v 1 1.4 2.1
v 1.1 1.4 2.1
v -1 1.4 2
v -0.9 1.4 2
v -0.8 1.4 2
v -0.7 1.4 2
v -0.6 1.4 2
v -0.4 1.4 2
v -0.3 1.4 2
v 0.3 1.4 2
v 0.4 1.4 2
v 0.6 1.4 2
v 0.7 1.4 2
v 0.8 1.4 2
v 0.9 1.4 2
v 1 1.4 2
v -0.9 1.4 1.9
v -0.8 1.4 1.9
v -0.7 1.4 1.9
v -0.6 1.4 1.9
v -0.4 1.4 1.9
v -0.3 1.4 1.9
v 0.3 1.4 1.9
v 0.4 1.4 1.9
v 0.6 1.4 1.9
v 0.7 1.4 1.9
v 0.8 1.4 1.9
v 0.9 1.4 1.9
v -1 1.4 1.8
v -0.9 1.4 1.8
v -0.8 1.4 1.8
v -0.7 1.4 1.8
v -0.6 1.4 1.8
v 0.6 1.4 1.8
v 0.7 1.4 1.8
v 0.8 1.4 1.8
v 0.9 1.4 1.8
v 1 1.4 1.8
v -0.9 1.4 1.7
v -0.8 1.4 1.7
v -0.0999999 1.4 1.7
v 0.1 1.4 1.7
v 0.8 1.4 1.7
v 0.9 1.4 1.7
v -0.8 1.4 1.6
v -0.7 1.4 1.6
v -0.6 1.4 1.6
v 0.6 1.4 1.6
v 0.7 1.4 1.6
v 0.8 1.4 1.6
v -1 1.4 1.5
v -0.8 1.4 1.5
v -0.7 1.4 1.5
v -0.6 1.4 1.5
v -0.3 1.4 1.5
v -0.0999999 1.4 1.5
v 0.1 1.4 1.5
v 0.3 1.4 1.5
v 0.6 1.4 1.5
v 0.7 1.4 1.5
v 0.8 1.4 1.5
v 1 1.4 1.5
v -1 1.4 1.4
v -0.8 1.4 1.4
v 0.4 1.4 1.4
v 0.8 1.4 1.4
v 0.9 1.4 1.4
v 1 1.4 1.4
v -1 1.4 1.3
v -0.5 1.4 1.3
v -0.3 1.4 1.3
v -0.0999999 1.4 1.3
v 0.1 1.4 1.3
v 0.3 1.4 1.3
v -1.1 1.4 1.1
v -1 1.4 1.1
v -0.5 1.4 1.1
v -0.2 1.4 1.1
v -0.0999999 1.4 1
v 0.1 1.4 1
v -1.1 1.4 0.9
v -0.2 1.4 0.9
v 0.4 1.4 0.9
v 0.9 1.4 0.9
v -0.6 1.4 0.8
v -0.5 1.4 0.8
v -0.3 1.4 0.8
v -0.0999999 1.4 0.8
v 0.1 1.4 0.8
v 0.3 1.4 0.8
v 0.5 1.4 0.8
v 0.6 1.4 0.8
v -0.8 1.4 0.7
v -0.6 1.4 0.7
v -0.5 1.4 0.7
v 0.5 1.4 0.7
v 0.6 1.4 0.7
v 0.8 1.4 0.7
v -1.1 1.4 0.6
v -0.8 1.4 0.6
v -0.6 1.4 0.6
v -0.3 1.4 0.6
v 0.3 1.4 0.6
v 0.6 1.4 0.6
v 0.8 1.4 0.6
v 1.1 1.4 0.6
v 0.4 1.6 1.4
v 0.9 1.6 1.4
v -1 1.6 1.3
v -0.5 1.6 1.3
v 0.5 1.6 1.3
v 0.8 1.6 1.3
v -1.3 1.6 1.1
v -1 1.6 1.1
v -0.5 1.6 1.1
v -0.2 1.6 1.1
v 0.5 1.6 1
v 0.8 1.6 1
v -1.3 1.6 0.9
v -0.2 1.6 0.9
v 0.4 1.6 0.9
v 0.6 1.6 0.9
v 0.7 1.6 0.9
v 0.9 1.6 0.9
v 0.6 1.6 0.5
v 0.7 1.6 0.5
v 0.5 1.7 1.3
v 0.8 1.7 1.3
v 0.5 1.7 1
v 0.8 1.7 1

# faces
f 7/2/1 2/2/1 1/2/1
f 8/2/1 2/2/1 7/2/1
f 9/3/1 3/3/1 2/3/1
f 9/2/1 2/2/1 8/2/1
f 10/2/1 4/2/1 3/2/1
f 10/3/1 3/3/1 9/3/1
f 11/3/1 5/3/1 4/3/1
f 11/2/1 4/2/1 10/2/1
f 12/2/1 6/2/1 5/2/1
f 12/3/1 5/3/1 11/3/1
f 13/2/1 6/2/1 12/2/1
f 14/2/1 6/2/1 13/2/1
f 15/2/1 6/2/1 14/2/1
f 16/2/1 6/2/1 15/2/1
f 17/2/1 6/2/1 16/2/1
f 18/2/1 6/2/1 17/2/1
f 19/2/1 6/2/1 18/2/1
f 20/2/1 6/2/1 19/2/1
f 21/3/1 8/3/1 7/3/1
f 22/2/1 11/2/1 10/2/1
f 22/3/1 8/3/1 21/3/1
f 22/2/1 9/2/1 8/2/1
f 22/2/1 10/2/1 9/2/1
f 22/2/1 12/2/1 11/2/1
f 22/2/1 13/2/1 12/2/1
f 23/2/1 13/2/1 22/2/1
f 24/3/1 14/3/1 13/3/1
f 24/2/1 13/2/1 23/2/1
f 25/2/1 15/2/1 14/2/1
f 25/3/1 14/3/1 24/3/1
f 26/2/1 15/2/1 25/2/1
f 27/2/1 15/2/1 26/2/1
f 28/3/1 16/3/1 15/3/1
f 28/2/1 15/2/1 27/2/1
f 29/2/1 17/2/1 16/2/1
f 29/3/1 16/3/1 28/3/1
f 30/3/1 18/3/1 17/3/1
f 30/2/1 17/2/1 29/2/1
f 31/2/1 19/2/1 18/2/1
f 31/3/1 18/3/1 30/3/1
f 32/3/1 20/3/1 19/3/1
f 32/2/1 19/2/1 31/2/1
f 33/2/1 6/2/1 20/2/1
f 33/3/1 20/3/1 32/3/1
f 34/2/1 6/2/1 33/2/1
f 35/2/1 6/2/1 34/2/1
f 37/3/1 21/3/1 7/3/1
f 37/2/1 7/2/1 1/2/1
f 38/2/1 23/2/1 22/2/1
f 38/3/1 21/3/1 37/3/1
f 38/2/1 22/2/1 21/2/1
f 39/2/1 23/2/1 38/2/1
f 40/2/1 23/2/1 39/2/1
f 41/2/1 23/2/1 40/2/1
f 42/2/1 23/2/1 41/2/1
f 43/2/1 23/2/1 42/2/1
f 44/3/1 27/3/1 26/3/1
f 44/2/1 25/2/1 24/2/1
f 44/2/1 26/2/1 25/2/1
f 45/2/1 32/2/1 31/2/1
f 45/3/1 27/3/1 44/3/1
f 45/2/1 31/2/1 30/2/1
f 45/2/1 30/2/1 29/2/1
f 45/2/1 29/2/1 28/2/1
f 45/2/1 28/2/1 27/2/1
f 45/2/1 34/2/1 33/2/1
f 45/2/1 33/2/1 32/2/1
f 46/2/1 34/2/1 45/2/1
f 47/2/1 34/2/1 46/2/1
f 48/2/1 34/2/1 47/2/1
f 49/3/1 35/3/1 34/3/1
f 49/2/1 34/2/1 48/2/1
f 50/2/1 36/2/1 35/2/1
f 50/3/1 35/3/1 49/3/1
f 51/2/1 38/2/1 37/2/1
f 51/2/1 37/2/1 1/2/1
f 52/3/1 39/3/1 38/3/1
f 52/2/1 38/2/1 51/2/1
f 53/2/1 40/2/1 39/2/1
f 53/3/1 39/3/1 52/3/1
f 54/3/1 41/3/1 40/3/1
f 54/2/1 40/2/1 53/2/1
f 55/2/1 42/2/1 41/2/1
f 55/3/1 41/3/1 54/3/1
f 56/2/1 42/2/1 55/2/1
f 57/3/1 43/3/1 42/3/1
f 57/2/1 42/2/1 56/2/1
f 58/2/1 23/2/1 43/2/1
f 58/3/1 43/3/1 57/3/1
f 59/3/1 24/3/1 23/3/1
f 59/2/1 23/2/1 58/2/1
f 60/2/1 44/2/1 24/2/1
f 60/3/1 24/3/1 59/3/1
f 60/2/1 45/2/1 44/2/1
f 61/3/1 46/3/1 45/3/1
f 61/2/1 45/2/1 60/2/1
f 62/2/1 47/2/1 46/2/1
f 63/3/1 48/3/1 47/3/1
f 63/2/1 47/2/1 62/2/1
f 64/2/1 49/2/1 48/2/1
f 64/3/1 48/3/1 63/3/1
f 64/2/1 50/2/1 49/2/1
f 65/2/1 36/2/1 50/2/1
f 65/2/1 50/2/1 64/2/1
f 66/5/1 52/5/1 51/5/1
f 67/2/1 53/2/1 52/2/1
f 67/5/1 52/5/1 66/5/1
f 68/3/1 54/3/1 53/3/1
f 68/2/1 53/2/1 67/2/1
f 69/2/1 56/2/1 55/2/1
f 69/3/1 54/3/1 68/3/1
f 69/2/1 55/2/1 54/2/1
f 70/5/1 59/5/1 58/5/1
f 70/2/1 56/2/1 69/2/1
f 70/5/1 61/5/1 60/5/1
f 70/5/1 58/5/1 57/5/1
f 70/5/1 60/5/1 59/5/1
f 70/5/1 57/5/1 56/5/1
f 71/3/1 46/3/1 61/3/1
f 71/5/1 61/5/1 70/5/1
f 72/2/1 62/2/1 46/2/1
f 72/3/1 46/3/1 71/3/1
f 73/5/1 63/5/1 62/5/1
f 73/2/1 62/2/1 72/2/1
f 74/3/1 64/3/1 63/3/1
f 74/5/1 63/5/1 73/5/1
f 75/5/1 65/5/1 64/5/1
f 75/3/1 64/3/1 74/3/1
f 76/5/1 65/5/1 75/5/1
f 79/3/1 78/3/1 77/3/1
f 80/3/1 78/3/1 79/3/1
f 116/2/1 82/2/1 81/2/1
f 117/3/1 83/3/1 82/3/1
f 117/2/1 82/2/1 116/2/1
f 118/2/1 84/2/1 83/2/1
f 118/3/1 83/3/1 117/3/1
f 119/3/1 85/3/1 84/3/1
f 119/2/1 84/2/1 118/2/1
f 120/2/1 86/2/1 85/2/1
f 120/3/1 85/3/1 119/3/1
f 121/3/1 87/3/1 86/3/1
f 121/2/1 86/2/1 120/2/1
f 122/2/1 88/2/1 87/2/1
f 122/3/1 87/3/1 121/3/1
f 123/3/1 89/3/1 88/3/1
f 123/2/1 88/2/1 122/2/1
f 124/2/1 90/2/1 89/2/1
f 124/3/1 89/3/1 123/3/1
f 125/3/1 91/3/1 90/3/1
f 125/2/1 90/2/1 124/2/1
f 126/2/1 92/2/1 91/2/1
f 126/3/1 91/3/1 125/3/1
f 127/3/1 93/3/1 92/3/1
f 127/2/1 92/2/1 126/2/1
f 128/2/1 94/2/1 93/2/1
f 128/3/1 93/3/1 127/3/1
f 129/3/1 95/3/1 94/3/1
f 129/2/1 94/2/1 128/2/1
f 130/2/1 96/2/1 95/2/1
f 130/3/1 95/3/1 129/3/1
f 131/3/1 97/3/1 96/3/1
f 131/2/1 96/2/1 130/2/1
f 132/2/1 98/2/1 97/2/1
f 132/3/1 97/3/1 131/3/1
f 133/3/1 99/3/1 98/3/1
f 133/2/1 98/2/1 132/2/1
f 134/2/1 100/2/1 99/2/1
f 134/3/1 99/3/1 133/3/1
f 135/3/1 101/3/1 100/3/1
f 135/2/1 100/2/1 134/2/1
f 136/2/1 102/2/1 101/2/1
f 136/3/1 101/3/1 135/3/1
f 137/3/1 103/3/1 102/3/1
f 137/2/1 102/2/1 136/2/1
f 138/2/1 104/2/1 103/2/1
f 138/3/1 103/3/1 137/3/1
f 139/3/1 105/3/1 104/3/1
f 139/2/1 104/2/1 138/2/1
f 140/2/1 106/2/1 105/2/1
f 140/3/1 105/3/1 139/3/1
f 141/3/1 107/3/1 106/3/1
f 141/2/1 106/2/1 140/2/1
f 142/2/1 108/2/1 107/2/1
f 142/3/1 107/3/1 141/3/1
f 143/3/1 109/3/1 108/3/1
f 143/2/1 108/2/1 142/2/1
f 144/2/1 110/2/1 109/2/1
f 144/3/1 109/3/1 143/3/1
f 145/3/1 111/3/1 110/3/1
f 145/2/1 110/2/1 144/2/1
f 146/2/1 112/2/1 111/2/1
f 146/3/1 111/3/1 145/3/1
f 147/3/1 113/3/1 112/3/1
f 147/2/1 112/2/1 146/2/1
f 148/2/1 114/2/1 113/2/1
f 148/3/1 113/3/1 147/3/1
f 149/2/1 114/2/1 148/2/1
f 152/3/1 116/3/1 115/3/1
f 153/4/1 117/4/1 116/4/1
f 153/3/1 116/3/1 152/3/1
f 154/1/1 118/1/1 117/1/1
f 154/1/1 119/1/1 118/1/1
f 154/1/1 120/1/1 119/1/1
f 155/1/1 120/1/1 154/1/1
f 156/1/1 125/1/1 124/1/1
f 156/1/1 126/1/1 125/1/1
f 156/1/1 127/1/1 126/1/1
f 157/1/1 127/1/1 156/1/1
f 158/1/1 132/1/1 131/1/1
f 158/1/1 133/1/1 132/1/1
f 158/1/1 134/1/1 133/1/1
f 159/1/1 134/1/1 158/1/1
f 160/1/1 139/1/1 138/1/1
f 160/1/1 140/1/1 139/1/1
f 160/1/1 141/1/1 140/1/1
f 161/1/1 141/1/1 160/1/1
f 162/1/1 147/1/1 146/1/1
f 162/1/1 146/1/1 145/1/1
f 162/1/1 148/1/1 147/1/1
f 163/1/1 148/1/1 162/1/1
f 164/3/1 150/3/1 149/3/1
f 164/4/1 149/4/1 148/4/1
f 165/3/1 150/3/1 164/3/1
f 167/2/1 152/2/1 151/2/1
f 168/4/1 153/4/1 152/4/1
f 168/2/1 152/2/1 167/2/1
f 169/4/1 117/4/1 153/4/1
f 169/4/1 153/4/1 168/4/1
f 169/1/1 154/1/1 117/1/1
f 170/3/1 155/3/1 154/3/1
f 170/1/1 154/1/1 169/1/1
f 171/1/1 120/1/1 155/1/1
f 171/3/1 155/3/1 170/3/1
f 172/4/1 121/4/1 120/4/1
f 172/1/1 120/1/1 171/1/1
f 172/4/1 122/4/1 121/4/1
f 172/4/1 123/4/1 122/4/1
f 172/4/1 124/4/1 123/4/1
f 173/1/1 156/1/1 124/1/1
f 173/4/1 124/4/1 172/4/1
f 174/3/1 157/3/1 156/3/1
f 174/1/1 156/1/1 173/1/1
f 175/1/1 127/1/1 157/1/1
f 175/3/1 157/3/1 174/3/1
f 176/4/1 128/4/1 127/4/1
f 176/1/1 127/1/1 175/1/1
f 176/4/1 129/4/1 128/4/1
f 177/3/1 130/3/1 129/3/1
f 177/4/1 129/4/1 176/4/1
f 177/3/1 131/3/1 130/3/1
f 178/1/1 158/1/1 131/1/1
f 178/3/1 131/3/1 177/3/1
f 179/3/1 159/3/1 158/3/1
f 179/1/1 158/1/1 178/1/1
f 180/1/1 134/1/1 159/1/1
f 180/3/1 159/3/1 179/3/1
f 181/4/1 135/4/1 134/4/1
f 181/1/1 134/1/1 180/1/1
f 181/4/1 136/4/1 135/4/1
f 181/4/1 137/4/1 136/4/1
f 181/4/1 138/4/1 137/4/1
f 182/1/1 160/1/1 138/1/1
f 182/4/1 138/4/1 181/4/1
f 183/3/1 161/3/1 160/3/1
f 183/1/1 160/1/1 182/1/1
f 184/1/1 141/1/1 161/1/1
f 184/3/1 161/3/1 183/3/1
f 185/4/1 145/4/1 144/4/1
f 185/1/1 141/1/1 184/1/1
f 185/4/1 144/4/1 143/4/1
f 185/4/1 143/4/1 142/4/1
f 185/4/1 142/4/1 141/4/1
f 186/1/1 162/1/1 145/1/1
f 186/4/1 145/4/1 185/4/1
f 187/3/1 163/3/1 162/3/1
f 187/1/1 162/1/1 186/1/1
f 188/1/1 148/1/1 163/1/1
f 188/3/1 163/3/1 187/3/1
f 189/2/1 166/2/1 165/2/1
f 189/4/1 165/4/1 164/4/1
f 190/2/1 166/2/1 189/2/1
f 192/1/1 148/1/1 188/1/1
f 193/4/1 190/4/1 189/4/1
f 193/1/1 148/1/1 192/1/1
f 193/4/1 189/4/1 164/4/1
f 193/4/1 164/4/1 148/4/1
f 194/4/1 190/4/1 193/4/1
f 195/3/1 191/3/1 190/3/1
f 195/4/1 190/4/1 194/4/1
f 196/3/1 191/3/1 195/3/1
f 198/4/1 194/4/1 193/4/1
f 198/4/1 193/4/1 192/4/1
f 199/1/1 196/1/1 195/1/1
f 199/4/1 194/4/1 198/4/1
f 199/1/1 195/1/1 194/1/1
f 200/1/1 196/1/1 199/1/1
f 201/1/1 196/1/1 200/1/1
f 202/2/1 197/2/1 196/2/1
f 202/1/1 196/1/1 201/1/1
f 203/2/1 197/2/1 202/2/1
f 204/3/1 201/3/1 200/3/1
f 204/1/1 200/1/1 199/1/1
f 205/1/1 202/1/1 201/1/1
f 205/3/1 201/3/1 204/3/1
f 206/3/1 203/3/1 202/3/1
f 206/1/1 202/1/1 205/1/1
f 207/3/1 203/3/1 206/3/1
f 208/1/1 205/1/1 204/1/1
f 208/1/1 204/1/1 199/1/1
f 208/1/1 206/1/1 205/1/1
f 209/1/1 206/1/1 208/1/1
f 210/1/1 206/1/1 209/1/1
f 211/2/1 207/2/1 206/2/1
f 211/1/1 206/1/1 210/1/1
f 212/2/1 207/2/1 211/2/1
f 227/3/1 209/3/1 208/3/1
f 228/2/1 210/2/1 209/2/1
f 228/3/1 209/3/1 227/3/1
f 229/3/1 211/3/1 210/3/1
f 229/2/1 210/2/1 228/2/1
f 230/3/1 211/3/1 229/3/1
f 231/2/1 218/2/1 217/2/1
f 231/2/1 219/2/1 218/2/1
f 231/3/1 220/3/1 219/3/1
f 232/2/1 221/2/1 220/2/1
f 232/3/1 220/3/1 231/3/1
f 233/2/1 221/2/1 232/2/1
f 234/2/1 221/2/1 233/2/1
f 235/2/1 226/2/1 225/2/1
f 235/2/1 225/2/1 224/2/1
f 235/2/1 224/2/1 223/2/1
f 235/2/1 223/2/1 222/2/1
f 236/2/1 226/2/1 235/2/1
f 237/2/1 214/2/1 213/2/1
f 237/2/1 215/2/1 214/2/1
f 238/2/1 215/2/1 237/2/1
f 239/2/1 215/2/1 238/2/1
f 240/2/1 215/2/1 239/2/1
f 241/3/1 216/3/1 215/3/1
f 241/2/1 215/2/1 240/2/1
f 241/3/1 217/3/1 216/3/1
f 242/2/1 233/2/1 232/2/1
f 242/3/1 217/3/1 241/3/1
f 242/2/1 232/2/1 231/2/1
f 242/2/1 231/2/1 217/2/1
f 243/2/1 235/2/1 222/2/1
f 244/2/1 235/2/1 243/2/1
f 245/2/1 235/2/1 244/2/1
f 246/2/1 235/2/1 245/2/1
f 247/2/1 237/2/1 213/2/1
f 248/3/1 238/3/1 237/3/1
f 248/2/1 237/2/1 247/2/1
f 249/2/1 239/2/1 238/2/1
f 249/3/1 238/3/1 248/3/1
f 250/3/1 240/3/1 239/3/1
f 250/2/1 239/2/1 249/2/1
f 251/2/1 241/2/1 240/2/1
f 251/3/1 240/3/1 250/3/1
f 251/2/1 242/2/1 241/2/1
f 252/2/1 233/2/1 242/2/1
f 252/2/1 242/2/1 251/2/1
f 252/3/1 234/3/1 233/3/1
f 253/2/1 221/2/1 234/2/1
f 253/3/1 234/3/1 252/3/1
f 254/3/1 222/3/1 221/3/1
f 254/2/1 221/2/1 253/2/1
f 255/2/1 243/2/1 222/2/1
f 255/3/1 222/3/1 254/3/1
f 256/3/1 244/3/1 243/3/1
f 256/2/1 243/2/1 255/2/1
f 257/2/1 245/2/1 244/2/1
f 257/3/1 244/3/1 256/3/1
f 258/2/1 245/2/1 257/2/1
f 271/2/1 260/2/1 259/2/1
f 271/2/1 270/2/1 269/2/1
f 271/2/1 269/2/1 268/2/1
f 271/2/1 268/2/1 267/2/1
f 271/2/1 267/2/1 266/2/1
f 271/2/1 266/2/1 265/2/1
f 271/2/1 265/2/1 264/2/1
f 271/2/1 264/2/1 263/2/1
f 271/2/1 263/2/1 262/2/1
f 271/2/1 262/2/1 261/2/1
f 271/2/1 261/2/1 260/2/1
f 272/2/1 270/2/1 271/2/1
f 273/2/1 270/2/1 272/2/1
f 274/2/1 270/2/1 273/2/1
f 275/2/1 271/2/1 259/2/1
f 276/2/1 271/2/1 275/2/1
f 277/2/1 271/2/1 276/2/1
f 278/2/1 271/2/1 277/2/1
f 279/2/1 271/2/1 278/2/1
f 280/2/1 271/2/1 279/2/1
f 281/3/1 272/3/1 271/3/1
f 281/2/1 271/2/1 280/2/1
f 282/2/1 273/2/1 272/2/1
f 282/3/1 272/3/1 281/3/1
f 283/2/1 273/2/1 282/2/1
f 284/2/1 273/2/1 283/2/1
f 285/5/1 276/5/1 275/5/1
f 286/2/1 277/2/1 276/2/1
f 286/5/1 276/5/1 285/5/1
f 287/5/1 278/5/1 277/5/1
f 287/2/1 277/2/1 286/2/1
f 288/2/1 279/2/1 278/2/1
f 288/5/1 278/5/1 287/5/1
f 289/5/1 280/5/1 279/5/1
f 289/2/1 279/2/1 288/2/1
f 290/2/1 281/2/1 280/2/1
f 290/5/1 280/5/1 289/5/1
f 290/2/1 282/2/1 281/2/1
f 291/5/1 283/5/1 282/5/1
f 291/2/1 282/2/1 290/2/1
f 292/5/1 283/5/1 291/5/1
f 293/5/1 283/5/1 292/5/1
f 294/5/1 283/5/1 293/5/1
f 297/3/1 296/3/1 295/3/1
f 298/3/1 296/3/1 297/3/1
f 302/3/1 300/3/1 299/3/1
f 304/3/1 302/3/1 301/3/1
f 306/3/1 304/3/1 303/3/1
f 308/3/1 306/3/1 305/3/1
f 310/3/1 308/3/1 307/3/1
f 311/3/1 310/3/1 309/3/1
f 312/3/1 300/3/1 302/3/1
f 312/3/1 310/3/1 311/3/1
f 312/3/1 302/3/1 304/3/1
f 312/3/1 308/3/1 310/3/1
f 312/3/1 304/3/1 306/3/1
f 312/3/1 306/3/1 308/3/1
f 315/3/1 314/3/1 313/3/1
f 316/3/1 314/3/1 315/3/1
f 326/2/1 319/2/1 318/2/1
f 326/5/1 320/5/1 319/5/1
f 327/2/1 321/2/1 320/2/1
f 327/5/1 320/5/1 326/5/1
f 328/5/1 322/5/1 321/5/1
f 328/2/1 321/2/1 327/2/1
f 329/5/1 322/5/1 328/5/1
f 330/2/1 325/2/1 324/2/1
f 330/5/1 324/5/1 323/5/1
f 331/2/1 325/2/1 330/2/1
f 332/2/1 325/2/1 331/2/1
f 333/2/1 325/2/1 332/2/1
f 334/3/1 318/3/1 317/3/1
f 335/2/1 329/2/1 328/2/1
f 335/3/1 318/3/1 334/3/1
f 335/2/1 326/2/1 318/2/1
f 335/2/1 327/2/1 326/2/1
f 335/2/1 328/2/1 327/2/1
f 336/5/1 322/5/1 329/5/1
f 336/2/1 329/2/1 335/2/1
f 337/2/1 323/2/1 322/2/1
f 337/5/1 322/5/1 336/5/1
f 338/5/1 331/5/1 330/5/1
f 338/2/1 323/2/1 337/2/1
f 338/5/1 330/5/1 323/5/1
f 339/2/1 332/2/1 331/2/1
f 339/5/1 331/5/1 338/5/1
f 340/5/1 333/5/1 332/5/1
f 340/2/1 332/2/1 339/2/1
f 341/2/1 325/2/1 333/2/1
f 341/5/1 333/5/1 340/5/1
f 342/2/1 325/2/1 341/2/1
f 345/3/1 344/3/1 343/3/1
f 346/3/1 344/3/1 345/3/1
f 349/3/1 348/3/1 347/3/1
f 350/3/1 348/3/1 349/3/1
f 353/2/1 352/2/1 351/2/1
f 354/2/1 352/2/1 353/2/1
f 390/2/1 356/2/1 355/2/1
f 391/3/1 357/3/1 356/3/1
f 391/2/1 356/2/1 390/2/1
f 392/2/1 358/2/1 357/2/1
f 392/3/1 357/3/1 391/3/1
f 393/3/1 359/3/1 358/3/1
f 393/2/1 358/2/1 392/2/1
f 394/2/1 360/2/1 359/2/1
f 394/3/1 359/3/1 393/3/1
f 395/3/1 361/3/1 360/3/1
f 395/2/1 360/2/1 394/2/1
f 396/2/1 362/2/1 361/2/1
f 396/3/1 361/3/1 395/3/1
f 397/3/1 363/3/1 362/3/1
f 397/2/1 362/2/1 396/2/1
f 398/2/1 364/2/1 363/2/1
f 398/3/1 363/3/1 397/3/1
f 399/3/1 365/3/1 364/3/1
f 399/2/1 364/2/1 398/2/1
f 400/2/1 366/2/1 365/2/1
f 400/3/1 365/3/1 399/3/1
f 401/3/1 367/3/1 366/3/1
f 401/2/1 366/2/1 400/2/1
f 402/2/1 368/2/1 367/2/1
f 402/3/1 367/3/1 401/3/1
f 403/3/1 369/3/1 368/3/1
f 403/2/1 368/2/1 402/2/1
f 404/2/1 370/2/1 369/2/1
f 404/3/1 369/3/1 403/3/1
f 405/3/1 371/3/1 370/3/1
f 405/2/1 370/2/1 404/2/1
f 406/2/1 372/2/1 371/2/1
f 406/3/1 371/3/1 405/3/1
f 407/3/1 373/3/1 372/3/1
f 407/2/1 372/2/1 406/2/1
f 408/2/1 374/2/1 373/2/1
f 408/3/1 373/3/1 407/3/1
f 409/3/1 375/3/1 374/3/1
f 409/2/1 374/2/1 408/2/1
f 410/2/1 376/2/1 375/2/1
f 410/3/1 375/3/1 409/3/1
f 411/3/1 377/3/1 376/3/1
f 411/2/1 376/2/1 410/2/1
f 412/2/1 378/2/1 377/2/1
f 412/3/1 377/3/1 411/3/1
f 413/3/1 379/3/1 378/3/1
f 413/2/1 378/2/1 412/2/1
f 414/2/1 380/2/1 379/2/1
f 414/3/1 379/3/1 413/3/1
f 415/3/1 381/3/1 380/3/1
f 415/2/1 380/2/1 414/2/1
f 416/2/1 382/2/1 381/2/1
f 416/3/1 381/3/1 415/3/1
f 417/3/1 383/3/1 382/3/1
f 417/2/1 382/2/1 416/2/1
f 418/2/1 384/2/1 383/2/1
f 418/3/1 383/3/1 417/3/1
f 419/3/1 385/3/1 384/3/1
f 419/2/1 384/2/1 418/2/1
f 420/2/1 386/2/1 385/2/1
f 420/3/1 385/3/1 419/3/1
f 421/3/1 387/3/1 386/3/1
f 421/2/1 386/2/1 420/2/1
f 422/2/1 388/2/1 387/2/1
f 422/3/1 387/3/1 421/3/1
f 423/2/1 388/2/1 422/2/1
f 426/3/1 390/3/1 389/3/1
f 427/4/1 391/4/1 390/4/1
f 427/3/1 390/3/1 426/3/1
f 428/1/1 392/1/1 391/1/1
f 428/1/1 393/1/1 392/1/1
f 428/1/1 394/1/1 393/1/1
f 429/1/1 394/1/1 428/1/1
f 430/1/1 399/1/1 398/1/1
f 430/1/1 400/1/1 399/1/1
f 430/1/1 401/1/1 400/1/1
f 431/1/1 401/1/1 430/1/1
f 432/1/1 406/1/1 405/1/1
f 432/1/1 407/1/1 406/1/1
f 432/1/1 408/1/1 407/1/1
f 433/1/1 408/1/1 432/1/1
f 434/1/1 413/1/1 412/1/1
f 434/1/1 414/1/1 413/1/1
f 434/1/1 415/1/1 414/1/1
f 435/1/1 415/1/1 434/1/1
f 436/1/1 421/1/1 420/1/1
f 436/1/1 420/1/1 419/1/1
f 436/1/1 422/1/1 421/1/1
f 437/1/1 422/1/1 436/1/1
f 438/3/1 424/3/1 423/3/1
f 438/4/1 423/4/1 422/4/1
f 439/3/1 424/3/1 438/3/1
f 442/2/1 426/2/1 425/2/1
f 443/4/1 427/4/1 426/4/1
f 443/2/1 426/2/1 442/2/1
f 444/4/1 391/4/1 427/4/1
f 444/4/1 427/4/1 443/4/1
f 444/1/1 428/1/1 391/1/1
f 445/4/1 429/4/1 428/4/1
f 445/1/1 428/1/1 444/1/1
f 446/1/1 394/1/1 429/1/1
f 446/4/1 429/4/1 445/4/1
f 447/4/1 395/4/1 394/4/1
f 447/1/1 394/1/1 446/1/1
f 447/4/1 396/4/1 395/4/1
f 447/4/1 397/4/1 396/4/1
f 447/4/1 398/4/1 397/4/1
f 448/1/1 430/1/1 398/1/1
f 448/4/1 398/4/1 447/4/1
f 449/4/1 431/4/1 430/4/1
f 449/1/1 430/1/1 448/1/1
f 450/1/1 401/1/1 431/1/1
f 450/4/1 431/4/1 449/4/1
f 451/4/1 402/4/1 401/4/1
f 451/1/1 401/1/1 450/1/1
f 451/4/1 403/4/1 402/4/1
f 451/4/1 404/4/1 403/4/1
f 451/4/1 405/4/1 404/4/1
f 452/1/1 432/1/1 405/1/1
f 452/4/1 405/4/1 451/4/1
f 453/4/1 433/4/1 432/4/1
f 453/1/1 432/1/1 452/1/1
f 454/1/1 408/1/1 433/1/1
f 454/4/1 433/4/1 453/4/1
f 455/4/1 409/4/1 408/4/1
f 455/1/1 408/1/1 454/1/1
f 455/4/1 410/4/1 409/4/1
f 455/4/1 411/4/1 410/4/1
f 455/4/1 412/4/1 411/4/1
f 456/1/1 434/1/1 412/1/1
f 456/4/1 412/4/1 455/4/1
f 457/4/1 435/4/1 434/4/1
f 457/1/1 434/1/1 456/1/1
f 458/1/1 415/1/1 435/1/1
f 458/4/1 435/4/1 457/4/1
f 459/4/1 419/4/1 418/4/1
f 459/1/1 415/1/1 458/1/1
f 459/4/1 418/4/1 417/4/1
f 459/4/1 417/4/1 416/4/1
f 459/4/1 416/4/1 415/4/1
f 460/1/1 436/1/1 419/1/1
f 460/4/1 419/4/1 459/4/1
f 461/4/1 437/4/1 436/4/1
f 461/1/1 436/1/1 460/1/1
f 462/1/1 422/1/1 437/1/1
f 462/4/1 437/4/1 461/4/1
f 463/4/1 439/4/1 438/4/1
f 463/1/1 422/1/1 462/1/1
f 463/4/1 438/4/1 422/4/1
f 464/2/1 440/2/1 439/2/1
f 464/4/1 439/4/1 463/4/1
f 465/2/1 440/2/1 464/2/1
f 468/3/1 442/3/1 441/3/1
f 469/4/1 443/4/1 442/4/1
f 469/3/1 442/3/1 468/3/1
f 470/4/1 443/4/1 469/4/1
f 471/3/1 466/3/1 465/3/1
f 472/3/1 466/3/1 471/3/1
f 474/2/1 468/2/1 467/2/1
f 475/1/1 470/1/1 469/1/1
f 475/2/1 468/2/1 474/2/1
f 475/1/1 469/1/1 468/1/1
f 476/1/1 470/1/1 475/1/1
f 477/1/1 470/1/1 476/1/1
f 479/1/1 472/1/1 471/1/1
f 480/2/1 473/2/1 472/2/1
f 480/1/1 472/1/1 479/1/1
f 481/2/1 473/2/1 480/2/1
f 482/3/1 475/3/1 474/3/1
f 483/1/1 476/1/1 475/1/1
f 483/3/1 475/3/1 482/3/1
f 485/4/1 479/4/1 478/4/1
f 486/1/1 480/1/1 479/1/1
f 486/4/1 479/4/1 485/4/1
f 487/3/1 481/3/1 480/3/1
f 487/1/1 480/1/1 486/1/1
f 488/3/1 481/3/1 487/3/1
f 489/2/1 483/2/1 482/2/1
f 490/1/1 476/1/1 483/1/1
f 490/2/1 483/2/1 489/2/1
f 491/1/1 476/1/1 490/1/1
f 493/1/1 486/1/1 485/1/1
f 493/1/1 485/1/1 484/1/1
f 493/1/1 487/1/1 486/1/1
f 494/1/1 487/1/1 493/1/1
f 495/1/1 487/1/1 494/1/1
f 496/2/1 488/2/1 487/2/1
f 496/1/1 487/1/1 495/1/1
f 497/2/1 488/2/1 496/2/1
f 498/2/1 493/2/1 492/2/1
f 499/3/1 494/3/1 493/3/1
f 499/2/1 493/2/1 498/2/1
f 500/2/1 495/2/1 494/2/1
f 500/3/1 494/3/1 499/3/1
f 501/3/1 496/3/1 495/3/1
f 501/2/1 495/2/1 500/2/1
f 502/3/1 496/3/1 501/3/1
f 505/2/1 504/2/1 503/2/1
f 506/2/1 504/2/1 505/2/1
f 507/2/2 508/2/2 509/2/2
f 509/2/2 508/2/2 510/2/2
f 511/2/2 512/2/2 546/2/2
f 512/3/2 513/3/2 547/3/2
f 546/2/2 512/2/2 547/2/2
f 513/2/2 514/2/2 548/2/2
f 547/3/2 513/3/2 548/3/2
f 514/3/2 515/3/2 549/3/2
f 548/2/2 514/2/2 549/2/2
f 515/2/2 516/2/2 550/2/2
f 549/3/2 515/3/2 550/3/2
f 516/3/2 517/3/2 551/3/2
f 550/2/2 516/2/2 551/2/2
f 517/2/2 518/2/2 552/2/2
f 551/3/2 517/3/2 552/3/2
f 518/3/2 519/3/2 553/3/2
f 552/2/2 518/2/2 553/2/2
f 519/2/2 520/2/2 554/2/2
f 553/3/2 519/3/2 554/3/2
f 520/3/2 521/3/2 555/3/2
f 554/2/2 520/2/2 555/2/2
f 521/2/2 522/2/2 556/2/2
f 555/3/2 521/3/2 556/3/2
f 522/3/2 523/3/2 557/3/2
f 556/2/2 522/2/2 557/2/2
f 523/2/2 524/2/2 558/2/2
f 557/3/2 523/3/2 558/3/2
f 524/3/2 525/3/2 559/3/2
f 558/2/2 524/2/2 559/2/2
f 525/2/2 526/2/2 560/2/2
f 559/3/2 525/3/2 560/3/2
f 526/3/2 527/3/2 561/3/2
f 560/2/2 526/2/2 561/2/2
f 527/2/2 528/2/2 562/2/2
f 561/3/2 527/3/2 562/3/2
f 528/3/2 529/3/2 563/3/2
f 562/2/2 528/2/2 563/2/2
f 529/2/2 530/2/2 564/2/2
f 563/3/2 529/3/2 564/3/2
f 530/3/2 531/3/2 565/3/2
f 564/2/2 530/2/2 565/2/2
f 531/2/2 532/2/2 566/2/2
f 565/3/2 531/3/2 566/3/2
f 532/3/2 533/3/2 567/3/2
f 566/2/2 532/2/2 567/2/2
f 533/2/2 534/2/2 568/2/2
f 567/3/2 533/3/2 568/3/2
f 534/3/2 535/3/2 569/3/2
f 568/2/2 534/2/2 569/2/2
f 535/2/2 536/2/2 570/2/2
f 569/3/2 535/3/2 570/3/2
f 536/3/2 537/3/2 571/3/2
f 570/2/2 536/2/2 571/2/2
f 537/2/2 538/2/2 572/2/2
f 571/3/2 537/3/2 572/3/2
f 538/3/2 539/3/2 573/3/2
f 572/2/2 538/2/2 573/2/2
f 539/2/2 540/2/2 574/2/2
f 573/3/2 539/3/2 574/3/2
f 540/3/2 541/3/2 575/3/2
f 574/2/2 540/2/2 575/2/2
f 541/2/2 542/2/2 576/2/2
f 575/3/2 541/3/2 576/3/2
f 542/3/2 543/3/2 577/3/2
f 576/2/2 542/2/2 577/2/2
f 543/2/2 544/2/2 578/2/2
f 577/3/2 543/3/2 578/3/2
f 578/2/2 544/2/2 579/2/2
f 545/3/2 546/3/2 582/3/2
f 546/4/2 547/4/2 583/4/2
f 582/3/2 546/3/2 583/3/2
f 547/1/2 548/1/2 584/1/2
f 548/1/2 549/1/2 584/1/2
f 549/1/2 550/1/2 584/1/2
f 584/1/2 550/1/2 585/1/2
f 554/1/2 555/1/2 586/1/2
f 555/1/2 556/1/2 586/1/2
f 556/1/2 557/1/2 586/1/2
f 586/1/2 557/1/2 587/1/2
f 561/1/2 562/1/2 588/1/2
f 562/1/2 563/1/2 588/1/2
f 563/1/2 564/1/2 588/1/2
f 588/1/2 564/1/2 589/1/2
f 568/1/2 569/1/2 590/1/2
f 569/1/2 570/1/2 590/1/2
f 570/1/2 571/1/2 590/1/2
f 590/1/2 571/1/2 591/1/2
f 576/1/2 577/1/2 592/1/2
f 575/1/2 576/1/2 592/1/2
f 577/1/2 578/1/2 592/1/2
f 592/1/2 578/1/2 593/1/2
f 579/3/2 580/3/2 594/3/2
f 578/4/2 579/4/2 594/4/2
f 594/3/2 580/3/2 595/3/2
f 581/2/2 582/2/2 598/2/2
f 582/4/2 583/4/2 599/4/2
f 598/2/2 582/2/2 599/2/2
f 583/4/2 547/4/2 600/4/2
f 599/4/2 583/4/2 600/4/2
f 547/1/2 584/1/2 600/1/2
f 584/4/2 585/4/2 601/4/2
f 600/1/2 584/1/2 601/1/2
f 585/1/2 550/1/2 602/1/2
f 601/4/2 585/4/2 602/4/2
f 550/4/2 551/4/2 603/4/2
f 602/1/2 550/1/2 603/1/2
f 551/4/2 552/4/2 603/4/2
f 552/4/2 553/4/2 603/4/2
f 553/4/2 554/4/2 603/4/2
f 554/1/2 586/1/2 604/1/2
f 603/4/2 554/4/2 604/4/2
f 586/4/2 587/4/2 605/4/2
f 604/1/2 586/1/2 605/1/2
f 587/1/2 557/1/2 606/1/2
f 605/4/2 587/4/2 606/4/2
f 557/4/2 558/4/2 607/4/2
f 606/1/2 557/1/2 607/1/2
f 558/4/2 559/4/2 607/4/2
f 559/4/2 560/4/2 607/4/2
f 560/4/2 561/4/2 607/4/2
f 561/1/2 588/1/2 608/1/2
f 607/4/2 561/4/2 608/4/2
f 588/4/2 589/4/2 609/4/2
f 608/1/2 588/1/2 609/1/2
f 589/1/2 564/1/2 610/1/2
f 609/4/2 589/4/2 610/4/2
f 564/4/2 565/4/2 611/4/2
f 610/1/2 564/1/2 611/1/2
f 565/4/2 566/4/2 611/4/2
f 566/4/2 567/4/2 611/4/2
f 567/4/2 568/4/2 611/4/2
f 568/1/2 590/1/2 612/1/2
f 611/4/2 568/4/2 612/4/2
f 590/4/2 591/4/2 613/4/2
f 612/1/2 590/1/2 613/1/2
f 591/1/2 571/1/2 614/1/2
f 613/4/2 591/4/2 614/4/2
f 574/4/2 575/4/2 615/4/2
f 614/1/2 571/1/2 615/1/2
f 573/4/2 574/4/2 615/4/2
f 572/4/2 573/4/2 615/4/2
f 571/4/2 572/4/2 615/4/2
f 575/1/2 592/1/2 616/1/2
f 615/4/2 575/4/2 616/4/2
f 592/4/2 593/4/2 617/4/2
f 616/1/2 592/1/2 617/1/2
f 593/1/2 578/1/2 618/1/2
f 617/4/2 593/4/2 618/4/2
f 594/4/2 595/4/2 619/4/2
f 618/1/2 578/1/2 619/1/2
f 578/4/2 594/4/2 619/4/2
f 595/2/2 596/2/2 620/2/2
f 619/4/2 595/4/2 620/4/2
f 620/2/2 596/2/2 621/2/2
f 597/3/2 598/3/2 624/3/2
f 598/4/2 599/4/2 625/4/2
f 624/3/2 598/3/2 625/3/2
f 625/4/2 599/4/2 626/4/2
f 621/3/2 622/3/2 627/3/2
f 627/3/2 622/3/2 628/3/2
f 623/2/2 624/2/2 630/2/2
f 625/1/2 626/1/2 631/1/2
f 630/2/2 624/2/2 631/2/2
f 624/1/2 625/1/2 631/1/2
f 631/1/2 626/1/2 632/1/2
f 632/1/2 626/1/2 633/1/2
f 627/1/2 628/1/2 635/1/2
f 628/2/2 629/2/2 636/2/2
f 635/1/2 628/1/2 636/1/2
f 636/2/2 629/2/2 637/2/2
f 630/3/2 631/3/2 638/3/2
f 631/1/2 632/1/2 639/1/2
f 638/3/2 631/3/2 639/3/2
f 634/4/2 635/4/2 641/4/2
f 635/1/2 636/1/2 642/1/2
f 641/4/2 635/4/2 642/4/2
f 636/3/2 637/3/2 643/3/2
f 642/1/2 636/1/2 643/1/2
f 643/3/2 637/3/2 644/3/2
f 638/2/2 639/2/2 645/2/2
f 639/1/2 632/1/2 646/1/2
f 645/2/2 639/2/2 646/2/2
f 646/1/2 632/1/2 647/1/2
f 641/1/2 642/1/2 649/1/2
f 640/1/2 641/1/2 649/1/2
f 642/1/2 643/1/2 649/1/2
f 649/1/2 643/1/2 650/1/2
f 650/1/2 643/1/2 651/1/2
f 643/2/2 644/2/2 652/2/2
f 651/1/2 643/1/2 652/1/2
f 652/2/2 644/2/2 653/2/2
f 648/2/2 649/2/2 654/2/2
f 649/3/2 650/3/2 655/3/2
f 654/2/2 649/2/2 655/2/2
f 650/2/2 651/2/2 656/2/2
f 655/3/2 650/3/2 656/3/2
f 651/3/2 652/3/2 657/3/2
f 656/2/2 651/2/2 657/2/2
f 657/3/2 652/3/2 658/3/2
f 659/3/2 660/3/2 661/3/2
f 661/3/2 660/3/2 662/3/2
f 663/3/2 664/3/2 665/3/2
f 665/3/2 664/3/2 666/3/2
f 668/2/2 669/2/2 676/2/2
f 669/5/2 670/5/2 676/5/2
f 670/2/2 671/2/2 677/2/2
f 676/5/2 670/5/2 677/5/2
f 671/5/2 672/5/2 678/5/2
f 677/2/2 671/2/2 678/2/2
f 678/5/2 672/5/2 679/5/2
f 674/2/2 675/2/2 680/2/2
f 673/5/2 674/5/2 680/5/2
f 680/2/2 675/2/2 681/2/2
f 681/2/2 675/2/2 682/2/2
f 682/2/2 675/2/2 683/2/2
f 667/3/2 668/3/2 684/3/2
f 678/2/2 679/2/2 685/2/2
f 684/3/2 668/3/2 685/3/2
f 668/2/2 676/2/2 685/2/2
f 676/2/2 677/2/2 685/2/2
f 677/2/2 678/2/2 685/2/2
f 679/5/2 672/5/2 686/5/2
f 685/2/2 679/2/2 686/2/2
f 672/2/2 673/2/2 687/2/2
f 686/5/2 672/5/2 687/5/2
f 680/5/2 681/5/2 688/5/2
f 687/2/2 673/2/2 688/2/2
f 673/5/2 680/5/2 688/5/2
f 681/2/2 682/2/2 689/2/2
f 688/5/2 681/5/2 689/5/2
f 682/5/2 683/5/2 690/5/2
f 689/2/2 682/2/2 690/2/2
f 683/2/2 675/2/2 691/2/2
f 690/5/2 683/5/2 691/5/2
f 691/2/2 675/2/2 692/2/2
f 693/3/2 694/3/2 695/3/2
f 695/3/2 694/3/2 696/3/2
f 697/3/2 698/3/2 700/3/2
f 699/3/2 700/3/2 702/3/2
f 701/3/2 702/3/2 704/3/2
f 703/3/2 704/3/2 706/3/2
f 705/3/2 706/3/2 708/3/2
f 707/3/2 708/3/2 709/3/2
f 700/3/2 698/3/2 710/3/2
f 709/3/2 708/3/2 710/3/2
f 702/3/2 700/3/2 710/3/2
f 708/3/2 706/3/2 710/3/2
f 704/3/2 702/3/2 710/3/2
f 706/3/2 704/3/2 710/3/2
f 711/2/2 712/2/2 713/2/2
f 713/2/2 712/2/2 714/2/2
f 715/3/2 716/3/2 717/3/2
f 717/3/2 716/3/2 718/3/2
f 719/3/2 720/3/2 721/3/2
f 721/3/2 720/3/2 722/3/2
f 723/2/2 724/2/2 735/2/2
f 733/2/2 734/2/2 735/2/2
f 732/2/2 733/2/2 735/2/2
f 731/2/2 732/2/2 735/2/2
f 730/2/2 731/2/2 735/2/2
f 729/2/2 730/2/2 735/2/2
f 728/2/2 729/2/2 735/2/2
f 727/2/2 728/2/2 735/2/2
f 726/2/2 727/2/2 735/2/2
f 725/2/2 726/2/2 735/2/2
f 724/2/2 725/2/2 735/2/2
f 735/2/2 734/2/2 736/2/2
f 736/2/2 734/2/2 737/2/2
f 737/2/2 734/2/2 738/2/2
f 723/2/2 735/2/2 739/2/2
f 739/2/2 735/2/2 740/2/2
f 740/2/2 735/2/2 741/2/2
f 741/2/2 735/2/2 742/2/2
f 742/2/2 735/2/2 743/2/2
f 743/2/2 735/2/2 744/2/2
f 735/3/2 736/3/2 745/3/2
f 744/2/2 735/2/2 745/2/2
f 736/2/2 737/2/2 746/2/2
f 745/3/2 736/3/2 746/3/2
f 746/2/2 737/2/2 747/2/2
f 747/2/2 737/2/2 748/2/2
f 739/5/2 740/5/2 749/5/2
f 740/2/2 741/2/2 750/2/2
f 749/5/2 740/5/2 750/5/2
f 741/5/2 742/5/2 751/5/2
f 750/2/2 741/2/2 751/2/2
f 742/2/2 743/2/2 752/2/2
f 751/5/2 742/5/2 752/5/2
f 743/5/2 744/5/2 753/5/2
f 752/2/2 743/2/2 753/2/2
f 744/2/2 745/2/2 754/2/2
f 753/5/2 744/5/2 754/5/2
f 745/2/2 746/2/2 754/2/2
f 746/5/2 747/5/2 755/5/2
f 754/2/2 746/2/2 755/2/2
f 755/5/2 747/5/2 756/5/2
f 757/2/2 758/2/2 792/2/2
f 758/3/2 759/3/2 793/3/2
f 792/2/2 758/2/2 793/2/2
f 759/2/2 760/2/2 794/2/2
f 793/3/2 759/3/2 794/3/2
f 760/3/2 761/3/2 795/3/2
f 794/2/2 760/2/2 795/2/2
f 761/2/2 762/2/2 796/2/2
f 795/3/2 761/3/2 796/3/2
f 762/3/2 763/3/2 797/3/2
f 796/2/2 762/2/2 797/2/2
f 763/2/2 764/2/2 798/2/2
f 797/3/2 763/3/2 798/3/2
f 764/3/2 765/3/2 799/3/2
f 798/2/2 764/2/2 799/2/2
f 765/2/2 766/2/2 800/2/2
f 799/3/2 765/3/2 800/3/2
f 766/3/2 767/3/2 801/3/2
f 800/2/2 766/2/2 801/2/2
f 767/2/2 768/2/2 802/2/2
f 801/3/2 767/3/2 802/3/2
f 768/3/2 769/3/2 803/3/2
f 802/2/2 768/2/2 803/2/2
f 769/2/2 770/2/2 804/2/2
f 803/3/2 769/3/2 804/3/2
f 770/3/2 771/3/2 805/3/2
f 804/2/2 770/2/2 805/2/2
f 771/2/2 772/2/2 806/2/2
f 805/3/2 771/3/2 806/3/2
f 772/3/2 773/3/2 807/3/2
f 806/2/2 772/2/2 807/2/2
f 773/2/2 774/2/2 808/2/2
f 807/3/2 773/3/2 808/3/2
f 774/3/2 775/3/2 809/3/2
f 808/2/2 774/2/2 809/2/2
f 775/2/2 776/2/2 810/2/2
f 809/3/2 775/3/2 810/3/2
f 776/3/2 777/3/2 811/3/2
f 810/2/2 776/2/2 811/2/2
f 777/2/2 778/2/2 812/2/2
f 811/3/2 777/3/2 812/3/2
f 778/3/2 779/3/2 813/3/2
f 812/2/2 778/2/2 813/2/2
f 779/2/2 780/2/2 814/2/2
f 813/3/2 779/3/2 814/3/2
f 780/3/2 781/3/2 815/3/2
f 814/2/2 780/2/2 815/2/2
f 781/2/2 782/2/2 816/2/2
f 815/3/2 781/3/2 816/3/2
f 782/3/2 783/3/2 817/3/2
f 816/2/2 782/2/2 817/2/2
f 783/2/2 784/2/2 818/2/2
f 817/3/2 783/3/2 818/3/2
f 784/3/2 785/3/2 819/3/2
f 818/2/2 784/2/2 819/2/2
f 785/2/2 786/2/2 820/2/2
f 819/3/2 785/3/2 820/3/2
f 786/3/2 787/3/2 821/3/2
f 820/2/2 786/2/2 821/2/2
f 787/2/2 788/2/2 822/2/2
f 821/3/2 787/3/2 822/3/2
f 788/3/2 789/3/2 823/3/2
f 822/2/2 788/2/2 823/2/2
f 789/2/2 790/2/2 824/2/2
f 823/3/2 789/3/2 824/3/2
f 824/2/2 790/2/2 825/2/2
f 791/3/2 792/3/2 828/3/2
f 792/4/2 793/4/2 829/4/2
f 828/3/2 792/3/2 829/3/2
f 793/1/2 794/1/2 830/1/2
f 794/1/2 795/1/2 830/1/2
f 795/1/2 796/1/2 830/1/2
f 830/1/2 796/1/2 831/1/2
f 800/1/2 801/1/2 832/1/2
f 801/1/2 802/1/2 832/1/2
f 802/1/2 803/1/2 832/1/2
f 832/1/2 803/1/2 833/1/2
f 807/1/2 808/1/2 834/1/2
f 808/1/2 809/1/2 834/1/2
f 809/1/2 810/1/2 834/1/2
f 834/1/2 810/1/2 835/1/2
f 814/1/2 815/1/2 836/1/2
f 815/1/2 816/1/2 836/1/2
f 816/1/2 817/1/2 836/1/2
f 836/1/2 817/1/2 837/1/2
f 822/1/2 823/1/2 838/1/2
f 821/1/2 822/1/2 838/1/2
f 823/1/2 824/1/2 838/1/2
f 838/1/2 824/1/2 839/1/2
f 825/3/2 826/3/2 840/3/2
f 824/4/2 825/4/2 840/4/2
f 840/3/2 826/3/2 841/3/2
f 827/2/2 828/2/2 843/2/2
f 828/4/2 829/4/2 844/4/2
f 843/2/2 828/2/2 844/2/2
f 829/4/2 793/4/2 845/4/2
f 844/4/2 829/4/2 845/4/2
f 793/1/2 830/1/2 845/1/2
f 830/3/2 831/3/2 846/3/2
f 845/1/2 830/1/2 846/1/2
f 831/1/2 796/1/2 847/1/2
f 846/3/2 831/3/2 847/3/2
f 796/4/2 797/4/2 848/4/2
f 847/1/2 796/1/2 848/1/2
f 797/4/2 798/4/2 848/4/2
f 798/4/2 799/4/2 848/4/2
f 799/4/2 800/4/2 848/4/2
f 800/1/2 832/1/2 849/1/2
f 848/4/2 800/4/2 849/4/2
f 832/3/2 833/3/2 850/3/2
f 849/1/2 832/1/2 850/1/2
f 833/1/2 803/1/2 851/1/2
f 850/3/2 833/3/2 851/3/2
f 803/4/2 804/4/2 852/4/2
f 851/1/2 803/1/2 852/1/2
f 804/4/2 805/4/2 852/4/2
f 805/3/2 806/3/2 853/3/2
f 852/4/2 805/4/2 853/4/2
f 806/3/2 807/3/2 853/3/2
f 807/1/2 834/1/2 854/1/2
f 853/3/2 807/3/2 854/3/2
f 834/3/2 835/3/2 855/3/2
f 854/1/2 834/1/2 855/1/2
f 835/1/2 810/1/2 856/1/2
f 855/3/2 835/3/2 856/3/2
f 810/4/2 811/4/2 857/4/2
f 856/1/2 810/1/2 857/1/2
f 811/4/2 812/4/2 857/4/2
f 812/4/2 813/4/2 857/4/2
f 813/4/2 814/4/2 857/4/2
f 814/1/2 836/1/2 858/1/2
f 857/4/2 814/4/2 858/4/2
f 836/3/2 837/3/2 859/3/2
f 858/1/2 836/1/2 859/1/2
f 837/1/2 817/1/2 860/1/2
f 859/3/2 837/3/2 860/3/2
f 820/4/2 821/4/2 861/4/2
f 860/1/2 817/1/2 861/1/2
f 819/4/2 820/4/2 861/4/2
f 818/4/2 819/4/2 861/4/2
f 817/4/2 818/4/2 861/4/2
f 821/1/2 838/1/2 862/1/2
f 861/4/2 821/4/2 862/4/2
f 838/3/2 839/3/2 863/3/2
f 862/1/2 838/1/2 863/1/2
f 839/1/2 824/1/2 864/1/2
f 863/3/2 839/3/2 864/3/2
f 841/2/2 842/2/2 865/2/2
f 840/4/2 841/4/2 865/4/2
f 865/2/2 842/2/2 866/2/2
f 864/1/2 824/1/2 868/1/2
f 865/4/2 866/4/2 869/4/2
f 868/1/2 824/1/2 869/1/2
f 840/4/2 865/4/2 869/4/2
f 824/4/2 840/4/2 869/4/2
f 869/4/2 866/4/2 870/4/2
f 866/3/2 867/3/2 871/3/2
f 870/4/2 866/4/2 871/4/2
f 871/3/2 867/3/2 872/3/2
f 869/4/2 870/4/2 874/4/2
f 868/4/2 869/4/2 874/4/2
f 871/1/2 872/1/2 875/1/2
f 874/4/2 870/4/2 875/4/2
f 870/1/2 871/1/2 875/1/2
f 875/1/2 872/1/2 876/1/2
f 876/1/2 872/1/2 877/1/2
f 872/2/2 873/2/2 878/2/2
f 877/1/2 872/1/2 878/1/2
f 878/2/2 873/2/2 879/2/2
f 876/3/2 877/3/2 880/3/2
f 875/1/2 876/1/2 880/1/2
f 877/1/2 878/1/2 881/1/2
f 880/3/2 877/3/2 881/3/2
f 878/3/2 879/3/2 882/3/2
f 881/1/2 878/1/2 882/1/2
f 882/3/2 879/3/2 883/3/2
f 880/1/2 881/1/2 884/1/2
f 875/1/2 880/1/2 884/1/2
f 881/1/2 882/1/2 884/1/2
f 884/1/2 882/1/2 885/1/2
f 885/1/2 882/1/2 886/1/2
f 882/2/2 883/2/2 887/2/2
f 886/1/2 882/1/2 887/1/2
f 887/2/2 883/2/2 888/2/2
f 884/3/2 885/3/2 903/3/2
f 885/2/2 886/2/2 904/2/2
f 903/3/2 885/3/2 904/3/2
f 886/3/2 887/3/2 905/3/2
f 904/2/2 886/2/2 905/2/2
f 905/3/2 887/3/2 906/3/2
f 893/2/2 894/2/2 907/2/2
f 894/2/2 895/2/2 907/2/2
f 895/3/2 896/3/2 907/3/2
f 896/2/2 897/2/2 908/2/2
f 907/3/2 896/3/2 908/3/2
f 908/2/2 897/2/2 909/2/2
f 909/2/2 897/2/2 910/2/2
f 901/2/2 902/2/2 911/2/2
f 900/2/2 901/2/2 911/2/2
f 899/2/2 900/2/2 911/2/2
f 898/2/2 899/2/2 911/2/2
f 911/2/2 902/2/2 912/2/2
f 889/2/2 890/2/2 913/2/2
f 890/2/2 891/2/2 913/2/2
f 913/2/2 891/2/2 914/2/2
f 914/2/2 891/2/2 915/2/2
f 915/2/2 891/2/2 916/2/2
f 891/3/2 892/3/2 917/3/2
f 916/2/2 891/2/2 917/2/2
f 892/3/2 893/3/2 917/3/2
f 908/2/2 909/2/2 918/2/2
f 917/3/2 893/3/2 918/3/2
f 907/2/2 908/2/2 918/2/2
f 893/2/2 907/2/2 918/2/2
f 898/2/2 911/2/2 919/2/2
f 919/2/2 911/2/2 920/2/2
f 920/2/2 911/2/2 921/2/2
f 921/2/2 911/2/2 922/2/2
f 889/2/2 913/2/2 923/2/2
f 913/3/2 914/3/2 924/3/2
f 923/2/2 913/2/2 924/2/2
f 914/2/2 915/2/2 925/2/2
f 924/3/2 914/3/2 925/3/2
f 915/3/2 916/3/2 926/3/2
f 925/2/2 915/2/2 926/2/2
f 916/2/2 917/2/2 927/2/2
f 926/3/2 916/3/2 927/3/2
f 917/2/2 918/2/2 927/2/2
f 918/2/2 909/2/2 928/2/2
f 927/2/2 918/2/2 928/2/2
f 909/3/2 910/3/2 928/3/2
f 910/2/2 897/2/2 929/2/2
f 928/3/2 910/3/2 929/3/2
f 897/3/2 898/3/2 930/3/2
f 929/2/2 897/2/2 930/2/2
f 898/2/2 919/2/2 931/2/2
f 930/3/2 898/3/2 931/3/2
f 919/3/2 920/3/2 932/3/2
f 931/2/2 919/2/2 932/2/2
f 920/2/2 921/2/2 933/2/2
f 932/3/2 920/3/2 933/3/2
f 933/2/2 921/2/2 934/2/2
f 935/2/2 936/2/2 941/2/2
f 941/2/2 936/2/2 942/2/2
f 936/3/2 937/3/2 943/3/2
f 942/2/2 936/2/2 943/2/2
f 937/2/2 938/2/2 944/2/2
f 943/3/2 937/3/2 944/3/2
f 938/3/2 939/3/2 945/3/2
f 944/2/2 938/2/2 945/2/2
f 939/2/2 940/2/2 946/2/2
f 945/3/2 939/3/2 946/3/2
f 946/2/2 940/2/2 947/2/2
f 947/2/2 940/2/2 948/2/2
f 948/2/2 940/2/2 949/2/2
f 949/2/2 940/2/2 950/2/2
f 950/2/2 940/2/2 951/2/2
f 951/2/2 940/2/2 952/2/2
f 952/2/2 940/2/2 953/2/2
f 953/2/2 940/2/2 954/2/2
f 941/3/2 942/3/2 955/3/2
f 944/2/2 945/2/2 956/2/2
f 955/3/2 942/3/2 956/3/2
f 942/2/2 943/2/2 956/2/2
f 943/2/2 944/2/2 956/2/2
f 945/2/2 946/2/2 956/2/2
f 946/2/2 947/2/2 956/2/2
f 956/2/2 947/2/2 957/2/2
f 947/3/2 948/3/2 958/3/2
f 957/2/2 947/2/2 958/2/2
f 948/2/2 949/2/2 959/2/2
f 958/3/2 948/3/2 959/3/2
f 959/2/2 949/2/2 960/2/2
f 960/2/2 949/2/2 961/2/2
f 949/3/2 950/3/2 962/3/2
f 961/2/2 949/2/2 962/2/2
f 950/2/2 951/2/2 963/2/2
f 962/3/2 950/3/2 963/3/2
f 951/3/2 952/3/2 964/3/2
f 963/2/2 951/2/2 964/2/2
f 952/2/2 953/2/2 965/2/2
f 964/3/2 952/3/2 965/3/2
f 953/3/2 954/3/2 966/3/2
f 965/2/2 953/2/2 966/2/2
f 954/2/2 940/2/2 967/2/2
f 966/3/2 954/3/2 967/3/2
f 967/2/2 940/2/2 968/2/2
f 968/2/2 940/2/2 969/2/2
f 941/3/2 955/3/2 971/3/2
f 935/2/2 941/2/2 971/2/2
f 956/2/2 957/2/2 972/2/2
f 971/3/2 955/3/2 972/3/2
f 955/2/2 956/2/2 972/2/2
f 972/2/2 957/2/2 973/2/2
f 973/2/2 957/2/2 974/2/2
f 974/2/2 957/2/2 975/2/2
f 975/2/2 957/2/2 976/2/2
f 976/2/2 957/2/2 977/2/2
f 960/3/2 961/3/2 978/3/2
f 958/2/2 959/2/2 978/2/2
f 959/2/2 960/2/2 978/2/2
f 965/2/2 966/2/2 979/2/2
f 978/3/2 961/3/2 979/3/2
f 964/2/2 965/2/2 979/2/2
f 963/2/2 964/2/2 979/2/2
f 962/2/2 963/2/2 979/2/2
f 961/2/2 962/2/2 979/2/2
f 967/2/2 968/2/2 979/2/2
f 966/2/2 967/2/2 979/2/2
f 979/2/2 968/2/2 980/2/2
f 980/2/2 968/2/2 981/2/2
f 981/2/2 968/2/2 982/2/2
f 968/3/2 969/3/2 983/3/2
f 982/2/2 968/2/2 983/2/2
f 969/2/2 970/2/2 984/2/2
f 983/3/2 969/3/2 984/3/2
f 971/2/2 972/2/2 985/2/2
f 935/2/2 971/2/2 985/2/2
f 972/3/2 973/3/2 986/3/2
f 985/2/2 972/2/2 986/2/2
f 973/2/2 974/2/2 987/2/2
f 986/3/2 973/3/2 987/3/2
f 974/3/2 975/3/2 988/3/2
f 987/2/2 974/2/2 988/2/2
f 975/2/2 976/2/2 989/2/2
f 988/3/2 975/3/2 989/3/2
f 989/2/2 976/2/2 990/2/2
f 976/3/2 977/3/2 991/3/2
f 990/2/2 976/2/2 991/2/2
f 977/2/2 957/2/2 992/2/2
f 991/3/2 977/3/2 992/3/2
f 957/3/2 958/3/2 993/3/2
f 992/2/2 957/2/2 993/2/2
f 958/2/2 978/2/2 994/2/2
f 993/3/2 958/3/2 994/3/2
f 978/2/2 979/2/2 994/2/2
f 979/3/2 980/3/2 995/3/2
f 994/2/2 979/2/2 995/2/2
f 980/2/2 981/2/2 996/2/2
f 981/3/2 982/3/2 997/3/2
f 996/2/2 981/2/2 997/2/2
f 982/2/2 983/2/2 998/2/2
f 997/3/2 982/3/2 998/3/2
f 983/2/2 984/2/2 998/2/2
f 984/2/2 970/2/2 999/2/2
f 998/2/2 984/2/2 999/2/2
f 985/5/2 986/5/2 1000/5/2
f 986/2/2 987/2/2 1001/2/2
f 1000/5/2 986/5/2 1001/5/2
f 987/3/2 988/3/2 1002/3/2
f 1001/2/2 987/2/2 1002/2/2
f 989/2/2 990/2/2 1003/2/2
f 1002/3/2 988/3/2 1003/3/2
f 988/2/2 989/2/2 1003/2/2
f 992/5/2 993/5/2 1004/5/2
f 1003/2/2 990/2/2 1004/2/2
f 994/5/2 995/5/2 1004/5/2
f 991/5/2 992/5/2 1004/5/2
f 993/5/2 994/5/2 1004/5/2
f 990/5/2 991/5/2 1004/5/2
f 995/3/2 980/3/2 1005/3/2
f 1004/5/2 995/5/2 1005/5/2
f 980/2/2 996/2/2 1006/2/2
f 1005/3/2 980/3/2 1006/3/2
f 996/5/2 997/5/2 1007/5/2
f 1006/2/2 996/2/2 1007/2/2
f 997/3/2 998/3/2 1008/3/2
f 1007/5/2 997/5/2 1008/5/2
f 998/5/2 999/5/2 1009/5/2
f 1008/3/2 998/3/2 1009/3/2
f 1009/5/2 999/5/2 1010/5/2
f 1014/2/3 1012/2/3 1011/2/3
f 1015/2/3 1012/2/3 1014/2/3
f 1016/2/3 1012/2/3 1015/2/3
f 1017/2/3 1012/2/3 1016/2/3
f 1018/5/3 1013/5/3 1012/5/3
f 1018/2/3 1012/2/3 1017/2/3
f 1019/5/3 1013/5/3 1018/5/3
f 1021/2/3 1020/2/3 1019/2/3
f 1021/2/3 1019/2/3 1018/2/3
f 1021/2/3 1018/2/3 1017/2/3
f 1024/2/3 1021/2/3 1017/2/3
f 1024/2/3 1022/2/3 1021/2/3
f 1025/2/3 1022/2/3 1024/2/3
f 1026/2/3 1024/2/3 1017/2/3
f 1026/3/3 1025/3/3 1024/3/3
f 1027/3/3 1025/3/3 1026/3/3
f 1028/5/3 1023/5/3 1022/5/3
f 1028/2/3 1022/2/3 1025/2/3
f 1029/5/3 1023/5/3 1028/5/3
f 1030/3/3 1025/3/3 1027/3/3
f 1030/2/3 1027/2/3 1026/2/3
f 1031/2/3 1029/2/3 1028/2/3
f 1031/3/3 1025/3/3 1030/3/3
f 1031/2/3 1028/2/3 1025/2/3
f 1032/2/3 1029/2/3 1031/2/3
f 1033/2/3 1029/2/3 1032/2/3
f 1034/2/3 1016/2/3 1015/2/3
f 1035/3/3 1017/3/3 1016/3/3
f 1035/2/3 1016/2/3 1034/2/3
f 1036/2/3 1030/2/3 1026/2/3
f 1036/3/3 1017/3/3 1035/3/3
f 1036/2/3 1026/2/3 1017/2/3
f 1036/2/3 1031/2/3 1030/2/3
f 1036/2/3 1032/2/3 1031/2/3
f 1037/2/3 1032/2/3 1036/2/3
f 1038/2/3 1032/2/3 1037/2/3
f 1039/2/3 1032/2/3 1038/2/3
f 1040/2/3 1038/2/3 1037/2/3
f 1041/5/3 1039/5/3 1038/5/3
f 1041/2/3 1038/2/3 1040/2/3
f 1042/2/3 1032/2/3 1039/2/3
f 1042/5/3 1039/5/3 1041/5/3
f 1043/2/3 1032/2/3 1042/2/3
f 1044/5/3 1041/5/3 1040/5/3
f 1044/2/3 1040/2/3 1037/2/3
f 1044/5/3 1042/5/3 1041/5/3
f 1045/3/3 1043/3/3 1042/3/3
f 1045/5/3 1042/5/3 1044/5/3
f 1046/2/3 1032/2/3 1043/2/3
f 1046/3/3 1043/3/3 1045/3/3
f 1047/2/3 1045/2/3 1044/2/3
f 1047/2/3 1046/2/3 1045/2/3
f 1048/2/3 1046/2/3 1047/2/3
f 1049/2/3 1044/2/3 1037/2/3
f 1049/2/3 1047/2/3 1044/2/3
f 1050/3/3 1048/3/3 1047/3/3
f 1050/2/3 1047/2/3 1049/2/3
f 1051/2/3 1046/2/3 1048/2/3
f 1051/3/3 1048/3/3 1050/3/3
f 1052/5/3 1050/5/3 1049/5/3
f 1052/2/3 1049/2/3 1037/2/3
f 1052/5/3 1051/5/3 1050/5/3
f 1053/5/3 1051/5/3 1052/5/3
f 1054/2/3 1046/2/3 1051/2/3
f 1054/5/3 1051/5/3 1053/5/3
f 1055/2/3 1053/2/3 1052/2/3
f 1055/3/3 1054/3/3 1053/3/3
f 1056/2/3 1046/2/3 1054/2/3
f 1056/3/3 1054/3/3 1055/3/3
f 1057/2/3 1055/2/3 1052/2/3
f 1057/2/3 1052/2/3 1037/2/3
f 1057/2/3 1056/2/3 1055/2/3
f 1058/2/3 1046/2/3 1056/2/3
f 1058/2/3 1056/2/3 1057/2/3
f 1059/2/3 1032/2/3 1046/2/3
f 1059/2/3 1046/2/3 1058/2/3
f 1060/5/3 1058/5/3 1057/5/3
f 1060/2/3 1057/2/3 1037/2/3
f 1061/5/3 1058/5/3 1060/5/3
f 1062/3/3 1059/3/3 1058/3/3
f 1062/5/3 1058/5/3 1061/5/3
f 1063/2/3 1032/2/3 1059/2/3
f 1063/3/3 1059/3/3 1062/3/3
f 1067/2/3 1061/2/3 1060/2/3
f 1067/2/3 1060/2/3 1037/2/3
f 1068/5/3 1062/5/3 1061/5/3
f 1068/2/3 1061/2/3 1067/2/3
f 1069/2/3 1063/2/3 1062/2/3
f 1069/5/3 1062/5/3 1068/5/3
f 1070/2/3 1067/2/3 1066/2/3
f 1070/2/3 1068/2/3 1067/2/3
f 1070/2/3 1069/2/3 1068/2/3
f 1071/2/3 1063/2/3 1069/2/3
f 1071/2/3 1069/2/3 1070/2/3
f 1071/2/3 1032/2/3 1063/2/3
f 1072/5/3 1033/5/3 1032/5/3
f 1072/2/3 1032/2/3 1071/2/3
f 1073/5/3 1033/5/3 1072/5/3
f 1074/2/3 1070/2/3 1066/2/3
f 1075/3/3 1071/3/3 1070/3/3
f 1075/2/3 1070/2/3 1074/2/3
f 1076/2/3 1072/2/3 1071/2/3
f 1076/2/3 1073/2/3 1072/2/3
f 1077/2/3 1073/2/3 1076/2/3
f 1078/2/3 1074/2/3 1066/2/3
f 1078/3/3 1075/3/3 1074/3/3
f 1079/3/3 1071/3/3 1075/3/3
f 1079/3/3 1075/3/3 1078/3/3
f 1079/2/3 1076/2/3 1071/2/3
f 1080/2/3 1079/2/3 1078/2/3
f 1081/5/3 1077/5/3 1076/5/3
f 1081/2/3 1079/2/3 1080/2/3
f 1081/2/3 1076/2/3 1079/2/3
f 1082/5/3 1077/5/3 1081/5/3
f 1084/2/3 1065/2/3 1064/2/3
f 1085/3/3 1066/3/3 1065/3/3
f 1085/2/3 1065/2/3 1084/2/3
f 1086/2/3 1078/2/3 1066/2/3
f 1086/3/3 1066/3/3 1085/3/3
f 1086/2/3 1080/2/3 1078/2/3
f 1087/2/3 1080/2/3 1086/2/3
f 1088/2/3 1080/2/3 1087/2/3
f 1089/2/3 1080/2/3 1088/2/3
f 1090/2/3 1084/2/3 1083/2/3
f 1090/2/3 1085/2/3 1084/2/3
f 1090/2/3 1086/2/3 1085/2/3
f 1090/2/3 1087/2/3 1086/2/3
f 1091/5/3 1088/5/3 1087/5/3
f 1091/2/3 1087/2/3 1090/2/3
f 1092/5/3 1088/5/3 1091/5/3
f 1095/3/3 1094/3/3 1093/3/3
f 1096/3/3 1094/3/3 1095/3/3
f 1099/3/3 1098/3/3 1097/3/3
f 1100/3/3 1098/3/3 1099/3/3
f 1103/2/3 1102/2/3 1101/2/3
f 1104/2/3 1102/2/3 1103/2/3
f 1107/2/3 1106/2/3 1105/2/3
f 1108/2/3 1106/2/3 1107/2/3
f 1109/5/3 1108/5/3 1107/5/3
f 1110/2/3 1106/2/3 1108/2/3
f 1110/5/3 1108/5/3 1109/5/3
f 1113/2/3 1110/2/3 1109/2/3
f 1114/2/3 1106/2/3 1110/2/3
f 1114/2/3 1110/2/3 1113/2/3
f 1115/2/3 1112/2/3 1111/2/3
f 1116/2/3 1112/2/3 1115/2/3
f 1119/3/3 1118/3/3 1117/3/3
f 1120/3/3 1118/3/3 1119/3/3
f 1124/2/3 1123/2/3 1122/2/3
f 1124/2/3 1122/2/3 1121/2/3
f 1125/2/3 1123/2/3 1124/2/3
f 1126/5/3 1125/5/3 1124/5/3
f 1127/5/3 1125/5/3 1126/5/3
f 1128/3/3 1127/3/3 1126/3/3
f 1129/3/3 1127/3/3 1128/3/3
f 1130/2/3 1129/2/3 1128/2/3
f 1131/2/3 1129/2/3 1130/2/3
f 1132/3/3 1131/3/3 1130/3/3
f 1133/3/3 1131/3/3 1132/3/3
f 1134/5/3 1133/5/3 1132/5/3
f 1135/5/3 1133/5/3 1134/5/3
f 1138/2/3 1135/2/3 1134/2/3
f 1139/2/3 1135/2/3 1138/2/3
f 1140/2/3 1135/2/3 1139/2/3
f 1141/3/3 1137/3/3 1136/3/3
f 1142/3/3 1137/3/3 1141/3/3
f 1145/2/3 1144/2/3 1143/2/3
f 1146/2/3 1144/2/3 1145/2/3
f 1149/2/3 1148/2/3 1147/2/3
f 1150/2/3 1148/2/3 1149/2/3
f 1153/3/3 1152/3/3 1151/3/3
f 1154/3/3 1152/3/3 1153/3/3
f 1155/3/3 1152/3/3 1154/3/3
f 1158/3/3 1157/3/3 1156/3/3
f 1159/3/3 1157/3/3 1158/3/3
f 1162/3/3 1161/3/3 1160/3/3
f 1163/3/3 1161/3/3 1162/3/3
f 1166/3/3 1165/3/3 1164/3/3
f 1167/3/3 1165/3/3 1166/3/3
f 1168/3/3 1165/3/3 1167/3/3
f 1171/3/3 1170/3/3 1169/3/3
f 1172/3/3 1170/3/3 1171/3/3
f 1173/3/4 1174/3/4 1175/3/4
f 1175/3/4 1174/3/4 1176/3/4
f 1177/3/4 1178/3/4 1179/3/4
f 1179/3/4 1178/3/4 1180/3/4
f 1180/3/4 1178/3/4 1181/3/4
f 1182/3/4 1183/3/4 1184/3/4
f 1184/3/4 1183/3/4 1185/3/4
f 1182/3/4 1184/3/4 1186/3/4
f 1182/3/4 1186/3/4 1188/3/4
f 1186/3/4 1187/3/4 1188/3/4
f 1188/3/4 1187/3/4 1189/3/4
f 1190/5/4 1191/5/4 1192/5/4
f 1192/5/4 1191/5/4 1193/5/4
f 1192/3/4 1193/3/4 1194/3/4
f 1194/3/4 1193/3/4 1195/3/4
f 1194/5/4 1195/5/4 1196/5/4
f 1196/5/4 1195/5/4 1197/5/4
f 1196/3/4 1197/3/4 1198/3/4
f 1198/3/4 1197/3/4 1199/3/4
f 1198/5/4 1199/5/4 1200/5/4
f 1200/5/4 1199/5/4 1201/5/4
f 1200/3/4 1201/3/4 1202/3/4
f 1202/3/4 1201/3/4 1203/3/4
f 1202/5/4 1203/5/4 1204/5/4
f 1204/5/4 1203/5/4 1205/5/4
f 1206/2/4 1207/2/4 1208/2/4
f 1208/2/4 1207/2/4 1209/2/4
f 1209/2/4 1207/2/4 1210/2/4
f 1210/2/4 1207/2/4 1211/2/4
f 1211/2/4 1207/2/4 1212/2/4
f 1212/2/4 1207/2/4 1213/2/4
f 1213/2/4 1207/2/4 1214/2/4
f 1214/2/4 1207/2/4 1215/2/4
f 1215/2/4 1207/2/4 1216/2/4
f 1217/2/4 1218/2/4 1219/2/4
f 1219/2/4 1218/2/4 1220/2/4
f 1220/2/4 1218/2/4 1221/2/4
f 1221/2/4 1218/2/4 1224/2/4
f 1222/2/4 1223/2/4 1225/2/4
f 1225/2/4 1223/2/4 1226/2/4
f 1224/2/4 1218/2/4 1227/2/4
f 1227/2/4 1218/2/4 1228/2/4
f 1228/2/4 1218/2/4 1229/2/4
f 1229/2/4 1218/2/4 1230/2/4
f 1230/2/4 1218/2/4 1231/2/4
f 1232/2/4 1233/2/4 1234/2/4
f 1234/2/4 1233/2/4 1235/2/4
f 1234/3/4 1235/3/4 1236/3/4
f 1236/3/4 1235/3/4 1237/3/4
f 1236/5/4 1237/5/4 1238/5/4
f 1238/5/4 1237/5/4 1239/5/4
f 1238/3/4 1239/3/4 1240/3/4
f 1240/3/4 1239/3/4 1241/3/4
f 1240/5/4 1241/5/4 1242/5/4
f 1242/5/4 1241/5/4 1243/5/4
f 1242/3/4 1243/3/4 1244/3/4
f 1244/3/4 1243/3/4 1245/3/4
f 1244/5/4 1245/5/4 1246/5/4
f 1246/5/4 1245/5/4 1247/5/4
f 1246/2/4 1247/2/4 1248/2/4
f 1248/2/4 1247/2/4 1249/2/4
f 1250/2/4 1251/2/4 1252/2/4
f 1252/2/4 1251/2/4 1253/2/4
f 1252/5/4 1253/5/4 1254/5/4
f 1254/5/4 1253/5/4 1255/5/4
f 1254/3/4 1255/3/4 1256/3/4
f 1256/3/4 1255/3/4 1257/3/4
f 1256/5/4 1257/5/4 1258/5/4
f 1258/5/4 1257/5/4 1259/5/4
f 1258/3/4 1259/3/4 1260/3/4
f 1260/3/4 1259/3/4 1261/3/4
f 1260/5/4 1261/5/4 1262/5/4
f 1262/5/4 1261/5/4 1263/5/4
f 1262/3/4 1263/3/4 1264/3/4
f 1264/3/4 1263/3/4 1265/3/4
f 1264/2/4 1265/2/4 1266/2/4
f 1266/2/4 1265/2/4 1267/2/4
f 1268/2/4 1269/2/4 1270/2/4
f 1270/2/4 1269/2/4 1271/2/4
f 1270/3/4 1271/3/4 1272/3/4
f 1272/3/4 1271/3/4 1273/3/4
f 1273/3/4 1271/3/4 1274/3/4
f 1273/5/4 1274/5/4 1275/5/4
f 1275/5/4 1274/5/4 1276/5/4
f 1275/3/4 1276/3/4 1277/3/4
f 1277/3/4 1276/3/4 1278/3/4
f 1277/2/4 1278/2/4 1279/2/4
f 1279/2/4 1278/2/4 1280/2/4
f 1281/2/4 1282/2/4 1283/2/4
f 1283/2/4 1282/2/4 1284/2/4
f 1283/3/4 1284/3/4 1285/3/4
f 1285/3/4 1284/3/4 1286/3/4
f 1285/5/4 1286/5/4 1287/5/4
f 1287/5/4 1286/5/4 1288/5/4
f 1287/3/4 1288/3/4 1289/3/4
f 1289/3/4 1288/3/4 1290/3/4
f 1290/3/4 1288/3/4 1291/3/4
f 1290/2/4 1291/2/4 1292/2/4
f 1292/2/4 1291/2/4 1293/2/4
f 1294/2/4 1295/2/4 1296/2/4
f 1296/2/4 1295/2/4 1297/2/4
f 1296/3/4 1297/3/4 1298/3/4
f 1298/3/4 1297/3/4 1299/3/4
f 1298/5/4 1299/5/4 1300/5/4
f 1300/5/4 1299/5/4 1301/5/4
f 1300/3/4 1301/3/4 1302/3/4
f 1302/3/4 1301/3/4 1303/3/4
f 1302/2/4 1303/2/4 1304/2/4
f 1304/2/4 1303/2/4 1305/2/4
f 1306/2/4 1307/2/4 1308/2/4
f 1308/2/4 1307/2/4 1309/2/4
f 1308/3/4 1309/3/4 1310/3/4
f 1310/3/4 1309/3/4 1311/3/4
f 1310/5/4 1311/5/4 1312/5/4
f 1312/5/4 1311/5/4 1313/5/4
f 1312/3/4 1313/3/4 1314/3/4
f 1314/3/4 1313/3/4 1315/3/4
f 1314/2/4 1315/2/4 1316/2/4
f 1316/2/4 1315/2/4 1317/2/4
f 1318/2/4 1319/2/4 1320/2/4
f 1320/2/4 1319/2/4 1321/2/4
f 1321/2/4 1319/2/4 1322/2/4
f 1323/2/4 1324/2/4 1325/2/4
f 1325/2/4 1324/2/4 1326/2/4
f 1325/3/4 1326/3/4 1327/3/4
f 1327/3/4 1326/3/4 1328/3/4
f 1327/2/4 1328/2/4 1329/2/4
f 1329/2/4 1328/2/4 1330/2/4
f 1331/2/4 1332/2/4 1333/2/4
f 1333/2/4 1332/2/4 1334/2/4
f 1333/3/4 1334/3/4 1335/3/4
f 1335/3/4 1334/3/4 1336/3/4
f 1335/2/4 1336/2/4 1340/2/4
f 1340/2/4 1336/2/4 1341/2/4
f 1338/2/4 1339/2/4 1342/2/4
f 1337/2/4 1338/2/4 1342/2/4
f 1342/2/4 1339/2/4 1343/2/4
f 1344/3/4 1345/3/4 1346/3/4
f 1346/3/4 1345/3/4 1347/3/4
f 1346/2/4 1347/2/4 1348/2/4
f 1348/2/4 1347/2/4 1349/2/4
f 1349/2/4 1347/2/4 1350/2/4
f 1350/2/4 1347/2/4 1351/2/4
f 1352/2/4 1353/2/4 1354/2/4
f 1354/2/4 1353/2/4 1355/2/4
f 1355/2/4 1353/2/4 1356/2/4
f 1356/2/4 1353/2/4 1357/2/4
f 1356/3/4 1357/3/4 1358/3/4
f 1358/3/4 1357/3/4 1359/3/4
f 1360/2/4 1361/2/4 1365/2/4
f 1361/5/4 1362/5/4 1366/5/4
f 1365/2/4 1361/2/4 1366/2/4
f 1366/5/4 1362/5/4 1367/5/4
f 1363/2/4 1364/2/4 1368/2/4
f 1368/2/4 1364/2/4 1369/2/4
f 1370/2/4 1371/2/4 1372/2/4
f 1372/2/4 1371/2/4 1373/2/4
f 1372/5/4 1373/5/4 1374/5/4
f 1374/5/4 1373/5/4 1375/5/4
f 1374/3/4 1375/3/4 1376/3/4
f 1376/3/4 1375/3/4 1377/3/4
f 1376/2/4 1377/2/4 1378/2/4
f 1376/2/4 1378/2/4 1380/2/4
f 1378/3/4 1379/3/4 1381/3/4
f 1381/3/4 1379/3/4 1382/3/4
f 1380/2/4 1378/2/4 1383/2/4
f 1378/3/4 1381/3/4 1384/3/4
f 1382/3/4 1379/3/4 1385/3/4
f 1378/3/4 1384/3/4 1386/3/4
f 1384/3/4 1385/3/4 1386/3/4
f 1383/2/4 1378/2/4 1386/2/4
f 1385/3/4 1379/3/4 1387/3/4
f 1386/3/4 1385/3/4 1387/3/4
f 1383/2/4 1386/2/4 1388/2/4
f 1388/2/4 1386/2/4 1389/2/4
f 1388/3/4 1389/3/4 1390/3/4
f 1390/3/4 1389/3/4 1391/3/4
f 1390/5/4 1391/5/4 1392/5/4
f 1392/5/4 1391/5/4 1393/5/4
f 1392/2/4 1393/2/4 1396/2/4
f 1396/2/4 1393/2/4 1397/2/4
f 1394/2/4 1395/2/4 1398/2/4
f 1398/2/4 1395/2/4 1399/2/4
f 1400/2/4 1401/2/4 1403/2/4
f 1401/5/4 1402/5/4 1404/5/4
f 1403/2/4 1401/2/4 1404/2/4
f 1404/5/4 1402/5/4 1405/5/4
f 1406/3/4 1407/3/4 1408/3/4
f 1408/3/4 1407/3/4 1409/3/4
f 1410/2/4 1411/2/4 1412/2/4
f 1412/2/4 1411/2/4 1413/2/4
f 1412/5/4 1413/5/4 1414/5/4
f 1414/5/4 1413/5/4 1415/5/4
f 1414/2/4 1415/2/4 1416/2/4
f 1416/2/4 1415/2/4 1417/2/4
f 1417/2/4 1415/2/4 1418/2/4
f 1419/3/4 1420/3/4 1421/3/4
f 1421/3/4 1420/3/4 1422/3/4
f 1419/3/4 1421/3/4 1423/3/4
f 1422/3/4 1420/3/4 1424/3/4
f 1417/3/4 1418/3/4 1425/3/4
f 1425/3/4 1418/3/4 1426/3/4
f 1423/3/4 1424/3/4 1427/3/4
f 1419/3/4 1423/3/4 1427/3/4
f 1424/3/4 1420/3/4 1428/3/4
f 1427/3/4 1424/3/4 1428/3/4
f 1425/2/4 1426/2/4 1429/2/4
f 1429/2/4 1426/2/4 1430/2/4
f 1430/2/4 1426/2/4 1431/2/4
f 1430/5/4 1431/5/4 1432/5/4
f 1432/5/4 1431/5/4 1433/5/4
f 1432/2/4 1433/2/4 1436/2/4
f 1436/2/4 1433/2/4 1437/2/4
f 1434/3/4 1435/3/4 1438/3/4
f 1438/3/4 1435/3/4 1439/3/4
f 1440/2/4 1441/2/4 1442/2/4
f 1442/2/4 1441/2/4 1443/2/4
f 1444/2/4 1445/2/4 1446/2/4
f 1443/2/4 1444/2/4 1446/2/4
f 1446/2/4 1445/2/4 1447/2/4
f 1446/3/4 1447/3/4 1448/3/4
f 1447/2/4 1445/2/4 1449/2/4
f 1448/3/4 1447/3/4 1449/3/4
f 1448/2/4 1449/2/4 1450/2/4
f 1449/2/4 1445/2/4 1451/2/4
f 1450/2/4 1449/2/4 1451/2/4
f 1450/3/4 1451/3/4 1452/3/4
f 1452/3/4 1451/3/4 1453/3/4
f 1452/2/4 1453/2/4 1454/2/4
f 1454/2/4 1453/2/4 1455/2/4
f 1454/3/4 1455/3/4 1456/3/4
f 1455/2/4 1453/2/4 1457/2/4
f 1456/3/4 1455/3/4 1457/3/4
f 1456/2/4 1457/2/4 1459/2/4
f 1457/2/4 1453/2/4 1460/2/4
f 1459/2/4 1457/2/4 1460/2/4
f 1460/2/4 1453/2/4 1461/2/4
f 1458/2/4 1459/2/4 1462/2/4
f 1462/2/4 1459/2/4 1463/2/4
f 1464/3/4 1465/3/4 1468/3/4
f 1468/3/4 1465/3/4 1469/3/4
f 1466/3/4 1467/3/4 1470/3/4
f 1470/3/4 1467/3/4 1471/3/4
f 1472/3/4 1473/3/4 1476/3/4
f 1476/3/4 1473/3/4 1477/3/4
f 1474/3/4 1475/3/4 1478/3/4
f 1478/3/4 1475/3/4 1479/3/4
f 1480/2/4 1481/2/4 1484/2/4
f 1481/3/4 1482/3/4 1485/3/4
f 1484/2/4 1481/2/4 1485/2/4
f 1482/2/4 1483/2/4 1486/2/4
f 1485/3/4 1482/3/4 1486/3/4
f 1486/2/4 1483/2/4 1487/2/4
f 1488/2/4 1489/2/4 1492/2/4
f 1489/3/4 1490/3/4 1493/3/4
f 1492/2/4 1489/2/4 1493/2/4
f 1490/2/4 1491/2/4 1494/2/4
f 1493/3/4 1490/3/4 1494/3/4
f 1494/2/4 1491/2/4 1495/2/4
f 1496/2/4 1497/2/4 1498/2/4
f 1498/2/4 1497/2/4 1499/2/4
f 1504/2/5 1501/2/5 1500/2/5
f 1505/2/5 1501/2/5 1504/2/5
f 1506/2/5 1503/2/5 1502/2/5
f 1507/2/5 1503/2/5 1506/2/5
f 1508/3/5 1505/3/5 1504/3/5
f 1509/3/5 1505/3/5 1508/3/5
f 1510/3/5 1507/3/5 1506/3/5
f 1511/3/5 1507/3/5 1510/3/5
f 1512/2/5 1509/2/5 1508/2/5
f 1513/2/5 1509/2/5 1512/2/5
f 1514/2/5 1511/2/5 1510/2/5
f 1515/2/5 1511/2/5 1514/2/5
f 1516/3/5 1513/3/5 1512/3/5
f 1517/3/5 1513/3/5 1516/3/5
f 1518/3/5 1515/3/5 1514/3/5
f 1519/3/5 1515/3/5 1518/3/5
f 1520/2/5 1517/2/5 1516/2/5
f 1521/2/5 1517/2/5 1520/2/5
f 1522/2/5 1519/2/5 1518/2/5
f 1523/2/5 1519/2/5 1522/2/5
f 1524/3/5 1521/3/5 1520/3/5
f 1525/3/5 1521/3/5 1524/3/5
f 1526/3/5 1523/3/5 1522/3/5
f 1527/3/5 1523/3/5 1526/3/5
f 1528/2/5 1525/2/5 1524/2/5
f 1529/2/5 1525/2/5 1528/2/5
f 1530/2/5 1527/2/5 1526/2/5
f 1531/2/5 1527/2/5 1530/2/5
f 1532/3/5 1529/3/5 1528/3/5
f 1533/3/5 1529/3/5 1532/3/5
f 1534/3/5 1531/3/5 1530/3/5
f 1535/3/5 1531/3/5 1534/3/5
f 1536/2/5 1533/2/5 1532/2/5
f 1537/2/5 1533/2/5 1536/2/5
f 1538/2/5 1535/2/5 1534/2/5
f 1539/2/5 1535/2/5 1538/2/5
f 1540/3/5 1537/3/5 1536/3/5
f 1541/3/5 1537/3/5 1540/3/5
f 1542/3/5 1539/3/5 1538/3/5
f 1543/3/5 1539/3/5 1542/3/5
f 1544/2/5 1541/2/5 1540/2/5
f 1545/2/5 1541/2/5 1544/2/5
f 1546/2/5 1543/2/5 1542/2/5
f 1547/2/5 1543/2/5 1546/2/5
f 1548/3/5 1545/3/5 1544/3/5
f 1549/3/5 1545/3/5 1548/3/5
f 1550/3/5 1547/3/5 1546/3/5
f 1551/3/5 1547/3/5 1550/3/5
f 1552/2/5 1549/2/5 1548/2/5
f 1553/2/5 1549/2/5 1552/2/5
f 1554/2/5 1551/2/5 1550/2/5
f 1555/2/5 1551/2/5 1554/2/5
f 1556/3/5 1553/3/5 1552/3/5
f 1557/3/5 1553/3/5 1556/3/5
f 1558/3/5 1555/3/5 1554/3/5
f 1559/3/5 1555/3/5 1558/3/5
f 1560/2/5 1557/2/5 1556/2/5
f 1561/2/5 1557/2/5 1560/2/5
f 1562/2/5 1559/2/5 1558/2/5
f 1563/2/5 1559/2/5 1562/2/5
f 1564/3/5 1561/3/5 1560/3/5
f 1565/3/5 1561/3/5 1564/3/5
f 1566/3/5 1563/3/5 1562/3/5
f 1567/3/5 1563/3/5 1566/3/5
f 1568/2/5 1565/2/5 1564/2/5
f 1569/2/5 1565/2/5 1568/2/5
f 1570/2/5 1567/2/5 1566/2/5
f 1571/2/5 1567/2/5 1570/2/5
f 1572/3/5 1569/3/5 1568/3/5
f 1573/3/5 1569/3/5 1572/3/5
f 1574/3/5 1571/3/5 1570/3/5
f 1575/3/5 1571/3/5 1574/3/5
f 1576/2/5 1573/2/5 1572/2/5
f 1577/2/5 1573/2/5 1576/2/5
f 1578/2/5 1575/2/5 1574/2/5
f 1579/2/5 1575/2/5 1578/2/5
f 1580/3/5 1577/3/5 1576/3/5
f 1581/3/5 1577/3/5 1580/3/5
f 1582/3/5 1579/3/5 1578/3/5
f 1583/3/5 1579/3/5 1582/3/5
f 1584/2/5 1581/2/5 1580/2/5
f 1585/2/5 1581/2/5 1584/2/5
f 1586/2/5 1583/2/5 1582/2/5
f 1587/2/5 1583/2/5 1586/2/5
f 1588/3/5 1585/3/5 1584/3/5
f 1589/3/5 1585/3/5 1588/3/5
f 1590/3/5 1587/3/5 1586/3/5
f 1591/3/5 1587/3/5 1590/3/5
f 1592/2/5 1589/2/5 1588/2/5
f 1593/2/5 1589/2/5 1592/2/5
f 1594/2/5 1591/2/5 1590/2/5
f 1595/2/5 1591/2/5 1594/2/5
f 1596/3/5 1593/3/5 1592/3/5
f 1597/3/5 1593/3/5 1596/3/5
f 1598/3/5 1595/3/5 1594/3/5
f 1599/3/5 1595/3/5 1598/3/5
f 1600/2/5 1597/2/5 1596/2/5
f 1601/2/5 1597/2/5 1600/2/5
f 1602/2/5 1599/2/5 1598/2/5
f 1603/2/5 1599/2/5 1602/2/5
f 1604/3/5 1601/3/5 1600/3/5
f 1605/3/5 1601/3/5 1604/3/5
f 1606/3/5 1603/3/5 1602/3/5
f 1607/3/5 1603/3/5 1606/3/5
f 1608/2/5 1605/2/5 1604/2/5
f 1609/2/5 1605/2/5 1608/2/5
f 1610/2/5 1607/2/5 1606/2/5
f 1611/2/5 1607/2/5 1610/2/5
f 1612/3/5 1609/3/5 1608/3/5
f 1613/3/5 1609/3/5 1612/3/5
f 1614/3/5 1611/3/5 1610/3/5
f 1615/3/5 1611/3/5 1614/3/5
f 1616/2/5 1613/2/5 1612/2/5
f 1617/2/5 1613/2/5 1616/2/5
f 1618/2/5 1615/2/5 1614/2/5
f 1619/2/5 1615/2/5 1618/2/5
f 1620/3/5 1617/3/5 1616/3/5
f 1621/3/5 1617/3/5 1620/3/5
f 1622/3/5 1619/3/5 1618/3/5
f 1623/3/5 1619/3/5 1622/3/5
f 1624/2/5 1621/2/5 1620/2/5
f 1625/2/5 1621/2/5 1624/2/5
f 1626/2/5 1623/2/5 1622/2/5
f 1627/2/5 1623/2/5 1626/2/5
f 1628/3/5 1625/3/5 1624/3/5
f 1629/3/5 1625/3/5 1628/3/5
f 1630/3/5 1627/3/5 1626/3/5
f 1631/3/5 1627/3/5 1630/3/5
f 1632/2/5 1629/2/5 1628/2/5
f 1633/2/5 1629/2/5 1632/2/5
f 1634/2/5 1631/2/5 1630/2/5
f 1635/2/5 1631/2/5 1634/2/5
f 1640/3/5 1637/3/5 1636/3/5
f 1641/3/5 1637/3/5 1640/3/5
f 1642/3/5 1639/3/5 1638/3/5
f 1643/3/5 1639/3/5 1642/3/5
f 1648/3/5 1645/3/5 1644/3/5
f 1649/3/5 1645/3/5 1648/3/5
f 1650/3/5 1647/3/5 1646/3/5
f 1651/3/5 1647/3/5 1650/3/5
f 1656/2/5 1653/2/5 1652/2/5
f 1657/2/5 1653/2/5 1656/2/5
f 1658/2/5 1655/2/5 1654/2/5
f 1659/2/5 1655/2/5 1658/2/5
f 1664/2/5 1661/2/5 1660/2/5
f 1665/2/5 1661/2/5 1664/2/5
f 1666/2/5 1663/2/5 1662/2/5
f 1667/2/5 1663/2/5 1666/2/5
f 1672/2/5 1669/2/5 1668/2/5
f 1675/2/5 1671/2/5 1670/2/5
f 1676/3/5 1673/3/5 1672/3/5
f 1676/2/5 1672/2/5 1668/2/5
f 1677/3/5 1673/3/5 1676/3/5
f 1678/3/5 1675/3/5 1674/3/5
f 1679/2/5 1671/2/5 1675/2/5
f 1679/3/5 1675/3/5 1678/3/5
f 1680/2/5 1676/2/5 1668/2/5
f 1689/2/5 1671/2/5 1679/2/5
f 1690/2/5 1682/2/5 1681/2/5
f 1690/5/5 1683/5/5 1682/5/5
f 1691/3/5 1684/3/5 1683/3/5
f 1691/5/5 1683/5/5 1690/5/5
f 1692/2/5 1685/2/5 1684/2/5
f 1692/3/5 1684/3/5 1691/3/5
f 1693/3/5 1686/3/5 1685/3/5
f 1693/2/5 1685/2/5 1692/2/5
f 1694/5/5 1687/5/5 1686/5/5
f 1694/3/5 1686/3/5 1693/3/5
f 1695/2/5 1688/2/5 1687/2/5
f 1695/5/5 1687/5/5 1694/5/5
f 1696/2/5 1680/2/5 1668/2/5
f 1697/2/5 1694/2/5 1693/2/5
f 1697/2/5 1690/2/5 1681/2/5
f 1697/2/5 1695/2/5 1694/2/5
f 1697/2/5 1693/2/5 1692/2/5
f 1697/2/5 1692/2/5 1691/2/5
f 1697/2/5 1691/2/5 1690/2/5
f 1698/2/5 1688/2/5 1695/2/5
f 1698/2/5 1695/2/5 1697/2/5
f 1699/2/5 1671/2/5 1689/2/5
f 1700/2/5 1696/2/5 1668/2/5
f 1701/2/5 1698/2/5 1697/2/5
f 1702/2/5 1698/2/5 1701/2/5
f 1703/2/5 1671/2/5 1699/2/5
f 1704/2/5 1700/2/5 1668/2/5
f 1705/2/5 1702/2/5 1701/2/5
f 1706/2/5 1702/2/5 1705/2/5
f 1707/2/5 1671/2/5 1703/2/5
f 1708/2/5 1704/2/5 1668/2/5
f 1709/2/5 1706/2/5 1705/2/5
f 1710/2/5 1706/2/5 1709/2/5
f 1711/2/5 1671/2/5 1707/2/5
f 1712/2/5 1708/2/5 1668/2/5
f 1713/2/5 1708/2/5 1712/2/5
f 1714/2/5 1710/2/5 1709/2/5
f 1715/2/5 1710/2/5 1714/2/5
f 1716/2/5 1671/2/5 1711/2/5
f 1717/2/5 1671/2/5 1716/2/5
f 1718/3/5 1713/3/5 1712/3/5
f 1719/3/5 1713/3/5 1718/3/5
f 1720/2/5 1715/2/5 1714/2/5
f 1721/2/5 1715/2/5 1720/2/5
f 1722/3/5 1717/3/5 1716/3/5
f 1723/3/5 1717/3/5 1722/3/5
f 1724/2/5 1719/2/5 1718/2/5
f 1725/2/5 1719/2/5 1724/2/5
f 1726/2/5 1721/2/5 1720/2/5
f 1727/2/5 1721/2/5 1726/2/5
f 1728/2/5 1723/2/5 1722/2/5
f 1729/2/5 1723/2/5 1728/2/5
f 1730/3/5 1725/3/5 1724/3/5
f 1731/3/5 1725/3/5 1730/3/5
f 1732/2/5 1727/2/5 1726/2/5
f 1733/2/5 1727/2/5 1732/2/5
f 1734/3/5 1729/3/5 1728/3/5
f 1735/3/5 1729/3/5 1734/3/5
f 1736/2/5 1731/2/5 1730/2/5
f 1737/2/5 1735/2/5 1734/2/5
f 1738/2/5 1736/2/5 1730/2/5
f 1739/2/5 1733/2/5 1732/2/5
f 1740/2/5 1733/2/5 1739/2/5
f 1741/2/5 1735/2/5 1737/2/5
f 1742/2/5 1738/2/5 1730/2/5
f 1743/2/5 1740/2/5 1739/2/5
f 1744/2/5 1740/2/5 1743/2/5
f 1745/2/5 1735/2/5 1741/2/5
f 1746/2/5 1742/2/5 1730/2/5
f 1747/2/5 1744/2/5 1743/2/5
f 1748/2/5 1744/2/5 1747/2/5
f 1749/2/5 1735/2/5 1745/2/5
f 1750/2/5 1746/2/5 1730/2/5
f 1751/2/5 1748/2/5 1747/2/5
f 1752/2/5 1748/2/5 1751/2/5
f 1753/2/5 1735/2/5 1749/2/5
f 1754/2/5 1750/2/5 1730/2/5
f 1755/2/5 1752/2/5 1751/2/5
f 1756/2/5 1752/2/5 1755/2/5
f 1757/2/5 1735/2/5 1753/2/5
f 1758/2/5 1754/2/5 1730/2/5
f 1759/2/5 1756/2/5 1755/2/5
f 1760/2/5 1756/2/5 1759/2/5
f 1761/2/5 1735/2/5 1757/2/5
f 1762/2/5 1758/2/5 1730/2/5
f 1763/2/5 1760/2/5 1759/2/5
f 1764/2/5 1760/2/5 1763/2/5
f 1765/2/5 1735/2/5 1761/2/5
f 1766/2/5 1762/2/5 1730/2/5
f 1767/2/5 1764/2/5 1763/2/5
f 1768/2/5 1764/2/5 1767/2/5
f 1769/2/5 1735/2/5 1765/2/5
f 1770/2/5 1766/2/5 1730/2/5
f 1771/2/5 1768/2/5 1767/2/5
f 1772/2/5 1768/2/5 1771/2/5
f 1773/2/5 1735/2/5 1769/2/5
f 1774/2/5 1770/2/5 1730/2/5
f 1775/2/5 1772/2/5 1771/2/5
f 1776/2/5 1772/2/5 1775/2/5
f 1777/2/5 1735/2/5 1773/2/5
f 1778/2/5 1774/2/5 1730/2/5
f 1779/2/5 1774/2/5 1778/2/5
f 1780/2/5 1776/2/5 1775/2/5
f 1781/2/5 1776/2/5 1780/2/5
f 1782/2/5 1735/2/5 1777/2/5
f 1783/2/5 1735/2/5 1782/2/5
f 1784/2/5 1781/2/5 1780/2/5
f 1785/2/5 1781/2/5 1784/2/5
f 1786/2/5 1785/2/5 1784/2/5
f 1787/2/5 1785/2/5 1786/2/5
f 1788/2/5 1785/2/5 1787/2/5
f 1789/2/5 1785/2/5 1788/2/5
f 1790/2/5 1785/2/5 1789/2/5
f 1791/2/5 1785/2/5 1790/2/5
f 1792/2/5 1785/2/5 1791/2/5
f 1793/2/5 1785/2/5 1792/2/5
f 1795/2/5 1787/2/5 1786/2/5
f 1796/3/5 1788/3/5 1787/3/5
f 1796/2/5 1787/2/5 1795/2/5
f 1797/2/5 1789/2/5 1788/2/5
f 1797/3/5 1788/3/5 1796/3/5
f 1798/3/5 1790/3/5 1789/3/5
f 1798/2/5 1789/2/5 1797/2/5
f 1799/2/5 1791/2/5 1790/2/5
f 1799/3/5 1790/3/5 1798/3/5
f 1800/3/5 1792/3/5 1791/3/5
f 1800/2/5 1791/2/5 1799/2/5
f 1801/2/5 1793/2/5 1792/2/5
f 1801/3/5 1792/3/5 1800/3/5
f 1802/2/5 1793/2/5 1801/2/5
f 1804/3/5 1795/3/5 1794/3/5
f 1805/3/5 1795/3/5 1804/3/5
f 1806/3/5 1803/3/5 1802/3/5
f 1807/3/5 1803/3/5 1806/3/5
f 1812/2/5 1809/2/5 1808/2/5
f 1813/2/5 1809/2/5 1812/2/5
f 1814/2/5 1811/2/5 1810/2/5
f 1815/2/5 1811/2/5 1814/2/5
f 1820/2/5 1817/2/5 1816/2/5
f 1821/2/5 1817/2/5 1820/2/5
f 1822/2/5 1819/2/5 1818/2/5
f 1823/2/5 1819/2/5 1822/2/5
f 1828/2/5 1825/2/5 1824/2/5
f 1829/5/5 1826/5/5 1825/5/5
f 1829/2/5 1825/2/5 1828/2/5
f 1830/5/5 1826/5/5 1829/5/5
f 1831/5/5 1826/5/5 1830/5/5
f 1832/5/5 1826/5/5 1831/5/5
f 1833/5/5 1826/5/5 1832/5/5
f 1834/2/5 1827/2/5 1826/2/5
f 1834/5/5 1826/5/5 1833/5/5
f 1835/2/5 1827/2/5 1834/2/5
f 1840/2/5 1837/2/5 1836/2/5
f 1841/2/5 1837/2/5 1840/2/5
f 1842/2/5 1839/2/5 1838/2/5
f 1843/2/5 1839/2/5 1842/2/5
f 1846/2/5 1845/2/5 1844/2/5
f 1847/2/5 1845/2/5 1846/2/5
f 1848/2/5 1847/2/5 1846/2/5
f 1849/2/5 1847/2/5 1848/2/5
f 1852/3/5 1851/3/5 1850/3/5
f 1853/3/5 1851/3/5 1852/3/5
f 1856/3/5 1855/3/5 1854/3/5
f 1857/3/5 1855/3/5 1856/3/5
f 1858/2/5 1857/2/5 1856/2/5
f 1859/2/5 1857/2/5 1858/2/5
f 1860/5/5 1859/5/5 1858/5/5
f 1861/5/5 1859/5/5 1860/5/5
f 1862/2/5 1861/2/5 1860/2/5
f 1863/2/5 1861/2/5 1862/2/5
f 1864/5/5 1863/5/5 1862/5/5
f 1865/5/5 1863/5/5 1864/5/5
f 1866/2/5 1865/2/5 1864/2/5
f 1867/2/5 1865/2/5 1866/2/5
f 1868/5/5 1867/5/5 1866/5/5
f 1869/5/5 1867/5/5 1868/5/5
f 1870/2/5 1869/2/5 1868/2/5
f 1871/2/5 1869/2/5 1870/2/5
f 1874/3/5 1873/3/5 1872/3/5
f 1875/3/5 1873/3/5 1874/3/5
f 1878/2/5 1877/2/5 1876/2/5
f 1879/2/5 1877/2/5 1878/2/5
f 1880/2/6 1881/2/6 1890/2/6
f 1881/2/6 1882/2/6 1890/2/6
f 1882/2/6 1883/2/6 1890/2/6
f 1883/3/6 1884/3/6 1891/3/6
f 1890/2/6 1883/2/6 1891/2/6
f 1884/3/6 1885/3/6 1891/3/6
f 1885/3/6 1886/3/6 1891/3/6
f 1888/2/6 1889/2/6 1892/2/6
f 1891/3/6 1886/3/6 1892/3/6
f 1887/2/6 1888/2/6 1892/2/6
f 1886/2/6 1887/2/6 1892/2/6
f 1892/2/6 1889/2/6 1893/2/6
f 1894/2/6 1895/2/6 1904/2/6
f 1895/2/6 1896/2/6 1904/2/6
f 1896/5/6 1897/5/6 1905/5/6
f 1904/2/6 1896/2/6 1905/2/6
f 1897/2/6 1898/2/6 1906/2/6
f 1905/5/6 1897/5/6 1906/5/6
f 1898/3/6 1899/3/6 1907/3/6
f 1906/2/6 1898/2/6 1907/2/6
f 1899/2/6 1900/2/6 1908/2/6
f 1907/3/6 1899/3/6 1908/3/6
f 1900/5/6 1901/5/6 1909/5/6
f 1908/2/6 1900/2/6 1909/2/6
f 1902/2/6 1903/2/6 1910/2/6
f 1909/5/6 1901/5/6 1910/5/6
f 1901/2/6 1902/2/6 1910/2/6
f 1910/2/6 1903/2/6 1911/2/6
f 1912/2/6 1913/2/6 1922/2/6
f 1913/5/6 1914/5/6 1923/5/6
f 1922/2/6 1913/2/6 1923/2/6
f 1914/3/6 1915/3/6 1924/3/6
f 1923/5/6 1914/5/6 1924/5/6
f 1915/2/6 1916/2/6 1925/2/6
f 1924/3/6 1915/3/6 1925/3/6
f 1925/2/6 1916/2/6 1926/2/6
f 1917/2/6 1918/2/6 1927/2/6
f 1918/3/6 1919/3/6 1928/3/6
f 1927/2/6 1918/2/6 1928/2/6
f 1919/5/6 1920/5/6 1929/5/6
f 1928/3/6 1919/3/6 1929/3/6
f 1920/2/6 1921/2/6 1930/2/6
f 1929/5/6 1920/5/6 1930/5/6
f 1930/2/6 1921/2/6 1931/2/6
f 1932/2/6 1933/2/6 1936/2/6
f 1936/2/6 1933/2/6 1937/2/6
f 1934/2/6 1935/2/6 1938/2/6
f 1938/2/6 1935/2/6 1939/2/6
f 1940/5/6 1941/5/6 1944/5/6
f 1944/5/6 1941/5/6 1945/5/6
f 1942/5/6 1943/5/6 1946/5/6
f 1946/5/6 1943/5/6 1947/5/6
f 1944/2/6 1945/2/6 1948/2/6
f 1948/2/6 1945/2/6 1949/2/6
f 1946/2/6 1947/2/6 1950/2/6
f 1950/2/6 1947/2/6 1951/2/6
f 1948/3/6 1949/3/6 1952/3/6
f 1952/3/6 1949/3/6 1953/3/6
f 1950/3/6 1951/3/6 1954/3/6
f 1954/3/6 1951/3/6 1955/3/6
f 1952/2/6 1953/2/6 1956/2/6
f 1954/2/6 1955/2/6 1957/2/6
f 1952/2/6 1956/2/6 1958/2/6
f 1958/2/6 1956/2/6 1959/2/6
f 1957/2/6 1955/2/6 1960/2/6
f 1960/2/6 1955/2/6 1961/2/6
f 1958/5/6 1959/5/6 1962/5/6
f 1960/5/6 1961/5/6 1963/5/6
f 1958/5/6 1962/5/6 1964/5/6
f 1963/5/6 1961/5/6 1965/5/6
f 1958/5/6 1964/5/6 1966/5/6
f 1966/5/6 1964/5/6 1967/5/6
f 1965/5/6 1961/5/6 1968/5/6
f 1968/5/6 1961/5/6 1969/5/6
f 1966/3/6 1967/3/6 1970/3/6
f 1970/3/6 1967/3/6 1971/3/6
f 1968/3/6 1969/3/6 1972/3/6
f 1972/3/6 1969/3/6 1973/3/6
f 1970/2/6 1971/2/6 1974/2/6
f 1974/2/6 1971/2/6 1975/2/6
f 1972/2/6 1973/2/6 1976/2/6
f 1976/2/6 1973/2/6 1977/2/6
f 1974/5/6 1975/5/6 1978/5/6
f 1978/5/6 1975/5/6 1979/5/6
f 1976/5/6 1977/5/6 1980/5/6
f 1980/5/6 1977/5/6 1981/5/6
f 1978/3/6 1979/3/6 1982/3/6
f 1982/3/6 1979/3/6 1983/3/6
f 1980/3/6 1981/3/6 1984/3/6
f 1984/3/6 1981/3/6 1985/3/6
f 1982/5/6 1983/5/6 1986/5/6
f 1984/5/6 1985/5/6 1993/5/6
f 1982/5/6 1986/5/6 1994/5/6
f 1986/3/6 1987/3/6 1994/3/6
f 1987/3/6 1988/3/6 1994/3/6
f 1994/3/6 1988/3/6 1995/3/6
f 1988/2/6 1989/2/6 1996/2/6
f 1995/3/6 1988/3/6 1996/3/6
f 1996/2/6 1989/2/6 1997/2/6
f 1990/2/6 1991/2/6 1998/2/6
f 1991/3/6 1992/3/6 1999/3/6
f 1998/2/6 1991/2/6 1999/2/6
f 1992/3/6 1993/3/6 1999/3/6
f 1999/3/6 1993/3/6 2000/3/6
f 1993/5/6 1985/5/6 2001/5/6
f 2000/3/6 1993/3/6 2001/3/6
f 1982/5/6 1994/5/6 2002/5/6
f 1994/2/6 1995/2/6 2003/2/6
f 2002/5/6 1994/5/6 2003/5/6
f 2003/2/6 1995/2/6 2004/2/6
f 2000/2/6 2001/2/6 2005/2/6
f 2001/5/6 1985/5/6 2006/5/6
f 2005/2/6 2001/2/6 2006/2/6
f 2006/5/6 1985/5/6 2007/5/6
f 2003/3/6 2004/3/6 2008/3/6
f 2008/3/6 2004/3/6 2009/3/6
f 2005/3/6 2006/3/6 2010/3/6
f 2010/3/6 2006/3/6 2011/3/6
f 2008/2/6 2009/2/6 2012/2/6
f 2012/2/6 2009/2/6 2013/2/6
f 2010/2/6 2011/2/6 2014/2/6
f 2014/2/6 2011/2/6 2015/2/6
f 2012/3/6 2013/3/6 2016/3/6
f 2016/3/6 2013/3/6 2017/3/6
f 2014/3/6 2015/3/6 2018/3/6
f 2018/3/6 2015/3/6 2019/3/6
f 2020/2/6 2021/2/6 2032/2/6
f 2021/2/6 2022/2/6 2032/2/6
f 2022/2/6 2023/2/6 2032/2/6
f 2023/3/6 2024/3/6 2033/3/6
f 2032/2/6 2023/2/6 2033/2/6
f 2024/2/6 2025/2/6 2034/2/6
f 2033/3/6 2024/3/6 2034/3/6
f 2034/2/6 2025/2/6 2035/2/6
f 2026/2/6 2027/2/6 2036/2/6
f 2027/3/6 2028/3/6 2037/3/6
f 2036/2/6 2027/2/6 2037/2/6
f 2030/2/6 2031/2/6 2038/2/6
f 2037/3/6 2028/3/6 2038/3/6
f 2029/2/6 2030/2/6 2038/2/6
f 2028/2/6 2029/2/6 2038/2/6
f 2038/2/6 2031/2/6 2039/2/6
f 2040/2/6 2041/2/6 2054/2/6
f 2041/2/6 2042/2/6 2054/2/6
f 2042/3/6 2043/3/6 2055/3/6
f 2054/2/6 2042/2/6 2055/2/6
f 2043/5/6 2044/5/6 2056/5/6
f 2055/3/6 2043/3/6 2056/3/6
f 2044/3/6 2045/3/6 2057/3/6
f 2056/5/6 2044/5/6 2057/5/6
f 2045/2/6 2046/2/6 2058/2/6
f 2057/3/6 2045/3/6 2058/3/6
f 2058/2/6 2046/2/6 2059/2/6
f 2047/2/6 2048/2/6 2060/2/6
f 2048/3/6 2049/3/6 2061/3/6
f 2060/2/6 2048/2/6 2061/2/6
f 2049/5/6 2050/5/6 2062/5/6
f 2061/3/6 2049/3/6 2062/3/6
f 2050/3/6 2051/3/6 2063/3/6
f 2062/5/6 2050/5/6 2063/5/6
f 2052/2/6 2053/2/6 2064/2/6
f 2063/3/6 2051/3/6 2064/3/6
f 2051/2/6 2052/2/6 2064/2/6
f 2064/2/6 2053/2/6 2065/2/6
f 2066/2/6 2067/2/6 2070/2/6
f 2070/2/6 2067/2/6 2071/2/6
f 2068/2/6 2069/2/6 2072/2/6
f 2072/2/6 2069/2/6 2073/2/6
f 2070/3/6 2071/3/6 2074/3/6
f 2074/3/6 2071/3/6 2075/3/6
f 2072/3/6 2073/3/6 2076/3/6
f 2076/3/6 2073/3/6 2077/3/6
f 2074/2/6 2075/2/6 2078/2/6
f 2078/2/6 2075/2/6 2079/2/6
f 2076/2/6 2077/2/6 2080/2/6
f 2080/2/6 2077/2/6 2081/2/6
f 2078/3/6 2079/3/6 2082/3/6
f 2082/3/6 2079/3/6 2083/3/6
f 2080/3/6 2081/3/6 2084/3/6
f 2084/3/6 2081/3/6 2085/3/6
f 2082/2/6 2083/2/6 2086/2/6
f 2086/2/6 2083/2/6 2087/2/6
f 2084/2/6 2085/2/6 2088/2/6
f 2088/2/6 2085/2/6 2089/2/6
f 2086/3/6 2087/3/6 2090/3/6
f 2090/3/6 2087/3/6 2091/3/6
f 2088/3/6 2089/3/6 2092/3/6
f 2092/3/6 2089/3/6 2093/3/6
f 2090/2/6 2091/2/6 2094/2/6
f 2094/2/6 2091/2/6 2095/2/6
f 2092/2/6 2093/2/6 2096/2/6
f 2096/2/6 2093/2/6 2097/2/6
f 2094/3/6 2095/3/6 2098/3/6
f 2098/3/6 2095/3/6 2099/3/6
f 2096/3/6 2097/3/6 2100/3/6
f 2100/3/6 2097/3/6 2101/3/6
f 2098/2/6 2099/2/6 2102/2/6
f 2102/2/6 2099/2/6 2103/2/6
f 2100/2/6 2101/2/6 2104/2/6
f 2104/2/6 2101/2/6 2105/2/6
f 2102/3/6 2103/3/6 2106/3/6
f 2106/3/6 2103/3/6 2107/3/6
f 2104/3/6 2105/3/6 2108/3/6
f 2108/3/6 2105/3/6 2109/3/6
f 2106/2/6 2107/2/6 2110/2/6
f 2108/2/6 2109/2/6 2127/2/6
f 2106/2/6 2110/2/6 2128/2/6
f 2110/3/6 2111/3/6 2129/3/6
f 2128/2/6 2110/2/6 2129/2/6
f 2111/3/6 2112/3/6 2129/3/6
f 2112/3/6 2113/3/6 2129/3/6
f 2113/5/6 2114/5/6 2130/5/6
f 2129/3/6 2113/3/6 2130/3/6
f 2114/3/6 2115/3/6 2131/3/6
f 2130/5/6 2114/5/6 2131/5/6
f 2115/2/6 2116/2/6 2132/2/6
f 2131/3/6 2115/3/6 2132/3/6
f 2116/2/6 2117/2/6 2132/2/6
f 2117/2/6 2118/2/6 2132/2/6
f 2132/2/6 2118/2/6 2133/2/6
f 2119/2/6 2120/2/6 2134/2/6
f 2120/2/6 2121/2/6 2134/2/6
f 2121/2/6 2122/2/6 2134/2/6
f 2122/3/6 2123/3/6 2135/3/6
f 2134/2/6 2122/2/6 2135/2/6
f 2123/5/6 2124/5/6 2136/5/6
f 2135/3/6 2123/3/6 2136/3/6
f 2125/3/6 2126/3/6 2137/3/6
f 2136/5/6 2124/5/6 2137/5/6
f 2126/3/6 2127/3/6 2137/3/6
f 2124/3/6 2125/3/6 2137/3/6
f 2127/2/6 2109/2/6 2138/2/6
f 2137/3/6 2127/3/6 2138/3/6
f 2138/2/6 2109/2/6 2139/2/6
f 2140/3/6 2141/3/6 2142/3/6
f 2142/3/6 2141/3/6 2143/3/6
f 2142/2/6 2143/2/6 2144/2/6
f 2144/2/6 2143/2/6 2145/2/6
f 2144/5/6 2145/5/6 2146/5/6
f 2146/5/6 2145/5/6 2147/5/6
f 2146/2/6 2147/2/6 2148/2/6
f 2148/2/6 2147/2/6 2149/2/6
f 2148/5/6 2149/5/6 2150/5/6
f 2150/5/6 2149/5/6 2151/5/6
f 2150/2/6 2151/2/6 2152/2/6
f 2152/2/6 2151/2/6 2153/2/6
f 2152/5/6 2153/5/6 2154/5/6
f 2154/5/6 2153/5/6 2155/5/6
f 2154/2/6 2155/2/6 2156/2/6
f 2156/2/6 2155/2/6 2157/2/6
f 2158/2/6 2159/2/6 2176/2/6
f 2159/3/6 2160/3/6 2177/3/6
f 2176/2/6 2159/2/6 2177/2/6
f 2160/5/6 2161/5/6 2178/5/6
f 2177/3/6 2160/3/6 2178/3/6
f 2161/3/6 2162/3/6 2179/3/6
f 2178/5/6 2161/5/6 2179/5/6
f 2162/5/6 2163/5/6 2180/5/6
f 2179/3/6 2162/3/6 2180/3/6
f 2163/3/6 2164/3/6 2181/3/6
f 2180/5/6 2163/5/6 2181/5/6
f 2164/5/6 2165/5/6 2182/5/6
f 2181/3/6 2164/3/6 2182/3/6
f 2165/2/6 2166/2/6 2183/2/6
f 2182/5/6 2165/5/6 2183/5/6
f 2183/2/6 2166/2/6 2184/2/6
f 2167/2/6 2168/2/6 2185/2/6
f 2168/5/6 2169/5/6 2186/5/6
f 2185/2/6 2168/2/6 2186/2/6
f 2169/3/6 2170/3/6 2187/3/6
f 2186/5/6 2169/5/6 2187/5/6
f 2170/5/6 2171/5/6 2188/5/6
f 2187/3/6 2170/3/6 2188/3/6
f 2171/3/6 2172/3/6 2189/3/6
f 2188/5/6 2171/5/6 2189/5/6
f 2172/5/6 2173/5/6 2190/5/6
f 2189/3/6 2172/3/6 2190/3/6
f 2173/3/6 2174/3/6 2191/3/6
f 2190/5/6 2173/5/6 2191/5/6
f 2174/2/6 2175/2/6 2192/2/6
f 2191/3/6 2174/3/6 2192/3/6
f 2192/2/6 2175/2/6 2193/2/6
f 2194/3/6 2195/3/6 2196/3/6
f 2196/3/6 2195/3/6 2197/3/6
f 2198/2/6 2199/2/6 2206/2/6
f 2204/2/6 2205/2/6 2206/2/6
f 2203/2/6 2204/2/6 2206/2/6
f 2202/2/6 2203/2/6 2206/2/6
f 2201/2/6 2202/2/6 2206/2/6
f 2200/2/6 2201/2/6 2206/2/6
f 2199/2/6 2200/2/6 2206/2/6
f 2206/2/6 2205/2/6 2207/2/6
f 2207/2/6 2205/2/6 2208/2/6
f 2208/2/6 2205/2/6 2209/2/6
f 2207/3/6 2208/3/6 2210/3/6
f 2210/3/6 2208/3/6 2211/3/6
f 2213/2/6 2214/2/6 2218/2/6
f 2214/5/6 2215/5/6 2218/5/6
f 2218/5/6 2215/5/6 2219/5/6
f 2219/5/6 2215/5/6 2220/5/6
f 2220/5/6 2215/5/6 2221/5/6
f 2221/5/6 2215/5/6 2222/5/6
f 2215/2/6 2216/2/6 2223/2/6
f 2222/5/6 2215/5/6 2223/5/6
f 2212/5/6 2213/5/6 2224/5/6
f 2213/2/6 2218/2/6 2225/2/6
f 2224/5/6 2213/5/6 2225/5/6
f 2218/3/6 2219/3/6 2226/3/6
f 2225/2/6 2218/2/6 2226/2/6
f 2219/5/6 2220/5/6 2227/5/6
f 2226/3/6 2219/3/6 2227/3/6
f 2227/5/6 2220/5/6 2228/5/6
f 2220/2/6 2221/2/6 2229/2/6
f 2228/5/6 2220/5/6 2229/5/6
f 2221/5/6 2222/5/6 2230/5/6
f 2229/2/6 2221/2/6 2230/2/6
f 2230/5/6 2222/5/6 2231/5/6
f 2222/3/6 2223/3/6 2232/3/6
f 2231/5/6 2222/5/6 2232/5/6
f 2223/2/6 2216/2/6 2233/2/6
f 2232/3/6 2223/3/6 2233/3/6
f 2216/5/6 2217/5/6 2234/5/6
f 2233/2/6 2216/2/6 2234/2/6
f 2234/5/6 2217/5/6 2235/5/6
f 2212/5/6 2224/5/6 2236/5/6
f 2224/3/6 2225/3/6 2236/3/6
f 2225/5/6 2226/5/6 2237/5/6
f 2236/3/6 2225/3/6 2237/3/6
f 2226/3/6 2227/3/6 2238/3/6
f 2237/5/6 2226/5/6 2238/5/6
f 2238/3/6 2227/3/6 2239/3/6
f 2228/5/6 2229/5/6 2240/5/6
f 2227/2/6 2228/2/6 2240/2/6
f 2230/5/6 2231/5/6 2240/5/6
f 2229/5/6 2230/5/6 2240/5/6
f 2240/5/6 2231/5/6 2241/5/6
f 2241/5/6 2231/5/6 2242/5/6
f 2242/5/6 2231/5/6 2243/5/6
f 2243/5/6 2231/5/6 2244/5/6
f 2244/5/6 2231/5/6 2245/5/6
f 2245/5/6 2231/5/6 2246/5/6
f 2231/2/6 2232/2/6 2247/2/6
f 2246/5/6 2231/5/6 2247/5/6
f 2232/3/6 2233/3/6 2248/3/6
f 2233/5/6 2234/5/6 2249/5/6
f 2248/3/6 2233/3/6 2249/3/6
f 2234/3/6 2235/3/6 2250/3/6
f 2249/5/6 2234/5/6 2250/5/6
f 2235/5/6 2217/5/6 2251/5/6
f 2250/3/6 2235/3/6 2251/3/6
f 2212/5/6 2236/5/6 2252/5/6
f 2237/5/6 2238/5/6 2252/5/6
f 2236/5/6 2237/5/6 2252/5/6
f 2252/5/6 2238/5/6 2253/5/6
f 2253/5/6 2238/5/6 2254/5/6
f 2241/5/6 2242/5/6 2255/5/6
f 2242/3/6 2243/3/6 2255/3/6
f 2243/5/6 2244/5/6 2256/5/6
f 2255/3/6 2243/3/6 2256/3/6
f 2244/3/6 2245/3/6 2257/3/6
f 2256/5/6 2244/5/6 2257/5/6
f 2245/5/6 2246/5/6 2258/5/6
f 2257/3/6 2245/3/6 2258/3/6
f 2249/5/6 2250/5/6 2259/5/6
f 2250/5/6 2251/5/6 2259/5/6
f 2251/5/6 2217/5/6 2260/5/6
f 2259/5/6 2251/5/6 2260/5/6
f 2260/5/6 2217/5/6 2261/5/6
f 2253/3/6 2254/3/6 2262/3/6
f 2252/2/6 2253/2/6 2262/2/6
f 2254/5/6 2238/5/6 2263/5/6
f 2262/3/6 2254/3/6 2263/3/6
f 2239/3/6 2227/3/6 2264/3/6
f 2238/2/6 2239/2/6 2264/2/6
f 2227/2/6 2240/2/6 2265/2/6
f 2264/3/6 2227/3/6 2265/3/6
f 2240/2/6 2241/2/6 2265/2/6
f 2256/5/6 2257/5/6 2266/5/6
f 2257/5/6 2258/5/6 2266/5/6
f 2241/5/6 2255/5/6 2266/5/6
f 2255/5/6 2256/5/6 2266/5/6
f 2266/5/6 2258/5/6 2267/5/6
f 2267/5/6 2258/5/6 2268/5/6
f 2258/5/6 2246/5/6 2269/5/6
f 2268/5/6 2258/5/6 2269/5/6
f 2247/2/6 2232/2/6 2270/2/6
f 2246/2/6 2247/2/6 2270/2/6
f 2232/3/6 2248/3/6 2270/3/6
f 2248/2/6 2249/2/6 2271/2/6
f 2270/3/6 2248/3/6 2271/3/6
f 2249/5/6 2259/5/6 2272/5/6
f 2259/3/6 2260/3/6 2272/3/6
f 2260/2/6 2261/2/6 2273/2/6
f 2272/3/6 2260/3/6 2273/3/6
f 2262/2/6 2263/2/6 2274/2/6
f 2252/2/6 2262/2/6 2274/2/6
f 2274/2/6 2263/2/6 2275/2/6
f 2263/5/6 2238/5/6 2276/5/6
f 2275/2/6 2263/2/6 2276/2/6
f 2266/3/6 2267/3/6 2277/3/6
f 2241/5/6 2266/5/6 2277/5/6
f 2267/5/6 2268/5/6 2278/5/6
f 2277/3/6 2267/3/6 2278/3/6
f 2278/5/6 2268/5/6 2279/5/6
f 2279/5/6 2268/5/6 2280/5/6
f 2268/3/6 2269/3/6 2281/3/6
f 2280/5/6 2268/5/6 2281/5/6
f 2269/5/6 2246/5/6 2282/5/6
f 2281/3/6 2269/3/6 2282/3/6
f 2272/2/6 2273/2/6 2283/2/6
f 2249/5/6 2272/5/6 2283/5/6
f 2273/2/6 2261/2/6 2284/2/6
f 2283/2/6 2273/2/6 2284/2/6
f 2284/2/6 2261/2/6 2285/2/6
f 2274/5/6 2275/5/6 2286/5/6
f 2275/3/6 2276/3/6 2287/3/6
f 2286/5/6 2275/5/6 2287/5/6
f 2276/5/6 2238/5/6 2288/5/6
f 2287/3/6 2276/3/6 2288/3/6
f 2277/5/6 2278/5/6 2289/5/6
f 2278/3/6 2279/3/6 2289/3/6
f 2279/5/6 2280/5/6 2290/5/6
f 2289/3/6 2279/3/6 2290/3/6
f 2280/3/6 2281/3/6 2291/3/6
f 2290/5/6 2280/5/6 2291/5/6
f 2281/5/6 2282/5/6 2292/5/6
f 2291/3/6 2281/3/6 2292/3/6
f 2249/5/6 2283/5/6 2293/5/6
f 2283/3/6 2284/3/6 2293/3/6
f 2284/5/6 2285/5/6 2294/5/6
f 2293/3/6 2284/3/6 2294/3/6
f 2294/5/6 2285/5/6 2295/5/6
f 2289/5/6 2290/5/6 2296/5/6
f 2277/5/6 2289/5/6 2296/5/6
f 2290/5/6 2291/5/6 2296/5/6
f 2291/5/6 2292/5/6 2296/5/6
f 2296/5/6 2292/5/6 2297/5/6
f 2297/5/6 2292/5/6 2298/5/6
f 2292/5/6 2282/5/6 2299/5/6
f 2298/5/6 2292/5/6 2299/5/6
f 2286/2/6 2287/2/6 2300/2/6
f 2287/5/6 2288/5/6 2301/5/6
f 2300/2/6 2287/2/6 2301/2/6
f 2264/2/6 2265/2/6 2302/2/6
f 2301/5/6 2288/5/6 2302/5/6
f 2238/2/6 2264/2/6 2302/2/6
f 2288/5/6 2238/5/6 2302/5/6
f 2265/2/6 2241/2/6 2303/2/6
f 2302/2/6 2265/2/6 2303/2/6
f 2241/5/6 2277/5/6 2303/5/6
f 2277/5/6 2296/5/6 2303/5/6
f 2296/2/6 2297/2/6 2304/2/6
f 2303/5/6 2296/5/6 2304/5/6
f 2297/5/6 2298/5/6 2305/5/6
f 2304/2/6 2297/2/6 2305/2/6
f 2298/2/6 2299/2/6 2306/2/6
f 2305/5/6 2298/5/6 2306/5/6
f 2299/5/6 2282/5/6 2307/5/6
f 2306/2/6 2299/2/6 2307/2/6
f 2246/2/6 2270/2/6 2308/2/6
f 2307/5/6 2282/5/6 2308/5/6
f 2270/2/6 2271/2/6 2308/2/6
f 2282/5/6 2246/5/6 2308/5/6
f 2249/5/6 2293/5/6 2309/5/6
f 2308/2/6 2271/2/6 2309/2/6
f 2271/2/6 2249/2/6 2309/2/6
f 2293/5/6 2294/5/6 2309/5/6
f 2294/2/6 2295/2/6 2310/2/6
f 2309/5/6 2294/5/6 2310/5/6
f 2310/2/6 2295/2/6 2311/2/6
f 2301/5/6 2302/5/6 2312/5/6
f 2307/5/6 2308/5/6 2312/5/6
f 2310/5/6 2311/5/6 2312/5/6
f 2309/5/6 2310/5/6 2312/5/6
f 2306/5/6 2307/5/6 2312/5/6
f 2303/5/6 2304/5/6 2312/5/6
f 2300/5/6 2301/5/6 2312/5/6
f 2302/5/6 2303/5/6 2312/5/6
f 2308/5/6 2309/5/6 2312/5/6
f 2304/5/6 2305/5/6 2312/5/6
f 2305/5/6 2306/5/6 2312/5/6
f 2312/5/6 2311/5/6 2313/5/6
f 2313/5/6 2311/5/6 2314/5/6
f 2314/5/6 2311/5/6 2315/5/6
f 2300/5/6 2312/5/6 2316/5/6
f 2316/5/6 2312/5/6 2317/5/6
f 2312/2/6 2313/2/6 2318/2/6
f 2317/5/6 2312/5/6 2318/5/6
f 2313/5/6 2314/5/6 2319/5/6
f 2318/2/6 2313/2/6 2319/2/6
f 2319/5/6 2314/5/6 2320/5/6
f 2320/5/6 2314/5/6 2321/5/6
f 2314/2/6 2315/2/6 2322/2/6
f 2321/5/6 2314/5/6 2322/5/6
f 2315/5/6 2311/5/6 2323/5/6
f 2322/2/6 2315/2/6 2323/2/6
f 2323/5/6 2311/5/6 2324/5/6
f 2324/5/6 2311/5/6 2325/5/6
f 2317/3/6 2318/3/6 2326/3/6
f 2318/2/6 2319/2/6 2326/2/6
f 2319/3/6 2320/3/6 2327/3/6
f 2326/2/6 2319/2/6 2327/2/6
f 2320/5/6 2321/5/6 2328/5/6
f 2328/5/6 2321/5/6 2329/5/6
f 2329/5/6 2321/5/6 2330/5/6
f 2330/5/6 2321/5/6 2331/5/6
f 2321/3/6 2322/3/6 2332/3/6
f 2322/2/6 2323/2/6 2332/2/6
f 2323/3/6 2324/3/6 2333/3/6
f 2332/2/6 2323/2/6 2333/2/6
f 2326/5/6 2327/5/6 2334/5/6
f 2327/3/6 2320/3/6 2335/3/6
f 2334/5/6 2327/5/6 2335/5/6
f 2320/5/6 2328/5/6 2336/5/6
f 2335/3/6 2320/3/6 2336/3/6
f 2331/5/6 2321/5/6 2337/5/6
f 2321/3/6 2332/3/6 2337/3/6
f 2332/5/6 2333/5/6 2338/5/6
f 2337/3/6 2332/3/6 2338/3/6
f 2338/5/6 2333/5/6 2339/5/6
f 2316/2/6 2317/2/6 2340/2/6
f 2317/3/6 2326/3/6 2341/3/6
f 2340/2/6 2317/2/6 2341/2/6
f 2326/5/6 2334/5/6 2342/5/6
f 2341/3/6 2326/3/6 2342/3/6
f 2336/5/6 2328/5/6 2343/5/6
f 2335/5/6 2336/5/6 2343/5/6
f 2328/2/6 2329/2/6 2343/2/6
f 2329/5/6 2330/5/6 2344/5/6
f 2343/2/6 2329/2/6 2344/2/6
f 2330/2/6 2331/2/6 2345/2/6
f 2344/5/6 2330/5/6 2345/5/6
f 2331/5/6 2337/5/6 2346/5/6
f 2345/2/6 2331/2/6 2346/2/6
f 2337/5/6 2338/5/6 2346/5/6
f 2339/5/6 2333/5/6 2347/5/6
f 2333/3/6 2324/3/6 2347/3/6
f 2324/2/6 2325/2/6 2348/2/6
f 2347/3/6 2324/3/6 2348/3/6
f 2348/2/6 2325/2/6 2349/2/6
f 2340/5/6 2341/5/6 2350/5/6
f 2341/5/6 2342/5/6 2350/5/6
f 2350/5/6 2342/5/6 2351/5/6
f 2342/5/6 2334/5/6 2352/5/6
f 2351/5/6 2342/5/6 2352/5/6
f 2334/3/6 2335/3/6 2353/3/6
f 2352/5/6 2334/5/6 2353/5/6
f 2343/5/6 2344/5/6 2354/5/6
f 2353/3/6 2335/3/6 2354/3/6
f 2345/5/6 2346/5/6 2354/5/6
f 2335/5/6 2343/5/6 2354/5/6
f 2344/5/6 2345/5/6 2354/5/6
f 2354/5/6 2346/5/6 2355/5/6
f 2355/5/6 2346/5/6 2356/5/6
f 2356/5/6 2346/5/6 2357/5/6
f 2346/5/6 2338/5/6 2358/5/6
f 2357/5/6 2346/5/6 2358/5/6
f 2338/3/6 2339/3/6 2359/3/6
f 2358/5/6 2338/5/6 2359/5/6
f 2339/5/6 2347/5/6 2360/5/6
f 2359/3/6 2339/3/6 2360/3/6
f 2348/5/6 2349/5/6 2360/5/6
f 2347/5/6 2348/5/6 2360/5/6
f 2360/5/6 2349/5/6 2361/5/6
f 2361/5/6 2349/5/6 2362/5/6
f 2362/5/6 2349/5/6 2363/5/6
f 2350/3/6 2351/3/6 2364/3/6
f 2351/5/6 2352/5/6 2364/5/6
f 2352/2/6 2353/2/6 2365/2/6
f 2364/5/6 2352/5/6 2365/5/6
f 2353/2/6 2354/2/6 2365/2/6
f 2365/2/6 2354/2/6 2366/2/6
f 2354/5/6 2355/5/6 2367/5/6
f 2366/2/6 2354/2/6 2367/2/6
f 2355/2/6 2356/2/6 2368/2/6
f 2367/5/6 2355/5/6 2368/5/6
f 2356/5/6 2357/5/6 2369/5/6
f 2368/2/6 2356/2/6 2369/2/6
f 2357/2/6 2358/2/6 2370/2/6
f 2369/5/6 2357/5/6 2370/5/6
f 2358/5/6 2359/5/6 2371/5/6
f 2370/2/6 2358/2/6 2371/2/6
f 2359/2/6 2360/2/6 2372/2/6
f 2371/5/6 2359/5/6 2372/5/6
f 2360/2/6 2361/2/6 2372/2/6
f 2372/2/6 2361/2/6 2373/2/6
f 2361/5/6 2362/5/6 2374/5/6
f 2373/2/6 2361/2/6 2374/2/6
f 2362/3/6 2363/3/6 2375/3/6
f 2374/5/6 2362/5/6 2375/5/6
f 2350/3/6 2364/3/6 2376/3/6
f 2340/5/6 2350/5/6 2376/5/6
f 2365/2/6 2366/2/6 2377/2/6
f 2376/3/6 2364/3/6 2377/3/6
f 2364/2/6 2365/2/6 2377/2/6
f 2377/2/6 2366/2/6 2378/2/6
f 2367/5/6 2368/5/6 2379/5/6
f 2378/2/6 2366/2/6 2379/2/6
f 2369/5/6 2370/5/6 2379/5/6
f 2366/5/6 2367/5/6 2379/5/6
f 2371/5/6 2372/5/6 2379/5/6
f 2370/5/6 2371/5/6 2379/5/6
f 2372/5/6 2373/5/6 2379/5/6
f 2368/5/6 2369/5/6 2379/5/6
f 2379/5/6 2373/5/6 2380/5/6
f 2380/5/6 2373/5/6 2381/5/6
f 2374/2/6 2375/2/6 2382/2/6
f 2381/5/6 2373/5/6 2382/5/6
f 2373/2/6 2374/2/6 2382/2/6
f 2382/2/6 2375/2/6 2383/2/6
f 2375/3/6 2363/3/6 2384/3/6
f 2383/2/6 2375/2/6 2384/2/6
f 2363/5/6 2349/5/6 2385/5/6
f 2384/3/6 2363/3/6 2385/3/6
f 2377/2/6 2378/2/6 2386/2/6
f 2376/5/6 2377/5/6 2386/5/6
f 2379/3/6 2380/3/6 2387/3/6
f 2386/2/6 2378/2/6 2387/2/6
f 2378/3/6 2379/3/6 2387/3/6
f 2380/5/6 2381/5/6 2388/5/6
f 2388/5/6 2381/5/6 2389/5/6
f 2383/2/6 2384/2/6 2390/2/6
f 2382/3/6 2383/3/6 2390/3/6
f 2381/3/6 2382/3/6 2390/3/6
f 2384/5/6 2385/5/6 2391/5/6
f 2390/2/6 2384/2/6 2391/2/6
f 2387/3/6 2380/3/6 2392/3/6
f 2386/5/6 2387/5/6 2392/5/6
f 2392/3/6 2380/3/6 2393/3/6
f 2380/5/6 2388/5/6 2394/5/6
f 2393/3/6 2380/3/6 2394/3/6
f 2389/5/6 2381/5/6 2395/5/6
f 2381/3/6 2390/3/6 2395/3/6
f 2395/3/6 2390/3/6 2396/3/6
f 2390/5/6 2391/5/6 2397/5/6
f 2396/3/6 2390/3/6 2397/3/6
f 2340/5/6 2376/5/6 2398/5/6
f 2376/5/6 2386/5/6 2398/5/6
f 2392/5/6 2393/5/6 2398/5/6
f 2386/5/6 2392/5/6 2398/5/6
f 2398/5/6 2393/5/6 2399/5/6
f 2393/2/6 2394/2/6 2400/2/6
f 2399/5/6 2393/5/6 2400/5/6
f 2394/5/6 2388/5/6 2401/5/6
f 2400/2/6 2394/2/6 2401/2/6
f 2401/5/6 2388/5/6 2402/5/6
f 2388/2/6 2389/2/6 2403/2/6
f 2402/5/6 2388/5/6 2403/5/6
f 2389/5/6 2395/5/6 2404/5/6
f 2403/2/6 2389/2/6 2404/2/6
f 2404/5/6 2395/5/6 2405/5/6
f 2395/2/6 2396/2/6 2406/2/6
f 2405/5/6 2395/5/6 2406/5/6
f 2396/5/6 2397/5/6 2407/5/6
f 2406/2/6 2396/2/6 2407/2/6
f 2397/5/6 2391/5/6 2408/5/6
f 2407/5/6 2397/5/6 2408/5/6
f 2385/5/6 2349/5/6 2409/5/6
f 2408/5/6 2391/5/6 2409/5/6
f 2391/5/6 2385/5/6 2409/5/6
f 2398/3/6 2399/3/6 2410/3/6
f 2340/5/6 2398/5/6 2410/5/6
f 2399/5/6 2400/5/6 2411/5/6
f 2410/3/6 2399/3/6 2411/3/6
f 2401/5/6 2402/5/6 2411/5/6
f 2400/5/6 2401/5/6 2411/5/6
f 2407/5/6 2408/5/6 2412/5/6
f 2406/5/6 2407/5/6 2412/5/6
f 2405/5/6 2406/5/6 2412/5/6
f 2408/3/6 2409/3/6 2413/3/6
f 2412/5/6 2408/5/6 2413/5/6
f 2413/3/6 2409/3/6 2414/3/6
f 2409/5/6 2349/5/6 2415/5/6
f 2414/3/6 2409/3/6 2415/3/6
f 2340/5/6 2410/5/6 2416/5/6
f 2410/5/6 2411/5/6 2416/5/6
f 2411/5/6 2402/5/6 2417/5/6
f 2416/5/6 2411/5/6 2417/5/6
f 2402/2/6 2403/2/6 2418/2/6
f 2417/5/6 2402/5/6 2418/5/6
f 2403/5/6 2404/5/6 2419/5/6
f 2418/2/6 2403/2/6 2419/2/6
f 2404/2/6 2405/2/6 2420/2/6
f 2419/5/6 2404/5/6 2420/5/6
f 2405/5/6 2412/5/6 2421/5/6
f 2420/2/6 2405/2/6 2421/2/6
f 2340/5/6 2416/5/6 2422/5/6
f 2422/5/6 2416/5/6 2423/5/6
f 2419/5/6 2420/5/6 2424/5/6
f 2420/5/6 2421/5/6 2424/5/6
f 2417/5/6 2418/5/6 2424/5/6
f 2418/5/6 2419/5/6 2424/5/6
f 2424/5/6 2421/5/6 2425/5/6
f 2425/5/6 2421/5/6 2426/5/6
f 2426/5/6 2421/5/6 2427/5/6
f 2425/5/6 2426/5/6 2429/5/6
f 2421/5/6 2412/5/6 2430/5/6
f 2427/5/6 2421/5/6 2430/5/6
f 2414/5/6 2415/5/6 2431/5/6
f 2428/5/6 2429/5/6 2432/5/6
f 2432/5/6 2429/5/6 2433/5/6
f 2433/5/6 2429/5/6 2434/5/6
f 2429/5/6 2426/5/6 2435/5/6
f 2434/5/6 2429/5/6 2435/5/6
f 2426/3/6 2427/3/6 2435/3/6
f 2430/5/6 2431/5/6 2436/5/6
f 2435/3/6 2427/3/6 2436/3/6
f 2427/5/6 2430/5/6 2436/5/6
f 2436/5/6 2431/5/6 2437/5/6
f 2437/5/6 2431/5/6 2438/5/6
f 2438/5/6 2431/5/6 2439/5/6
f 2428/5/6 2432/5/6 2440/5/6
f 2432/3/6 2433/3/6 2441/3/6
f 2440/5/6 2432/5/6 2441/5/6
f 2433/5/6 2434/5/6 2442/5/6
f 2441/3/6 2433/3/6 2442/3/6
f 2437/5/6 2438/5/6 2443/5/6
f 2438/3/6 2439/3/6 2443/3/6
f 2439/5/6 2431/5/6 2444/5/6
f 2443/3/6 2439/3/6 2444/3/6
f 2444/5/6 2431/5/6 2445/5/6
f 2428/5/6 2440/5/6 2446/5/6
f 2440/3/6 2441/3/6 2447/3/6
f 2446/5/6 2440/5/6 2447/5/6
f 2441/5/6 2442/5/6 2448/5/6
f 2447/3/6 2441/3/6 2448/3/6
f 2434/3/6 2435/3/6 2449/3/6
f 2448/5/6 2442/5/6 2449/5/6
f 2435/3/6 2436/3/6 2449/3/6
f 2436/3/6 2437/3/6 2449/3/6
f 2442/5/6 2434/5/6 2449/5/6
f 2437/5/6 2443/5/6 2450/5/6
f 2449/3/6 2437/3/6 2450/3/6
f 2443/5/6 2444/5/6 2450/5/6
f 2444/3/6 2445/3/6 2451/3/6
f 2450/5/6 2444/5/6 2451/5/6
f 2445/5/6 2431/5/6 2452/5/6
f 2451/3/6 2445/3/6 2452/3/6
f 2415/5/6 2349/5/6 2453/5/6
f 2452/5/6 2431/5/6 2453/5/6
f 2431/5/6 2415/5/6 2453/5/6
f 2454/3/6 2455/3/6 2458/3/6
f 2458/3/6 2455/3/6 2459/3/6
f 2456/3/6 2457/3/6 2461/3/6
f 2461/3/6 2457/3/6 2462/3/6
f 2454/3/6 2458/3/6 2464/3/6
f 2459/3/6 2455/3/6 2465/3/6
f 2462/3/6 2463/3/6 2466/3/6
f 2460/3/6 2461/3/6 2466/3/6
f 2461/3/6 2462/3/6 2466/3/6
f 2466/3/6 2463/3/6 2467/3/6
f 2454/3/6 2464/3/6 2468/3/6
f 2464/3/6 2465/3/6 2468/3/6
f 2468/3/6 2465/3/6 2469/3/6
f 2469/3/6 2465/3/6 2470/3/6
f 2465/3/6 2455/3/6 2471/3/6
f 2470/3/6 2465/3/6 2471/3/6
f 2469/2/6 2470/2/6 2472/2/6
f 2472/2/6 2470/2/6 2473/2/6
f 2474/3/6 2475/3/6 2476/3/6
f 2476/3/6 2475/3/6 2477/3/6
