# MagicaVoxel @ Ephtracy

# group
o 

# material
mtllib leviafan.mtl
usemtl palette

# normals
vn -1 0 0
vn 1 0 0
vn 0 0 1
vn 0 0 -1
vn 0 -1 0
vn 0 1 0

# texcoords
vt 0.0683594 0.5
vt 0.232422 0.5
vt 0.970703 0.5
vt 0.978516 0.5
vt 0.982422 0.5
vt 0.986328 0.5
vt 0.990234 0.5

# verts
v -2 0.4 0.5
v -2 0.4 -1.8
v -2 0.5 0.4
v -2 0.5 0
v -2 0.5 -0.1
v -2 0.5 -1.2
v -2 0.5 -1.3
v -2 0.5 -1.7
v -2 0.7 0.4
v -2 0.7 0
v -2 0.7 -0.1
v -2 0.7 -1.2
v -2 0.7 -1.3
v -2 0.7 -1.7
v -2 0.8 0.5
v -2 0.8 0
v -2 0.8 -0.1
v -2 0.8 -1.2
v -2 0.8 -1.3
v -2 0.8 -1.8
v -2 1.2 -0.1
v -2 1.2 -1.2
v -2 1.3 0
v -2 1.3 -0.1
v -2 1.3 -0.2
v -2 1.3 -0.3
v -2 1.3 -0.4
v -2 1.3 -0.5
v -2 1.3 -0.6
v -2 1.3 -0.7
v -2 1.3 -0.8
v -2 1.3 -0.9
v -2 1.3 -1
v -2 1.3 -1.1
v -2 1.3 -1.2
v -2 1.3 -1.3
v -2 1.5 -0.1
v -2 1.5 -0.2
v -2 1.5 -0.3
v -2 1.5 -0.4
v -2 1.5 -0.5
v -2 1.5 -0.6
v -2 1.5 -0.7
v -2 1.5 -0.8
v -2 1.5 -0.9
v -2 1.5 -1
v -2 1.5 -1.1
v -2 1.5 -1.2
v -2 1.6 0
v -2 1.6 -1.3
v -1.9 0.4 0.6
v -1.9 0.4 0.5
v -1.9 0.4 -1.8
v -1.9 0.4 -1.9
v -1.9 0.5 0.6
v -1.9 0.5 0.5
v -1.9 0.5 -1.8
v -1.9 0.5 -1.9
v -1.9 0.6 1.2
v -1.9 0.6 1.1
v -1.9 0.6 1
v -1.9 0.6 0.9
v -1.9 0.6 0.8
v -1.9 0.6 0.7
v -1.9 0.6 0.6
v -1.9 0.6 -1.9
v -1.9 0.6 -2
v -1.9 0.6 -2.1
v -1.9 0.6 -2.2
v -1.9 0.6 -2.3
v -1.9 0.6 -2.4
v -1.9 0.6 -2.5
v -1.9 0.7 1.1
v -1.9 0.7 1
v -1.9 0.7 0.9
v -1.9 0.7 0.8
v -1.9 0.7 -2.1
v -1.9 0.7 -2.2
v -1.9 0.7 -2.3
v -1.9 0.7 -2.4
v -1.9 0.8 1.2
v -1.9 0.8 1.1
v -1.9 0.8 1
v -1.9 0.8 0.9
v -1.9 0.8 0.7
v -1.9 0.8 0.5
v -1.9 0.8 0.3
v -1.9 0.8 0
v -1.9 0.8 -1.3
v -1.9 0.8 -1.6
v -1.9 0.8 -1.8
v -1.9 0.8 -2
v -1.9 0.8 -2.2
v -1.9 0.8 -2.3
v -1.9 0.8 -2.4
v -1.9 0.8 -2.5
v -1.9 0.9 0.9
v -1.9 0.9 0.8
v -1.9 0.9 0.7
v -1.9 0.9 0.6
v -1.9 0.9 0.5
v -1.9 0.9 0.4
v -1.9 0.9 0.3
v -1.9 0.9 -1.6
v -1.9 0.9 -1.7
v -1.9 0.9 -1.8
v -1.9 0.9 -1.9
v -1.9 0.9 -2
v -1.9 0.9 -2.1
v -1.9 0.9 -2.2
v -1.9 1 0.8
v -1.9 1 0.7
v -1.9 1 0.6
v -1.9 1 0.5
v -1.9 1 -1.8
v -1.9 1 -1.9
v -1.9 1 -2
v -1.9 1 -2.1
v -1.9 1.1 0.9
v -1.9 1.1 0.8
v -1.9 1.1 0.7
v -1.9 1.1 0.6
v -1.9 1.1 0.4
v -1.9 1.1 0.3
v -1.9 1.1 -1.6
v -1.9 1.1 -1.7
v -1.9 1.1 -1.9
v -1.9 1.1 -2
v -1.9 1.1 -2.1
v -1.9 1.1 -2.2
v -1.9 1.2 0.3
v -1.9 1.2 0
v -1.9 1.2 -1.3
v -1.9 1.2 -1.6
v -1.8 0.4 0.7
v -1.8 0.4 0.6
v -1.8 0.4 -1.9
v -1.8 0.4 -2
v -1.8 0.5 0.7
v -1.8 0.5 0.6
v -1.8 0.5 -1.9
v -1.8 0.5 -2
v -1.8 0.6 0.7
v -1.8 0.6 0.6
v -1.8 0.6 -1.9
v -1.8 0.6 -2
v -1.8 1.3 0
v -1.8 1.3 -0.1
v -1.8 1.3 -1.2
v -1.8 1.3 -1.3
v -1.8 1.5 0
v -1.8 1.5 -0.1
v -1.8 1.5 -1.2
v -1.8 1.5 -1.3
v -1.6 0.6 -2.2
v -1.6 0.6 -2.6
v -1.6 0.7 -2.3
v -1.6 0.7 -2.5
v -1.6 0.8 0.4
v -1.6 0.8 0.3
v -1.6 0.8 -1.6
v -1.6 0.8 -1.7
v -1.6 0.8 -2.3
v -1.6 0.8 -2.5
v -1.6 0.9 -2.3
v -1.6 0.9 -2.5
v -1.6 1 -2.3
v -1.6 1 -2.5
v -1.6 1.1 -2.3
v -1.6 1.1 -2.5
v -1.6 1.2 0.3
v -1.6 1.2 0
v -1.6 1.2 -1.3
v -1.6 1.2 -1.6
v -1.6 1.2 -2.3
v -1.6 1.2 -2.5
v -1.6 1.3 0.4
v -1.6 1.3 0
v -1.6 1.3 -0.1
v -1.6 1.3 -1.2
v -1.6 1.3 -1.3
v -1.6 1.3 -1.7
v -1.6 1.3 -2.2
v -1.6 1.3 -2.6
v -1.6 1.5 0
v -1.6 1.5 -0.1
v -1.6 1.5 -1.2
v -1.6 1.5 -1.3
v -1.5 0.6 1.8
v -1.5 0.6 0.7
v -1.5 0.6 -2
v -1.5 0.6 -2.2
v -1.5 0.6 -2.6
v -1.5 0.6 -3.3
v -1.5 0.7 -2.3
v -1.5 0.7 -2.5
v -1.5 0.8 2
v -1.5 0.8 1.8
v -1.5 0.8 0.7
v -1.5 0.8 0.4
v -1.5 0.8 -1.7
v -1.5 0.8 -2
v -1.5 0.8 -2.3
v -1.5 0.8 -2.5
v -1.5 0.8 -3.3
v -1.5 0.8 -3.7
v -1.5 0.9 -2.3
v -1.5 0.9 -2.5
v -1.5 1 -2.3
v -1.5 1 -2.5
v -1.5 1.1 -2.3
v -1.5 1.1 -2.5
v -1.5 1.1 -3.6
v -1.5 1.1 -3.7
v -1.5 1.2 2
v -1.5 1.2 1.9
v -1.5 1.2 -2.3
v -1.5 1.2 -2.5
v -1.5 1.2 -3.5
v -1.5 1.2 -3.6
v -1.5 1.3 1.9
v -1.5 1.3 0.4
v -1.5 1.3 -1.7
v -1.5 1.3 -2.2
v -1.5 1.3 -2.6
v -1.5 1.3 -3.5
v -1.4 0.4 2
v -1.4 0.4 0.7
v -1.4 0.4 -2
v -1.4 0.4 -3.4
v -1.4 0.6 2.1
v -1.4 0.6 2
v -1.4 0.6 1.8
v -1.4 0.6 0.7
v -1.4 0.6 -2
v -1.4 0.6 -3.3
v -1.4 0.6 -3.4
v -1.4 0.6 -3.5
v -1.4 0.7 2.3
v -1.4 0.7 2.1
v -1.4 0.7 -3.5
v -1.4 0.7 -3.6
v -1.4 0.8 2
v -1.4 0.8 1.8
v -1.4 0.8 -3.3
v -1.4 0.8 -3.6
v -1.4 1.2 2.3
v -1.4 1.2 2.2
v -1.4 1.2 2
v -1.4 1.2 1.9
v -1.4 1.3 2.2
v -1.4 1.3 2.1
v -1.4 1.3 1.9
v -1.4 1.3 -2
v -1.4 1.3 -2.4
v -1.4 1.3 -2.9
v -1.4 1.4 2.1
v -1.4 1.4 0
v -1.4 1.4 -0.1
v -1.4 1.4 -1.2
v -1.4 1.4 -1.3
v -1.4 1.4 -2
v -1.4 1.4 -2.1
v -1.4 1.4 -2.3
v -1.4 1.4 -2.4
v -1.4 1.4 -2.9
v -1.4 1.5 0
v -1.4 1.5 -0.1
v -1.4 1.5 -1.2
v -1.4 1.5 -1.3
v -1.4 1.5 -2.1
v -1.4 1.5 -2.3
v -1.4 1.6 -2.1
v -1.4 1.6 -2.3
v -1.4 1.7 -2.1
v -1.4 1.7 -2.3
v -1.4 1.8 -2
v -1.4 1.8 -2.4
v -1.3 0 1.1
v -1.3 0 1
v -1.3 0 0.9
v -1.3 0 0.8
v -1.3 0 0.7
v -1.3 0 0.6
v -1.3 0 0.5
v -1.3 0 0.4
v -1.3 0 0.3
v -1.3 0 0.2
v -1.3 0 0.0999999
v -1.3 0 0
v -1.3 0 -0.1
v -1.3 0 -0.2
v -1.3 0 -0.3
v -1.3 0 -0.4
v -1.3 0 -0.5
v -1.3 0 -0.6
v -1.3 0 -0.7
v -1.3 0 -0.8
v -1.3 0 -0.9
v -1.3 0 -1
v -1.3 0 -1.1
v -1.3 0 -1.2
v -1.3 0 -1.3
v -1.3 0 -1.4
v -1.3 0 -1.5
v -1.3 0 -1.6
v -1.3 0 -1.7
v -1.3 0 -1.8
v -1.3 0 -1.9
v -1.3 0 -2
v -1.3 0 -2.1
v -1.3 0 -2.2
v -1.3 0 -2.3
v -1.3 0 -2.4
v -1.3 0 -2.5
v -1.3 0 -2.6
v -1.3 0 -2.7
v -1.3 0.1 1.5
v -1.3 0.1 1.4
v -1.3 0.1 1.3
v -1.3 0.1 1.2
v -1.3 0.1 1.1
v -1.3 0.1 1
v -1.3 0.1 0.9
v -1.3 0.1 0.8
v -1.3 0.1 0.7
v -1.3 0.1 0.6
v -1.3 0.1 0.5
v -1.3 0.1 0.4
v -1.3 0.1 0.3
v -1.3 0.1 0.2
v -1.3 0.1 0.0999999
v -1.3 0.1 0
v -1.3 0.1 -0.1
v -1.3 0.1 -0.2
v -1.3 0.1 -0.3
v -1.3 0.1 -0.4
v -1.3 0.1 -0.5
v -1.3 0.1 -0.6
v -1.3 0.1 -0.7
v -1.3 0.1 -0.8
v -1.3 0.1 -0.9
v -1.3 0.1 -1
v -1.3 0.1 -1.1
v -1.3 0.1 -1.2
v -1.3 0.1 -1.3
v -1.3 0.1 -1.4
v -1.3 0.1 -1.5
v -1.3 0.1 -1.6
v -1.3 0.1 -1.7
v -1.3 0.1 -1.8
v -1.3 0.1 -1.9
v -1.3 0.1 -2
v -1.3 0.1 -2.1
v -1.3 0.1 -2.2
v -1.3 0.1 -2.3
v -1.3 0.1 -2.4
v -1.3 0.1 -2.5
v -1.3 0.1 -2.6
v -1.3 0.1 -2.7
v -1.3 0.1 -2.8
v -1.3 0.1 -2.9
v -1.3 0.2 1.8
v -1.3 0.2 1.7
v -1.3 0.2 1.6
v -1.3 0.2 1.5
v -1.3 0.2 1.4
v -1.3 0.2 1.3
v -1.3 0.2 1.2
v -1.3 0.2 1
v -1.3 0.2 0.9
v -1.3 0.2 0.5
v -1.3 0.2 0.4
v -1.3 0.2 0
v -1.3 0.2 -0.1
v -1.3 0.2 -0.5
v -1.3 0.2 -0.6
v -1.3 0.2 -1
v -1.3 0.2 -1.1
v -1.3 0.2 -1.5
v -1.3 0.2 -1.6
v -1.3 0.2 -2
v -1.3 0.2 -2.1
v -1.3 0.2 -2.5
v -1.3 0.2 -2.6
v -1.3 0.2 -2.7
v -1.3 0.2 -2.8
v -1.3 0.2 -2.9
v -1.3 0.2 -3
v -1.3 0.2 -3.1
v -1.3 0.2 -3.2
v -1.3 0.3 1.9
v -1.3 0.3 1.8
v -1.3 0.3 1.7
v -1.3 0.3 1.6
v -1.3 0.3 1.5
v -1.3 0.3 1.4
v -1.3 0.3 1.1
v -1.3 0.3 1
v -1.3 0.3 0.9
v -1.3 0.3 0.6
v -1.3 0.3 0.5
v -1.3 0.3 0.4
v -1.3 0.3 0.0999999
v -1.3 0.3 0
v -1.3 0.3 -0.1
v -1.3 0.3 -0.4
v -1.3 0.3 -0.5
v -1.3 0.3 -0.6
v -1.3 0.3 -0.9
v -1.3 0.3 -1
v -1.3 0.3 -1.1
v -1.3 0.3 -1.4
v -1.3 0.3 -1.5
v -1.3 0.3 -1.6
v -1.3 0.3 -1.9
v -1.3 0.3 -2
v -1.3 0.3 -2.1
v -1.3 0.3 -2.4
v -1.3 0.3 -2.5
v -1.3 0.3 -2.6
v -1.3 0.3 -2.9
v -1.3 0.3 -3
v -1.3 0.3 -3.1
v -1.3 0.3 -3.2
v -1.3 0.3 -3.3
v -1.3 0.4 1.9
v -1.3 0.4 1.8
v -1.3 0.4 1.6
v -1.3 0.4 1.5
v -1.3 0.4 1.4
v -1.3 0.4 1.3
v -1.3 0.4 1.1
v -1.3 0.4 1
v -1.3 0.4 0.8
v -1.3 0.4 0.6
v -1.3 0.4 0.5
v -1.3 0.4 0.3
v -1.3 0.4 0.0999999
v -1.3 0.4 0
v -1.3 0.4 -0.2
v -1.3 0.4 -0.4
v -1.3 0.4 -0.5
v -1.3 0.4 -0.7
v -1.3 0.4 -0.9
v -1.3 0.4 -1
v -1.3 0.4 -1.2
v -1.3 0.4 -1.4
v -1.3 0.4 -1.5
v -1.3 0.4 -1.7
v -1.3 0.4 -1.9
v -1.3 0.4 -2
v -1.3 0.4 -2.2
v -1.3 0.4 -2.4
v -1.3 0.4 -2.5
v -1.3 0.4 -2.7
v -1.3 0.4 -2.9
v -1.3 0.4 -3.2
v -1.3 0.4 -3.3
v -1.3 1.4 2.2
v -1.3 1.4 2.1
v -1.3 1.4 2
v -1.3 1.4 1.8
v -1.3 1.4 1.5
v -1.3 1.4 1.3
v -1.3 1.4 1
v -1.3 1.4 0.8
v -1.3 1.4 0.5
v -1.3 1.4 0.3
v -1.3 1.4 0
v -1.3 1.4 -0.1
v -1.3 1.4 -1.2
v -1.3 1.4 -1.3
v -1.3 1.4 -2
v -1.3 1.4 -2.1
v -1.3 1.4 -2.3
v -1.3 1.4 -2.4
v -1.3 1.4 -2.8
v -1.3 1.5 0.2
v -1.3 1.5 0.0999999
v -1.3 1.5 0
v -1.3 1.5 -0.3
v -1.3 1.5 -0.4
v -1.3 1.5 -2.1
v -1.3 1.5 -2.3
v -1.3 1.5 -2.7
v -1.3 1.5 -2.8
v -1.3 1.6 0.0999999
v -1.3 1.6 0
v -1.3 1.6 -0.1
v -1.3 1.6 -0.3
v -1.3 1.6 -0.4
v -1.3 1.6 -0.6
v -1.3 1.6 -0.7
v -1.3 1.6 -0.9
v -1.3 1.6 -1.2
v -1.3 1.6 -1.3
v -1.3 1.6 -2.1
v -1.3 1.6 -2.3
v -1.3 1.6 -2.6
v -1.3 1.6 -2.7
v -1.3 1.7 2.2
v -1.3 1.7 2
v -1.3 1.7 1.8
v -1.3 1.7 1.5
v -1.3 1.7 1.3
v -1.3 1.7 1
v -1.3 1.7 0.8
v -1.3 1.7 0.5
v -1.3 1.7 0.3
v -1.3 1.7 0.2
v -1.3 1.7 -0.6
v -1.3 1.7 -0.7
v -1.3 1.7 -0.9
v -1.3 1.7 -1.3
v -1.3 1.7 -1.4
v -1.3 1.7 -1.5
v -1.3 1.7 -2.1
v -1.3 1.7 -2.3
v -1.3 1.7 -2.5
v -1.3 1.7 -2.6
v -1.3 1.8 -1.3
v -1.3 1.8 -1.4
v -1.3 1.8 -1.5
v -1.3 1.8 -1.6
v -1.3 1.8 -1.8
v -1.3 1.8 -2
v -1.3 1.8 -2.1
v -1.3 1.8 -2.4
v -1.3 1.8 -2.5
v -1.3 1.9 -1.6
v -1.3 1.9 -1.8
v -1.3 1.9 -2
v -1.3 1.9 -2.1
v -1.2 1.7 2.2
v -1.2 1.7 2
v -1.2 1.7 1.8
v -1.2 1.7 1.5
v -1.2 1.7 1.3
v -1.2 1.7 1
v -1.2 1.7 0.8
v -1.2 1.7 0.5
v -1.2 1.7 0.3
v -1.2 1.7 0.2
v -1.2 1.8 2.2
v -1.2 1.8 2
v -1.2 1.8 1.8
v -1.2 1.8 1.5
v -1.2 1.8 1.3
v -1.2 1.8 1
v -1.2 1.8 0.8
v -1.2 1.8 0.5
v -1.2 1.8 0.3
v -1.2 1.8 0.2
v -1.1 1.5 0.2
v -1.1 1.5 0.0999999
v -1.1 1.6 0.2
v -1.1 1.6 0.0999999
v -1.1 1.6 -0.1
v -1.1 1.6 -0.2
v -1.1 1.6 -0.3
v -1.1 1.6 -0.4
v -1.1 1.6 -0.5
v -1.1 1.6 -0.6
v -1.1 1.7 0.0999999
v -1.1 1.7 -0.1
v -1.1 1.7 -0.2
v -1.1 1.7 -0.3
v -1.1 1.7 -0.4
v -1.1 1.7 -0.5
v -1.1 1.7 -0.6
v -1.1 1.7 -0.7
v -1.1 1.7 -0.8
v -1.1 1.7 -1
v -1.1 1.7 -1.1
v -1.1 1.7 -1.2
v -1.1 1.7 -1.3
v -1.1 1.8 -0.6
v -1.1 1.8 -0.7
v -1.1 1.8 -0.8
v -1.1 1.8 -1
v -1.1 1.8 -1.1
v -1.1 1.8 -1.2
v -1.1 1.8 -1.3
v -1.1 1.8 -1.4
v -1.1 1.8 -1.6
v -1.1 1.9 -1.3
v -1.1 1.9 -1.6
v -1.1 1.9 -1.7
v -1.1 1.9 -1.8
v -1.1 1.9 -1.9
v -1.1 1.9 -2.1
v -1.1 2 -1.6
v -1.1 2 -1.8
v -1.1 2 -2.1
v -0.9 1.6 0.2
v -0.9 1.6 0.0999999
v -0.9 1.7 0.2
v -0.9 1.7 0.0999999
v -0.9 1.7 -0.1
v -0.9 1.7 -0.2
v -0.9 1.7 -0.3
v -0.9 1.7 -0.4
v -0.9 1.7 -0.5
v -0.9 1.7 -0.6
v -0.9 1.8 0.0999999
v -0.9 1.8 -0.1
v -0.9 1.8 -0.2
v -0.9 1.8 -0.3
v -0.9 1.8 -0.4
v -0.9 1.8 -0.5
v -0.9 1.8 -0.6
v -0.9 1.8 -0.7
v -0.9 1.8 -0.9
v -0.9 1.8 -1
v -0.9 1.8 -1.1
v -0.9 1.8 -1.2
v -0.9 1.8 -1.3
v -0.9 1.8 -2.1
v -0.9 1.8 -2.3
v -0.9 1.9 -0.6
v -0.9 1.9 -0.7
v -0.9 1.9 -0.9
v -0.9 1.9 -1
v -0.9 1.9 -1.1
v -0.9 1.9 -1.3
v -0.9 1.9 -1.4
v -0.9 1.9 -1.5
v -0.9 1.9 -1.6
v -0.9 1.9 -2.2
v -0.9 1.9 -2.3
v -0.9 2 -1.3
v -0.9 2 -1.4
v -0.9 2 -1.5
v -0.9 2 -1.6
v -0.9 2 -1.8
v -0.9 2 -2
v -0.9 2 -2.1
v -0.9 2 -2.2
v -0.9 2.1 -1.6
v -0.9 2.1 -2.1
v -0.8 1.3 2.2
v -0.8 1.3 1.9
v -0.8 1.4 2.2
v -0.8 1.4 1.9
v -0.8 1.6 1.1
v -0.8 1.6 0.8
v -0.8 1.7 1.1
v -0.8 1.7 1
v -0.8 1.7 0.9
v -0.8 1.7 0.8
v -0.8 1.8 1.1
v -0.8 1.8 1
v -0.8 1.8 0
v -0.8 1.8 -0.1
v -0.8 1.8 -0.2
v -0.8 1.8 -0.3
v -0.8 1.8 -0.4
v -0.8 1.8 -0.5
v -0.8 1.8 -0.6
v -0.8 1.8 -2.3
v -0.8 1.8 -2.4
v -0.8 1.9 1.1
v -0.8 1.9 1
v -0.8 1.9 0
v -0.8 1.9 -0.1
v -0.8 1.9 -0.6
v -0.8 1.9 -0.7
v -0.8 1.9 -0.9
v -0.8 1.9 -1
v -0.8 1.9 -1.1
v -0.8 1.9 -1.3
v -0.8 1.9 -2.2
v -0.8 1.9 -2.3
v -0.8 1.9 -2.4
v -0.8 2 1.1
v -0.8 2 1
v -0.8 2 0.9
v -0.8 2 -0.1
v -0.8 2 -0.2
v -0.8 2 -1.3
v -0.8 2 -1.4
v -0.8 2 -1.5
v -0.8 2 -1.6
v -0.8 2 -2.1
v -0.8 2 -2.2
v -0.8 2 -2.3
v -0.8 2.1 1.1
v -0.8 2.1 0.9
v -0.8 2.1 -0.2
v -0.8 2.1 -1.6
v -0.8 2.1 -2.1
v -0.8 2.1 -2.2
v -0.7 1.4 -2.8
v -0.7 1.4 -2.9
v -0.7 1.5 -2.7
v -0.7 1.5 -2.8
v -0.7 1.6 -2.6
v -0.7 1.6 -2.7
v -0.7 1.7 -2.5
v -0.7 1.7 -2.6
v -0.7 1.8 -2.4
v -0.7 1.8 -2.5
v -0.7 1.8 -2.9
v -0.7 1.8 -3
v -0.7 1.9 -2.4
v -0.7 1.9 -3
v -0.6 1.4 -2.9
v -0.6 1.4 -3.2
v -0.6 1.4 -3.4
v -0.6 1.5 -3.1
v -0.6 1.5 -3.2
v -0.6 1.5 -3.3
v -0.6 1.6 -3.1
v -0.6 1.6 -3.2
v -0.6 1.7 -2.9
v -0.6 1.7 -3.3
v -0.6 1.7 -3.4
v -0.6 1.8 -3
v -0.6 1.8 -3.1
v -0.6 1.9 -3
v -0.6 1.9 -3.1
v -0.5 0.6 2.3
v -0.5 0.6 2.1
v -0.5 0.7 2.4
v -0.5 0.7 2.3
v -0.5 0.7 2.1
v -0.5 0.8 2.4
v -0.5 0.8 2.3
v -0.5 0.9 2.4
v -0.5 0.9 2.3
v -0.5 1 2.4
v -0.5 1 2.3
v -0.5 1.1 2.4
v -0.5 1.1 2.3
v -0.5 1.2 2.4
v -0.5 1.2 2.3
v -0.5 1.2 2.2
v -0.5 1.3 2.4
v -0.5 1.3 2.3
v -0.5 1.4 2.4
v -0.5 1.4 2.3
v -0.5 1.4 2.2
v -0.5 1.4 1.9
v -0.5 1.5 2.3
v -0.5 1.5 2.2
v -0.5 1.5 2.1
v -0.5 1.5 2
v -0.5 1.5 1.9
v -0.5 1.5 1.8
v -0.5 1.5 1.7
v -0.5 1.5 1.5
v -0.5 1.5 0.6
v -0.5 1.5 0.3
v -0.5 1.6 2.2
v -0.5 1.6 2.1
v -0.5 1.6 2
v -0.5 1.6 1.9
v -0.5 1.6 1.8
v -0.5 1.6 1.7
v -0.5 1.6 1.6
v -0.5 1.6 1.5
v -0.5 1.6 1.4
v -0.5 1.6 1.3
v -0.5 1.6 0.8
v -0.5 1.6 0.6
v -0.5 1.6 0.3
v -0.5 1.6 0.2
v -0.5 1.7 1.6
v -0.5 1.7 1.5
v -0.5 1.7 1.4
v -0.5 1.7 1.3
v -0.5 1.7 1
v -0.5 1.7 0.9
v -0.5 1.7 0.8
v -0.5 1.7 0.7
v -0.5 1.7 0.6
v -0.5 1.7 0.5
v -0.5 1.7 0.4
v -0.5 1.7 0.3
v -0.5 1.7 0.2
v -0.5 1.7 0.0999999
v -0.5 1.8 1
v -0.5 1.8 0.9
v -0.5 1.8 0.8
v -0.5 1.8 0.7
v -0.5 1.8 0.6
v -0.5 1.8 0.5
v -0.5 1.8 0.4
v -0.5 1.8 0.3
v -0.5 1.8 0.2
v -0.5 1.8 0.0999999
v -0.4 1.5 -3.2
v -0.4 1.5 -3.3
v -0.4 1.5 -3.4
v -0.4 1.6 -3.2
v -0.4 1.6 -3.3
v -0.4 1.6 -3.4
v -0.3 0.7 2.4
v -0.3 0.7 2.3
v -0.3 0.8 2.4
v -0.3 0.8 2.3
v -0.3 1.3 2.4
v -0.3 1.3 2.3
v -0.3 1.4 2.4
v -0.3 1.4 2.3
v -0.3 1.7 -2.8
v -0.3 1.7 -2.9
v -0.3 1.8 -2.8
v -0.3 1.8 -2.9
v -0.2 1.5 2.1
v -0.2 1.5 2
v -0.2 1.5 1.9
v -0.2 1.5 1.8
v -0.2 1.6 2.1
v -0.2 1.6 2
v -0.2 1.6 1.9
v -0.2 1.6 1.8
v -0.2 1.6 1.5
v -0.2 1.6 1.4
v -0.2 1.6 1.3
v -0.2 1.6 1.2
v -0.2 1.7 1.5
v -0.2 1.7 1.4
v -0.2 1.7 1.3
v -0.2 1.7 1.2
v -0.2 1.7 0.9
v -0.2 1.7 0.8
v -0.2 1.7 0.7
v -0.2 1.7 0.6
v -0.2 1.7 0.5
v -0.2 1.7 0.4
v -0.2 1.7 0.3
v -0.2 1.7 0.2
v -0.2 1.8 0.9
v -0.2 1.8 0.8
v -0.2 1.8 0.7
v -0.2 1.8 0.6
v -0.2 1.8 0.5
v -0.2 1.8 0.4
v -0.2 1.8 0.3
v -0.2 1.8 0.2
v -0.0999999 0.7 2.4
v -0.0999999 0.7 2.3
v -0.0999999 0.8 2.4
v -0.0999999 0.8 2.3
v -0.0999999 1.3 2.4
v -0.0999999 1.3 2.3
v -0.0999999 1.4 2.4
v -0.0999999 1.4 2.3
v 0.1 1.5 2.1
v 0.1 1.5 2
v 0.1 1.5 1.9
v 0.1 1.5 1.8
v 0.1 1.6 2.1
v 0.1 1.6 2
v 0.1 1.6 1.9
v 0.1 1.6 1.8
v 0.1 1.6 1.5
v 0.1 1.6 1.4
v 0.1 1.6 1.3
v 0.1 1.6 1.2
v 0.1 1.7 1.5
v 0.1 1.7 1.4
v 0.1 1.7 1.3
v 0.1 1.7 1.2
v 0.1 1.7 0.9
v 0.1 1.7 0.8
v 0.1 1.7 0.7
v 0.1 1.7 0.6
v 0.1 1.7 0.5
v 0.1 1.7 0.4
v 0.1 1.7 0.3
v 0.1 1.7 0.2
v 0.1 1.8 0.9
v 0.1 1.8 0.8
v 0.1 1.8 0.7
v 0.1 1.8 0.6
v 0.1 1.8 0.5
v 0.1 1.8 0.4
v 0.1 1.8 0.3
v 0.1 1.8 0.2
v 0.2 0.7 2.4
v 0.2 0.7 2.3
v 0.2 0.8 2.4
v 0.2 0.8 2.3
v 0.2 1.3 2.4
v 0.2 1.3 2.3
v 0.2 1.4 2.4
v 0.2 1.4 2.3
v 0.4 0.7 2.4
v 0.4 0.7 2.3
v 0.4 0.8 2.4
v 0.4 0.8 2.3
v 0.4 0.9 2.4
v 0.4 0.9 2.3
v 0.4 1 2.4
v 0.4 1 2.3
v 0.4 1.1 2.4
v 0.4 1.1 2.3
v 0.4 1.2 2.4
v 0.4 1.2 2.3
v 0.4 1.3 2.4
v 0.4 1.3 2.3
v 0.4 1.4 2.4
v 0.4 1.4 2.3
v 0.4 1.5 2.2
v 0.4 1.5 2.1
v 0.4 1.5 2
v 0.4 1.5 1.9
v 0.4 1.5 1.8
v 0.4 1.5 1.7
v 0.4 1.6 2.2
v 0.4 1.6 2.1
v 0.4 1.6 2
v 0.4 1.6 1.9
v 0.4 1.6 1.8
v 0.4 1.6 1.7
v 0.4 1.6 1.6
v 0.4 1.6 1.5
v 0.4 1.6 1.4
v 0.4 1.6 1.3
v 0.4 1.6 1.2
v 0.4 1.6 1.1
v 0.4 1.7 1.6
v 0.4 1.7 1.5
v 0.4 1.7 1.4
v 0.4 1.7 1.3
v 0.4 1.7 1.2
v 0.4 1.7 1.1
v 0.4 1.7 1
v 0.4 1.7 0.9
v 0.4 1.7 0.8
v 0.4 1.7 0.7
v 0.4 1.7 0.6
v 0.4 1.7 0.5
v 0.4 1.7 0.4
v 0.4 1.7 0.3
v 0.4 1.7 0.2
v 0.4 1.7 0.0999999
v 0.4 1.8 1
v 0.4 1.8 0.9
v 0.4 1.8 0.8
v 0.4 1.8 0.7
v 0.4 1.8 0.6
v 0.4 1.8 0.5
v 0.4 1.8 0.4
v 0.4 1.8 0.3
v 0.4 1.8 0.2
v 0.4 1.8 0.0999999
v 0.5 1.6 1.1
v 0.5 1.6 1
v 0.5 1.7 1.1
v 0.5 1.7 1
v 0.6 0 1.1
v 0.6 0 1
v 0.6 0 0.9
v 0.6 0 0.8
v 0.6 0 0.7
v 0.6 0 0.6
v 0.6 0 0.5
v 0.6 0 0.4
v 0.6 0 0.3
v 0.6 0 0.2
v 0.6 0 0.0999999
v 0.6 0 0
v 0.6 0 -0.1
v 0.6 0 -0.2
v 0.6 0 -0.3
v 0.6 0 -0.4
v 0.6 0 -0.5
v 0.6 0 -0.6
v 0.6 0 -0.7
v 0.6 0 -0.8
v 0.6 0 -0.9
v 0.6 0 -1
v 0.6 0 -1.1
v 0.6 0 -1.2
v 0.6 0 -1.3
v 0.6 0 -1.4
v 0.6 0 -1.5
v 0.6 0 -1.6
v 0.6 0 -1.7
v 0.6 0 -1.8
v 0.6 0 -1.9
v 0.6 0 -2
v 0.6 0 -2.1
v 0.6 0 -2.2
v 0.6 0 -2.3
v 0.6 0 -2.4
v 0.6 0 -2.5
v 0.6 0 -2.6
v 0.6 0 -2.7
v 0.6 0.1 1.5
v 0.6 0.1 1.4
v 0.6 0.1 1.3
v 0.6 0.1 1.2
v 0.6 0.1 1.1
v 0.6 0.1 1
v 0.6 0.1 0.9
v 0.6 0.1 0.8
v 0.6 0.1 0.7
v 0.6 0.1 0.6
v 0.6 0.1 0.5
v 0.6 0.1 0.4
v 0.6 0.1 0.3
v 0.6 0.1 0.2
v 0.6 0.1 0.0999999
v 0.6 0.1 0
v 0.6 0.1 -0.1
v 0.6 0.1 -0.2
v 0.6 0.1 -0.3
v 0.6 0.1 -0.4
v 0.6 0.1 -0.5
v 0.6 0.1 -0.6
v 0.6 0.1 -0.7
v 0.6 0.1 -0.8
v 0.6 0.1 -0.9
v 0.6 0.1 -1
v 0.6 0.1 -1.1
v 0.6 0.1 -1.2
v 0.6 0.1 -1.3
v 0.6 0.1 -1.4
v 0.6 0.1 -1.5
v 0.6 0.1 -1.6
v 0.6 0.1 -1.7
v 0.6 0.1 -1.8
v 0.6 0.1 -1.9
v 0.6 0.1 -2
v 0.6 0.1 -2.1
v 0.6 0.1 -2.2
v 0.6 0.1 -2.3
v 0.6 0.1 -2.4
v 0.6 0.1 -2.7
v 0.6 0.1 -2.8
v 0.6 0.1 -2.9
v 0.6 0.2 1.8
v 0.6 0.2 1.7
v 0.6 0.2 1.6
v 0.6 0.2 1.5
v 0.6 0.2 1.4
v 0.6 0.2 1.3
v 0.6 0.2 1.2
v 0.6 0.2 -2.5
v 0.6 0.2 -2.6
v 0.6 0.2 -2.7
v 0.6 0.2 -2.8
v 0.6 0.2 -2.9
v 0.6 0.2 -3
v 0.6 0.2 -3.1
v 0.6 0.2 -3.2
v 0.6 0.3 1.9
v 0.6 0.3 1.8
v 0.6 0.3 1.7
v 0.6 0.3 1.6
v 0.6 0.3 -2.9
v 0.6 0.3 -3
v 0.6 0.3 -3.1
v 0.6 0.3 -3.2
v 0.6 0.3 -3.3
v 0.6 0.4 1.9
v 0.6 0.4 1.8
v 0.6 0.4 -3
v 0.6 0.4 -3.3
v 0.6 0.4 -3.4
v 0.6 0.5 -3
v 0.6 0.5 -3.2
v 0.6 0.5 -3.3
v 0.6 0.5 -3.4
v 0.6 0.6 -3.2
v 0.6 0.6 -3.4
v 0.6 0.6 -3.5
v 0.6 0.7 -3.4
v 0.6 0.7 -3.5
v 0.6 0.7 -3.6
v 0.6 0.8 -3.4
v 0.6 0.8 -3.5
v 0.6 0.8 -3.6
v 0.6 0.8 -3.7
v 0.6 0.9 -3.3
v 0.6 0.9 -3.4
v 0.6 0.9 -3.5
v 0.6 0.9 -3.6
v 0.6 1 -3.2
v 0.6 1 -3.3
v 0.6 1 -3.4
v 0.6 1.1 -3.1
v 0.6 1.1 -3.2
v 0.6 1.1 -3.3
v 0.6 1.1 -3.4
v 0.6 1.1 -3.6
v 0.6 1.1 -3.7
v 0.6 1.2 -3
v 0.6 1.2 -3.1
v 0.6 1.2 -3.5
v 0.6 1.2 -3.6
v 0.6 1.3 -3
v 0.6 1.3 -3.5
v 0.6 1.7 1.1
v 0.6 1.7 1
v 0.6 1.7 0.9
v 0.6 1.8 1.1
v 0.6 1.8 1
v 0.6 1.8 0.9
v 0.6 1.9 1.1
v 0.6 1.9 1
v 0.6 1.9 0.9
v 0.6 2 1.1
v 0.6 2 1
v 0.6 2 0.9
v 0.6 2.1 1.1
v 0.6 2.1 0.9
v 0.7 1.8 -2.1
v 0.7 1.8 -2.3
v 0.7 1.8 -2.4
v 0.7 1.9 -2.1
v 0.7 1.9 -2.3
v 0.7 1.9 -2.4
v 0.8 1.5 0.6
v 0.8 1.5 0.3
v 0.8 1.6 0.6
v 0.8 1.6 0.3
v 0.9 1.4 2.2
v 0.9 1.4 2
v 0.9 1.4 1.9
v 0.9 1.5 1.9
v 0.9 1.5 1.8
v 0.9 1.5 1.5
v 0.9 1.6 1.5
v 0.9 1.6 1.3
v 0.9 1.6 1.2
v 0.9 1.6 1.1
v 0.9 1.6 1
v 0.9 1.6 0.8
v 0.9 1.6 0.5
v 0.9 1.6 0.3
v 0.9 1.6 0.2
v 0.9 1.7 2.2
v 0.9 1.7 2
v 0.9 1.7 1.8
v 0.9 1.7 1.5
v 0.9 1.7 1.3
v 0.9 1.7 1.2
v 0.9 1.7 1.1
v 0.9 1.7 1
v 0.9 1.7 0.8
v 0.9 1.7 0.5
v 0.9 1.7 0.3
v 0.9 1.7 0.2
v 1 1.3 2.1
v 1 1.3 1.9
v 1 1.4 2.1
v 1 1.4 2
v 1 1.4 1.9
v 1 1.7 2.2
v 1 1.7 2
v 1 1.7 1.8
v 1 1.7 1.5
v 1 1.7 1.3
v 1 1.7 1
v 1 1.7 0.8
v 1 1.7 0.5
v 1 1.7 0.3
v 1 1.7 0.2
v 1 1.8 2.2
v 1 1.8 2
v 1 1.8 1.8
v 1 1.8 1.5
v 1 1.8 1.3
v 1 1.8 1
v 1 1.8 0.8
v 1 1.8 0.5
v 1 1.8 0.3
v 1 1.8 0.2
v 1.5 1.3 0
v 1.5 1.3 -0.1
v 1.5 1.3 -1.2
v 1.5 1.3 -1.3
v 1.5 1.5 0
v 1.5 1.5 -0.1
v 1.5 1.5 -1.2
v 1.5 1.5 -1.3
v 1.7 0.6 1.2
v 1.7 0.6 1.1
v 1.7 0.6 0.7
v 1.7 0.6 -2
v 1.7 0.6 -2.4
v 1.7 0.6 -2.5
v 1.7 0.7 1
v 1.7 0.7 0.9
v 1.7 0.7 -2.2
v 1.7 0.7 -2.3
v 1.7 0.8 1.2
v 1.7 0.8 1.1
v 1.7 0.8 1
v 1.7 0.8 0.9
v 1.7 0.8 0.7
v 1.7 0.8 -2
v 1.7 0.8 -2.2
v 1.7 0.8 -2.3
v 1.7 0.8 -2.4
v 1.7 0.8 -2.5
v 1.7 0.9 0.9
v 1.7 0.9 0.8
v 1.7 0.9 0.3
v 1.7 0.9 -1.6
v 1.7 0.9 -2.1
v 1.7 0.9 -2.2
v 1.7 1 0.7
v 1.7 1 0.6
v 1.7 1 0.4
v 1.7 1 0.3
v 1.7 1 -1.6
v 1.7 1 -1.7
v 1.7 1 -1.9
v 1.7 1 -2
v 1.7 1.1 0.9
v 1.7 1.1 0.8
v 1.7 1.1 0.7
v 1.7 1.1 0.6
v 1.7 1.1 0.4
v 1.7 1.1 0.3
v 1.7 1.1 -1.6
v 1.7 1.1 -1.7
v 1.7 1.1 -1.9
v 1.7 1.1 -2
v 1.7 1.1 -2.1
v 1.7 1.1 -2.2
v 1.7 1.3 0
v 1.7 1.3 -0.1
v 1.7 1.3 -1.2
v 1.7 1.3 -1.3
v 1.7 1.5 0
v 1.7 1.5 -0.1
v 1.7 1.5 -1.2
v 1.7 1.5 -1.3
v 1.9 1.3 0
v 1.9 1.3 -0.1
v 1.9 1.3 -0.2
v 1.9 1.3 -0.3
v 1.9 1.3 -0.4
v 1.9 1.3 -0.5
v 1.9 1.3 -0.6
v 1.9 1.3 -0.7
v 1.9 1.3 -0.8
v 1.9 1.3 -0.9
v 1.9 1.3 -1
v 1.9 1.3 -1.1
v 1.9 1.3 -1.2
v 1.9 1.3 -1.3
v 1.9 1.5 0
v 1.9 1.5 -0.1
v 1.9 1.5 -0.2
v 1.9 1.5 -0.3
v 1.9 1.5 -0.4
v 1.9 1.5 -0.5
v 1.9 1.5 -0.6
v 1.9 1.5 -0.7
v 1.9 1.5 -0.8
v 1.9 1.5 -0.9
v 1.9 1.5 -1
v 1.9 1.5 -1.1
v 1.9 1.5 -1.2
v 1.9 1.5 -1.3
v 1.9 1.6 -0.1
v 1.9 1.6 -1.2
v -1.9 1.3 0
v -1.9 1.3 -0.1
v -1.9 1.3 -0.2
v -1.9 1.3 -0.3
v -1.9 1.3 -0.4
v -1.9 1.3 -0.5
v -1.9 1.3 -0.6
v -1.9 1.3 -0.7
v -1.9 1.3 -0.8
v -1.9 1.3 -0.9
v -1.9 1.3 -1
v -1.9 1.3 -1.1
v -1.9 1.3 -1.2
v -1.9 1.3 -1.3
v -1.9 1.5 0
v -1.9 1.5 -0.1
v -1.9 1.5 -0.2
v -1.9 1.5 -0.3
v -1.9 1.5 -0.4
v -1.9 1.5 -0.5
v -1.9 1.5 -0.6
v -1.9 1.5 -0.7
v -1.9 1.5 -0.8
v -1.9 1.5 -0.9
v -1.9 1.5 -1
v -1.9 1.5 -1.1
v -1.9 1.5 -1.2
v -1.9 1.5 -1.3
v -1.9 1.6 -0.1
v -1.9 1.6 -1.2
v -1.7 0.6 1.2
v -1.7 0.6 1.1
v -1.7 0.6 0.7
v -1.7 0.6 -2
v -1.7 0.6 -2.4
v -1.7 0.6 -2.5
v -1.7 0.7 1
v -1.7 0.7 0.9
v -1.7 0.7 -2.2
v -1.7 0.7 -2.3
v -1.7 0.8 1.2
v -1.7 0.8 1.1
v -1.7 0.8 1
v -1.7 0.8 0.9
v -1.7 0.8 0.7
v -1.7 0.8 -2
v -1.7 0.8 -2.2
v -1.7 0.8 -2.3
v -1.7 0.8 -2.4
v -1.7 0.8 -2.5
v -1.7 0.9 0.9
v -1.7 0.9 0.8
v -1.7 0.9 0.3
v -1.7 0.9 -1.6
v -1.7 0.9 -2.1
v -1.7 0.9 -2.2
v -1.7 1 0.7
v -1.7 1 0.6
v -1.7 1 0.4
v -1.7 1 0.3
v -1.7 1 -1.6
v -1.7 1 -1.7
v -1.7 1 -1.9
v -1.7 1 -2
v -1.7 1.1 0.9
v -1.7 1.1 0.8
v -1.7 1.1 0.7
v -1.7 1.1 0.6
v -1.7 1.1 0.4
v -1.7 1.1 0.3
v -1.7 1.1 -1.6
v -1.7 1.1 -1.7
v -1.7 1.1 -1.9
v -1.7 1.1 -2
v -1.7 1.1 -2.1
v -1.7 1.1 -2.2
v -1.7 1.3 0
v -1.7 1.3 -0.1
v -1.7 1.3 -1.2
v -1.7 1.3 -1.3
v -1.7 1.5 0
v -1.7 1.5 -0.1
v -1.7 1.5 -1.2
v -1.7 1.5 -1.3
v -1.5 1.3 0
v -1.5 1.3 -0.1
v -1.5 1.3 -1.2
v -1.5 1.3 -1.3
v -1.5 1.5 0
v -1.5 1.5 -0.1
v -1.5 1.5 -1.2
v -1.5 1.5 -1.3
v -1 1.3 2.1
v -1 1.3 1.9
v -1 1.4 2.1
v -1 1.4 2
v -1 1.4 1.9
v -1 1.7 2.2
v -1 1.7 2
v -1 1.7 1.8
v -1 1.7 1.5
v -1 1.7 1.3
v -1 1.7 1
v -1 1.7 0.8
v -1 1.7 0.5
v -1 1.7 0.3
v -1 1.7 0.2
v -1 1.8 2.2
v -1 1.8 2
v -1 1.8 1.8
v -1 1.8 1.5
v -1 1.8 1.3
v -1 1.8 1
v -1 1.8 0.8
v -1 1.8 0.5
v -1 1.8 0.3
v -1 1.8 0.2
v -0.9 1.4 2.2
v -0.9 1.4 2
v -0.9 1.4 1.9
v -0.9 1.5 1.9
v -0.9 1.5 1.8
v -0.9 1.5 1.5
v -0.9 1.6 1.5
v -0.9 1.6 1.3
v -0.9 1.6 1.2
v -0.9 1.6 1.1
v -0.9 1.6 1
v -0.9 1.6 0.8
v -0.9 1.6 0.5
v -0.9 1.6 0.3
v -0.9 1.6 0.2
v -0.9 1.7 2.2
v -0.9 1.7 2
v -0.9 1.7 1.8
v -0.9 1.7 1.5
v -0.9 1.7 1.3
v -0.9 1.7 1.2
v -0.9 1.7 1.1
v -0.9 1.7 1
v -0.9 1.7 0.8
v -0.9 1.7 0.5
v -0.9 1.7 0.3
v -0.9 1.7 0.2
v -0.8 1.5 0.6
v -0.8 1.5 0.3
v -0.8 1.6 0.6
v -0.8 1.6 0.3
v -0.6 0 1.1
v -0.6 0 1
v -0.6 0 0.9
v -0.6 0 0.8
v -0.6 0 0.7
v -0.6 0 0.6
v -0.6 0 0.5
v -0.6 0 0.4
v -0.6 0 0.3
v -0.6 0 0.2
v -0.6 0 0.0999999
v -0.6 0 0
v -0.6 0 -0.1
v -0.6 0 -0.2
v -0.6 0 -0.3
v -0.6 0 -0.4
v -0.6 0 -0.5
v -0.6 0 -0.6
v -0.6 0 -0.7
v -0.6 0 -0.8
v -0.6 0 -0.9
v -0.6 0 -1
v -0.6 0 -1.1
v -0.6 0 -1.2
v -0.6 0 -1.3
v -0.6 0 -1.4
v -0.6 0 -1.5
v -0.6 0 -1.6
v -0.6 0 -1.7
v -0.6 0 -1.8
v -0.6 0 -1.9
v -0.6 0 -2
v -0.6 0 -2.1
v -0.6 0 -2.2
v -0.6 0 -2.3
v -0.6 0 -2.4
v -0.6 0 -2.5
v -0.6 0 -2.6
v -0.6 0 -2.7
v -0.6 0.1 1.5
v -0.6 0.1 1.4
v -0.6 0.1 1.3
v -0.6 0.1 1.2
v -0.6 0.1 1.1
v -0.6 0.1 1
v -0.6 0.1 0.9
v -0.6 0.1 0.8
v -0.6 0.1 0.7
v -0.6 0.1 0.6
v -0.6 0.1 0.5
v -0.6 0.1 0.4
v -0.6 0.1 0.3
v -0.6 0.1 0.2
v -0.6 0.1 0.0999999
v -0.6 0.1 0
v -0.6 0.1 -0.1
v -0.6 0.1 -0.2
v -0.6 0.1 -0.3
v -0.6 0.1 -0.4
v -0.6 0.1 -0.5
v -0.6 0.1 -0.6
v -0.6 0.1 -0.7
v -0.6 0.1 -0.8
v -0.6 0.1 -0.9
v -0.6 0.1 -1
v -0.6 0.1 -1.1
v -0.6 0.1 -1.2
v -0.6 0.1 -1.3
v -0.6 0.1 -1.4
v -0.6 0.1 -1.5
v -0.6 0.1 -1.6
v -0.6 0.1 -1.7
v -0.6 0.1 -1.8
v -0.6 0.1 -1.9
v -0.6 0.1 -2
v -0.6 0.1 -2.1
v -0.6 0.1 -2.2
v -0.6 0.1 -2.3
v -0.6 0.1 -2.4
v -0.6 0.1 -2.7
v -0.6 0.1 -2.8
v -0.6 0.1 -2.9
v -0.6 0.2 1.8
v -0.6 0.2 1.7
v -0.6 0.2 1.6
v -0.6 0.2 1.5
v -0.6 0.2 1.4
v -0.6 0.2 1.3
v -0.6 0.2 1.2
v -0.6 0.2 -2.5
v -0.6 0.2 -2.6
v -0.6 0.2 -2.7
v -0.6 0.2 -2.8
v -0.6 0.2 -2.9
v -0.6 0.2 -3
v -0.6 0.2 -3.1
v -0.6 0.2 -3.2
v -0.6 0.3 1.9
v -0.6 0.3 1.8
v -0.6 0.3 1.7
v -0.6 0.3 1.6
v -0.6 0.3 -2.9
v -0.6 0.3 -3
v -0.6 0.3 -3.1
v -0.6 0.3 -3.2
v -0.6 0.3 -3.3
v -0.6 0.4 1.9
v -0.6 0.4 1.8
v -0.6 0.4 -3
v -0.6 0.4 -3.3
v -0.6 0.4 -3.4
v -0.6 0.5 -3
v -0.6 0.5 -3.2
v -0.6 0.5 -3.3
v -0.6 0.5 -3.4
v -0.6 0.6 -3.2
v -0.6 0.6 -3.4
v -0.6 0.6 -3.5
v -0.6 0.7 -3.4
v -0.6 0.7 -3.5
v -0.6 0.7 -3.6
v -0.6 0.8 -3.4
v -0.6 0.8 -3.5
v -0.6 0.8 -3.6
v -0.6 0.8 -3.7
v -0.6 0.9 -3.3
v -0.6 0.9 -3.4
v -0.6 0.9 -3.5
v -0.6 0.9 -3.6
v -0.6 1 -3.2
v -0.6 1 -3.3
v -0.6 1 -3.4
v -0.6 1.1 -3.1
v -0.6 1.1 -3.2
v -0.6 1.1 -3.3
v -0.6 1.1 -3.4
v -0.6 1.1 -3.6
v -0.6 1.1 -3.7
v -0.6 1.2 -3
v -0.6 1.2 -3.1
v -0.6 1.2 -3.5
v -0.6 1.2 -3.6
v -0.6 1.3 -3
v -0.6 1.3 -3.5
v -0.6 1.7 1.1
v -0.6 1.7 1
v -0.6 1.7 0.9
v -0.6 1.7 -2.8
v -0.6 1.7 -2.9
v -0.6 1.8 1.1
v -0.6 1.8 1
v -0.6 1.8 0.9
v -0.6 1.8 -2.8
v -0.6 1.8 -2.9
v -0.6 1.9 1.1
v -0.6 1.9 1
v -0.6 1.9 0.9
v -0.6 2 1.1
v -0.6 2 1
v -0.6 2 0.9
v -0.6 2.1 1.1
v -0.6 2.1 0.9
v -0.5 1.5 -3.2
v -0.5 1.5 -3.3
v -0.5 1.5 -3.4
v -0.5 1.6 1.1
v -0.5 1.6 1
v -0.5 1.6 -3.2
v -0.5 1.6 -3.3
v -0.5 1.6 -3.4
v -0.5 1.7 1.1
v -0.5 1.7 1
v -0.4 0.7 2.4
v -0.4 0.7 2.3
v -0.4 0.8 2.4
v -0.4 0.8 2.3
v -0.4 0.9 2.4
v -0.4 0.9 2.3
v -0.4 1 2.4
v -0.4 1 2.3
v -0.4 1.1 2.4
v -0.4 1.1 2.3
v -0.4 1.2 2.4
v -0.4 1.2 2.3
v -0.4 1.3 2.4
v -0.4 1.3 2.3
v -0.4 1.4 2.4
v -0.4 1.4 2.3
v -0.4 1.5 2.2
v -0.4 1.5 2.1
v -0.4 1.5 2
v -0.4 1.5 1.9
v -0.4 1.5 1.8
v -0.4 1.5 1.7
v -0.4 1.6 2.2
v -0.4 1.6 2.1
v -0.4 1.6 2
v -0.4 1.6 1.9
v -0.4 1.6 1.8
v -0.4 1.6 1.7
v -0.4 1.6 1.6
v -0.4 1.6 1.5
v -0.4 1.6 1.4
v -0.4 1.6 1.3
v -0.4 1.6 1.2
v -0.4 1.6 1.1
v -0.4 1.7 1.6
v -0.4 1.7 1.5
v -0.4 1.7 1.4
v -0.4 1.7 1.3
v -0.4 1.7 1.2
v -0.4 1.7 1.1
v -0.4 1.7 1
v -0.4 1.7 0.9
v -0.4 1.7 0.8
v -0.4 1.7 0.7
v -0.4 1.7 0.6
v -0.4 1.7 0.5
v -0.4 1.7 0.4
v -0.4 1.7 0.3
v -0.4 1.7 0.2
v -0.4 1.7 0.0999999
v -0.4 1.8 1
v -0.4 1.8 0.9
v -0.4 1.8 0.8
v -0.4 1.8 0.7
v -0.4 1.8 0.6
v -0.4 1.8 0.5
v -0.4 1.8 0.4
v -0.4 1.8 0.3
v -0.4 1.8 0.2
v -0.4 1.8 0.0999999
v -0.3 1.4 -2.9
v -0.3 1.4 -3.3
v -0.3 1.4 -3.4
v -0.3 1.5 -3.1
v -0.3 1.5 -3.2
v -0.3 1.6 -3.1
v -0.3 1.6 -3.2
v -0.3 1.6 -3.3
v -0.3 1.7 -2.9
v -0.3 1.7 -3.2
v -0.3 1.7 -3.4
v -0.3 1.8 -3
v -0.3 1.8 -3.1
v -0.3 1.9 -3
v -0.3 1.9 -3.1
v -0.2 0.7 2.4
v -0.2 0.7 2.3
v -0.2 0.8 2.4
v -0.2 0.8 2.3
v -0.2 1.3 2.4
v -0.2 1.3 2.3
v -0.2 1.4 2.4
v -0.2 1.4 2.3
v -0.2 1.4 -2.8
v -0.2 1.4 -2.9
v -0.2 1.5 -2.7
v -0.2 1.5 -2.8
v -0.2 1.6 -2.6
v -0.2 1.6 -2.7
v -0.2 1.7 -2.5
v -0.2 1.7 -2.6
v -0.2 1.8 -2.4
v -0.2 1.8 -2.5
v -0.2 1.8 -2.9
v -0.2 1.8 -3
v -0.2 1.9 -2.4
v -0.2 1.9 -3
v -0.0999999 1.5 2.1
v -0.0999999 1.5 2
v -0.0999999 1.5 1.9
v -0.0999999 1.5 1.8
v -0.0999999 1.6 2.1
v -0.0999999 1.6 2
v -0.0999999 1.6 1.9
v -0.0999999 1.6 1.8
v -0.0999999 1.6 1.5
v -0.0999999 1.6 1.4
v -0.0999999 1.6 1.3
v -0.0999999 1.6 1.2
v -0.0999999 1.7 1.5
v -0.0999999 1.7 1.4
v -0.0999999 1.7 1.3
v -0.0999999 1.7 1.2
v -0.0999999 1.7 0.9
v -0.0999999 1.7 0.8
v -0.0999999 1.7 0.7
v -0.0999999 1.7 0.6
v -0.0999999 1.7 0.5
v -0.0999999 1.7 0.4
v -0.0999999 1.7 0.3
v -0.0999999 1.7 0.2
v -0.0999999 1.8 0.9
v -0.0999999 1.8 0.8
v -0.0999999 1.8 0.7
v -0.0999999 1.8 0.6
v -0.0999999 1.8 0.5
v -0.0999999 1.8 0.4
v -0.0999999 1.8 0.3
v -0.0999999 1.8 0.2
v -0.0999999 1.8 -2.1
v -0.0999999 1.8 -2.3
v -0.0999999 1.8 -2.4
v -0.0999999 1.9 -2.1
v -0.0999999 1.9 -2.3
v -0.0999999 1.9 -2.4
v 0.1 0.7 2.4
v 0.1 0.7 2.3
v 0.1 0.8 2.4
v 0.1 0.8 2.3
v 0.1 1.3 2.4
v 0.1 1.3 2.3
v 0.1 1.4 2.4
v 0.1 1.4 2.3
v 0.2 1.5 2.1
v 0.2 1.5 2
v 0.2 1.5 1.9
v 0.2 1.5 1.8
v 0.2 1.6 2.1
v 0.2 1.6 2
v 0.2 1.6 1.9
v 0.2 1.6 1.8
v 0.2 1.6 1.5
v 0.2 1.6 1.4
v 0.2 1.6 1.3
v 0.2 1.6 1.2
v 0.2 1.7 1.5
v 0.2 1.7 1.4
v 0.2 1.7 1.3
v 0.2 1.7 1.2
v 0.2 1.7 0.9
v 0.2 1.7 0.8
v 0.2 1.7 0.7
v 0.2 1.7 0.6
v 0.2 1.7 0.5
v 0.2 1.7 0.4
v 0.2 1.7 0.3
v 0.2 1.7 0.2
v 0.2 1.8 0.9
v 0.2 1.8 0.8
v 0.2 1.8 0.7
v 0.2 1.8 0.6
v 0.2 1.8 0.5
v 0.2 1.8 0.4
v 0.2 1.8 0.3
v 0.2 1.8 0.2
v 0.3 0.7 2.4
v 0.3 0.7 2.3
v 0.3 0.8 2.4
v 0.3 0.8 2.3
v 0.3 1.3 2.4
v 0.3 1.3 2.3
v 0.3 1.4 2.4
v 0.3 1.4 2.3
v 0.5 0.6 2.3
v 0.5 0.6 2.1
v 0.5 0.7 2.4
v 0.5 0.7 2.3
v 0.5 0.7 2.1
v 0.5 0.8 2.4
v 0.5 0.8 2.3
v 0.5 0.9 2.4
v 0.5 0.9 2.3
v 0.5 1 2.4
v 0.5 1 2.3
v 0.5 1.1 2.4
v 0.5 1.1 2.3
v 0.5 1.2 2.4
v 0.5 1.2 2.3
v 0.5 1.2 2.2
v 0.5 1.3 2.4
v 0.5 1.3 2.3
v 0.5 1.4 2.4
v 0.5 1.4 2.3
v 0.5 1.4 2.2
v 0.5 1.4 1.9
v 0.5 1.5 2.3
v 0.5 1.5 2.2
v 0.5 1.5 2.1
v 0.5 1.5 2
v 0.5 1.5 1.9
v 0.5 1.5 1.8
v 0.5 1.5 1.7
v 0.5 1.5 1.5
v 0.5 1.5 0.6
v 0.5 1.5 0.3
v 0.5 1.6 2.2
v 0.5 1.6 2.1
v 0.5 1.6 2
v 0.5 1.6 1.9
v 0.5 1.6 1.8
v 0.5 1.6 1.7
v 0.5 1.6 1.6
v 0.5 1.6 1.5
v 0.5 1.6 1.4
v 0.5 1.6 1.3
v 0.5 1.6 0.8
v 0.5 1.6 0.6
v 0.5 1.6 0.3
v 0.5 1.6 0.2
v 0.5 1.7 1.6
v 0.5 1.7 1.5
v 0.5 1.7 1.4
v 0.5 1.7 1.3
v 0.5 1.7 1
v 0.5 1.7 0.9
v 0.5 1.7 0.8
v 0.5 1.7 0.7
v 0.5 1.7 0.6
v 0.5 1.7 0.5
v 0.5 1.7 0.4
v 0.5 1.7 0.3
v 0.5 1.7 0.2
v 0.5 1.7 0.0999999
v 0.5 1.8 1
v 0.5 1.8 0.9
v 0.5 1.8 0.8
v 0.5 1.8 0.7
v 0.5 1.8 0.6
v 0.5 1.8 0.5
v 0.5 1.8 0.4
v 0.5 1.8 0.3
v 0.5 1.8 0.2
v 0.5 1.8 0.0999999
v 0.8 1.3 2.2
v 0.8 1.3 1.9
v 0.8 1.4 2.2
v 0.8 1.4 1.9
v 0.8 1.6 1.1
v 0.8 1.6 0.8
v 0.8 1.7 1.1
v 0.8 1.7 1
v 0.8 1.7 0.9
v 0.8 1.7 0.8
v 0.8 1.8 1.1
v 0.8 1.8 1
v 0.8 1.8 0
v 0.8 1.8 -0.1
v 0.8 1.8 -0.2
v 0.8 1.8 -0.3
v 0.8 1.8 -0.4
v 0.8 1.8 -0.5
v 0.8 1.8 -0.6
v 0.8 1.8 -2.3
v 0.8 1.8 -2.4
v 0.8 1.9 1.1
v 0.8 1.9 1
v 0.8 1.9 0
v 0.8 1.9 -0.1
v 0.8 1.9 -0.6
v 0.8 1.9 -0.7
v 0.8 1.9 -0.9
v 0.8 1.9 -1
v 0.8 1.9 -1.1
v 0.8 1.9 -1.3
v 0.8 1.9 -2.2
v 0.8 1.9 -2.3
v 0.8 1.9 -2.4
v 0.8 2 1.1
v 0.8 2 1
v 0.8 2 0.9
v 0.8 2 -0.1
v 0.8 2 -0.2
v 0.8 2 -1.3
v 0.8 2 -1.4
v 0.8 2 -1.5
v 0.8 2 -1.6
v 0.8 2 -2.1
v 0.8 2 -2.2
v 0.8 2 -2.3
v 0.8 2.1 1.1
v 0.8 2.1 0.9
v 0.8 2.1 -0.2
v 0.8 2.1 -1.6
v 0.8 2.1 -2.1
v 0.8 2.1 -2.2
v 0.9 1.6 0.2
v 0.9 1.6 0.0999999
v 0.9 1.7 0.2
v 0.9 1.7 0.0999999
v 0.9 1.7 -0.1
v 0.9 1.7 -0.2
v 0.9 1.7 -0.3
v 0.9 1.7 -0.4
v 0.9 1.7 -0.5
v 0.9 1.7 -0.6
v 0.9 1.8 0.0999999
v 0.9 1.8 -0.1
v 0.9 1.8 -0.2
v 0.9 1.8 -0.3
v 0.9 1.8 -0.4
v 0.9 1.8 -0.5
v 0.9 1.8 -0.6
v 0.9 1.8 -0.7
v 0.9 1.8 -0.9
v 0.9 1.8 -1
v 0.9 1.8 -1.1
v 0.9 1.8 -1.2
v 0.9 1.8 -1.3
v 0.9 1.8 -2.1
v 0.9 1.8 -2.3
v 0.9 1.9 -0.6
v 0.9 1.9 -0.7
v 0.9 1.9 -0.9
v 0.9 1.9 -1
v 0.9 1.9 -1.1
v 0.9 1.9 -1.3
v 0.9 1.9 -1.4
v 0.9 1.9 -1.5
v 0.9 1.9 -1.6
v 0.9 1.9 -2.2
v 0.9 1.9 -2.3
v 0.9 2 -1.3
v 0.9 2 -1.4
v 0.9 2 -1.5
v 0.9 2 -1.6
v 0.9 2 -1.8
v 0.9 2 -2
v 0.9 2 -2.1
v 0.9 2 -2.2
v 0.9 2.1 -1.6
v 0.9 2.1 -2.1
v 1.1 1.5 0.2
v 1.1 1.5 0.0999999
v 1.1 1.6 0.2
v 1.1 1.6 0.0999999
v 1.1 1.6 -0.1
v 1.1 1.6 -0.2
v 1.1 1.6 -0.3
v 1.1 1.6 -0.4
v 1.1 1.6 -0.5
v 1.1 1.6 -0.6
v 1.1 1.7 0.0999999
v 1.1 1.7 -0.1
v 1.1 1.7 -0.2
v 1.1 1.7 -0.3
v 1.1 1.7 -0.4
v 1.1 1.7 -0.5
v 1.1 1.7 -0.6
v 1.1 1.7 -0.7
v 1.1 1.7 -0.8
v 1.1 1.7 -1
v 1.1 1.7 -1.1
v 1.1 1.7 -1.2
v 1.1 1.7 -1.3
v 1.1 1.8 -0.6
v 1.1 1.8 -0.7
v 1.1 1.8 -0.8
v 1.1 1.8 -1
v 1.1 1.8 -1.1
v 1.1 1.8 -1.2
v 1.1 1.8 -1.3
v 1.1 1.8 -1.4
v 1.1 1.8 -1.6
v 1.1 1.9 -1.3
v 1.1 1.9 -1.6
v 1.1 1.9 -1.7
v 1.1 1.9 -1.8
v 1.1 1.9 -1.9
v 1.1 1.9 -2.1
v 1.1 2 -1.6
v 1.1 2 -1.8
v 1.1 2 -2.1
v 1.2 1.7 2.2
v 1.2 1.7 2
v 1.2 1.7 1.8
v 1.2 1.7 1.5
v 1.2 1.7 1.3
v 1.2 1.7 1
v 1.2 1.7 0.8
v 1.2 1.7 0.5
v 1.2 1.7 0.3
v 1.2 1.7 0.2
v 1.2 1.8 2.2
v 1.2 1.8 2
v 1.2 1.8 1.8
v 1.2 1.8 1.5
v 1.2 1.8 1.3
v 1.2 1.8 1
v 1.2 1.8 0.8
v 1.2 1.8 0.5
v 1.2 1.8 0.3
v 1.2 1.8 0.2
v 1.3 0 1.1
v 1.3 0 1
v 1.3 0 0.9
v 1.3 0 0.8
v 1.3 0 0.7
v 1.3 0 0.6
v 1.3 0 0.5
v 1.3 0 0.4
v 1.3 0 0.3
v 1.3 0 0.2
v 1.3 0 0.0999999
v 1.3 0 0
v 1.3 0 -0.1
v 1.3 0 -0.2
v 1.3 0 -0.3
v 1.3 0 -0.4
v 1.3 0 -0.5
v 1.3 0 -0.6
v 1.3 0 -0.7
v 1.3 0 -0.8
v 1.3 0 -0.9
v 1.3 0 -1
v 1.3 0 -1.1
v 1.3 0 -1.2
v 1.3 0 -1.3
v 1.3 0 -1.4
v 1.3 0 -1.5
v 1.3 0 -1.6
v 1.3 0 -1.7
v 1.3 0 -1.8
v 1.3 0 -1.9
v 1.3 0 -2
v 1.3 0 -2.1
v 1.3 0 -2.2
v 1.3 0 -2.3
v 1.3 0 -2.4
v 1.3 0 -2.5
v 1.3 0 -2.6
v 1.3 0 -2.7
v 1.3 0.1 1.5
v 1.3 0.1 1.4
v 1.3 0.1 1.3
v 1.3 0.1 1.2
v 1.3 0.1 1.1
v 1.3 0.1 1
v 1.3 0.1 0.9
v 1.3 0.1 0.8
v 1.3 0.1 0.7
v 1.3 0.1 0.6
v 1.3 0.1 0.5
v 1.3 0.1 0.4
v 1.3 0.1 0.3
v 1.3 0.1 0.2
v 1.3 0.1 0.0999999
v 1.3 0.1 0
v 1.3 0.1 -0.1
v 1.3 0.1 -0.2
v 1.3 0.1 -0.3
v 1.3 0.1 -0.4
v 1.3 0.1 -0.5
v 1.3 0.1 -0.6
v 1.3 0.1 -0.7
v 1.3 0.1 -0.8
v 1.3 0.1 -0.9
v 1.3 0.1 -1
v 1.3 0.1 -1.1
v 1.3 0.1 -1.2
v 1.3 0.1 -1.3
v 1.3 0.1 -1.4
v 1.3 0.1 -1.5
v 1.3 0.1 -1.6
v 1.3 0.1 -1.7
v 1.3 0.1 -1.8
v 1.3 0.1 -1.9
v 1.3 0.1 -2
v 1.3 0.1 -2.1
v 1.3 0.1 -2.2
v 1.3 0.1 -2.3
v 1.3 0.1 -2.4
v 1.3 0.1 -2.5
v 1.3 0.1 -2.6
v 1.3 0.1 -2.7
v 1.3 0.1 -2.8
v 1.3 0.1 -2.9
v 1.3 0.2 1.8
v 1.3 0.2 1.7
v 1.3 0.2 1.6
v 1.3 0.2 1.5
v 1.3 0.2 1.4
v 1.3 0.2 1.3
v 1.3 0.2 1.2
v 1.3 0.2 1
v 1.3 0.2 0.9
v 1.3 0.2 0.5
v 1.3 0.2 0.4
v 1.3 0.2 0
v 1.3 0.2 -0.1
v 1.3 0.2 -0.5
v 1.3 0.2 -0.6
v 1.3 0.2 -1
v 1.3 0.2 -1.1
v 1.3 0.2 -1.5
v 1.3 0.2 -1.6
v 1.3 0.2 -2
v 1.3 0.2 -2.1
v 1.3 0.2 -2.5
v 1.3 0.2 -2.6
v 1.3 0.2 -2.7
v 1.3 0.2 -2.8
v 1.3 0.2 -2.9
v 1.3 0.2 -3
v 1.3 0.2 -3.1
v 1.3 0.2 -3.2
v 1.3 0.3 1.9
v 1.3 0.3 1.8
v 1.3 0.3 1.7
v 1.3 0.3 1.6
v 1.3 0.3 1.5
v 1.3 0.3 1.4
v 1.3 0.3 1.1
v 1.3 0.3 1
v 1.3 0.3 0.9
v 1.3 0.3 0.6
v 1.3 0.3 0.5
v 1.3 0.3 0.4
v 1.3 0.3 0.0999999
v 1.3 0.3 0
v 1.3 0.3 -0.1
v 1.3 0.3 -0.4
v 1.3 0.3 -0.5
v 1.3 0.3 -0.6
v 1.3 0.3 -0.9
v 1.3 0.3 -1
v 1.3 0.3 -1.1
v 1.3 0.3 -1.4
v 1.3 0.3 -1.5
v 1.3 0.3 -1.6
v 1.3 0.3 -1.9
v 1.3 0.3 -2
v 1.3 0.3 -2.1
v 1.3 0.3 -2.4
v 1.3 0.3 -2.5
v 1.3 0.3 -2.6
v 1.3 0.3 -2.9
v 1.3 0.3 -3
v 1.3 0.3 -3.1
v 1.3 0.3 -3.2
v 1.3 0.3 -3.3
v 1.3 0.4 1.9
v 1.3 0.4 1.8
v 1.3 0.4 1.6
v 1.3 0.4 1.5
v 1.3 0.4 1.4
v 1.3 0.4 1.3
v 1.3 0.4 1.1
v 1.3 0.4 1
v 1.3 0.4 0.8
v 1.3 0.4 0.6
v 1.3 0.4 0.5
v 1.3 0.4 0.3
v 1.3 0.4 0.0999999
v 1.3 0.4 0
v 1.3 0.4 -0.2
v 1.3 0.4 -0.4
v 1.3 0.4 -0.5
v 1.3 0.4 -0.7
v 1.3 0.4 -0.9
v 1.3 0.4 -1
v 1.3 0.4 -1.2
v 1.3 0.4 -1.4
v 1.3 0.4 -1.5
v 1.3 0.4 -1.7
v 1.3 0.4 -1.9
v 1.3 0.4 -2
v 1.3 0.4 -2.2
v 1.3 0.4 -2.4
v 1.3 0.4 -2.5
v 1.3 0.4 -2.7
v 1.3 0.4 -2.9
v 1.3 0.4 -3.2
v 1.3 0.4 -3.3
v 1.3 1.4 2.2
v 1.3 1.4 2.1
v 1.3 1.4 2
v 1.3 1.4 1.8
v 1.3 1.4 1.5
v 1.3 1.4 1.3
v 1.3 1.4 1
v 1.3 1.4 0.8
v 1.3 1.4 0.5
v 1.3 1.4 0.3
v 1.3 1.4 0
v 1.3 1.4 -0.1
v 1.3 1.4 -1.2
v 1.3 1.4 -1.3
v 1.3 1.4 -2
v 1.3 1.4 -2.1
v 1.3 1.4 -2.3
v 1.3 1.4 -2.4
v 1.3 1.4 -2.8
v 1.3 1.5 0.2
v 1.3 1.5 0.0999999
v 1.3 1.5 0
v 1.3 1.5 -0.3
v 1.3 1.5 -0.4
v 1.3 1.5 -2.1
v 1.3 1.5 -2.3
v 1.3 1.5 -2.7
v 1.3 1.5 -2.8
v 1.3 1.6 0.0999999
v 1.3 1.6 0
v 1.3 1.6 -0.1
v 1.3 1.6 -0.3
v 1.3 1.6 -0.4
v 1.3 1.6 -0.6
v 1.3 1.6 -0.7
v 1.3 1.6 -0.9
v 1.3 1.6 -1.2
v 1.3 1.6 -1.3
v 1.3 1.6 -2.1
v 1.3 1.6 -2.3
v 1.3 1.6 -2.6
v 1.3 1.6 -2.7
v 1.3 1.7 2.2
v 1.3 1.7 2
v 1.3 1.7 1.8
v 1.3 1.7 1.5
v 1.3 1.7 1.3
v 1.3 1.7 1
v 1.3 1.7 0.8
v 1.3 1.7 0.5
v 1.3 1.7 0.3
v 1.3 1.7 0.2
v 1.3 1.7 -0.6
v 1.3 1.7 -0.7
v 1.3 1.7 -0.9
v 1.3 1.7 -1.3
v 1.3 1.7 -1.4
v 1.3 1.7 -1.5
v 1.3 1.7 -2.1
v 1.3 1.7 -2.3
v 1.3 1.7 -2.5
v 1.3 1.7 -2.6
v 1.3 1.8 -1.3
v 1.3 1.8 -1.4
v 1.3 1.8 -1.5
v 1.3 1.8 -1.6
v 1.3 1.8 -1.8
v 1.3 1.8 -2
v 1.3 1.8 -2.1
v 1.3 1.8 -2.4
v 1.3 1.8 -2.5
v 1.3 1.9 -1.6
v 1.3 1.9 -1.8
v 1.3 1.9 -2
v 1.3 1.9 -2.1
v 1.4 0.4 2
v 1.4 0.4 0.7
v 1.4 0.4 -2
v 1.4 0.4 -3.4
v 1.4 0.6 2.1
v 1.4 0.6 2
v 1.4 0.6 1.8
v 1.4 0.6 0.7
v 1.4 0.6 -2
v 1.4 0.6 -3.3
v 1.4 0.6 -3.4
v 1.4 0.6 -3.5
v 1.4 0.7 2.3
v 1.4 0.7 2.1
v 1.4 0.7 -3.5
v 1.4 0.7 -3.6
v 1.4 0.8 2
v 1.4 0.8 1.8
v 1.4 0.8 -3.3
v 1.4 0.8 -3.6
v 1.4 1.2 2.3
v 1.4 1.2 2.2
v 1.4 1.2 2
v 1.4 1.2 1.9
v 1.4 1.3 2.2
v 1.4 1.3 2.1
v 1.4 1.3 1.9
v 1.4 1.3 -2
v 1.4 1.3 -2.4
v 1.4 1.3 -2.9
v 1.4 1.4 2.1
v 1.4 1.4 0
v 1.4 1.4 -0.1
v 1.4 1.4 -1.2
v 1.4 1.4 -1.3
v 1.4 1.4 -2
v 1.4 1.4 -2.1
v 1.4 1.4 -2.3
v 1.4 1.4 -2.4
v 1.4 1.4 -2.9
v 1.4 1.5 0
v 1.4 1.5 -0.1
v 1.4 1.5 -1.2
v 1.4 1.5 -1.3
v 1.4 1.5 -2.1
v 1.4 1.5 -2.3
v 1.4 1.6 -2.1
v 1.4 1.6 -2.3
v 1.4 1.7 -2.1
v 1.4 1.7 -2.3
v 1.4 1.8 -2
v 1.4 1.8 -2.4
v 1.5 0.6 1.8
v 1.5 0.6 0.7
v 1.5 0.6 -2
v 1.5 0.6 -2.2
v 1.5 0.6 -2.6
v 1.5 0.6 -3.3
v 1.5 0.7 -2.3
v 1.5 0.7 -2.5
v 1.5 0.8 2
v 1.5 0.8 1.8
v 1.5 0.8 0.7
v 1.5 0.8 0.4
v 1.5 0.8 -1.7
v 1.5 0.8 -2
v 1.5 0.8 -2.3
v 1.5 0.8 -2.5
v 1.5 0.8 -3.3
v 1.5 0.8 -3.7
v 1.5 0.9 -2.3
v 1.5 0.9 -2.5
v 1.5 1 -2.3
v 1.5 1 -2.5
v 1.5 1.1 -2.3
v 1.5 1.1 -2.5
v 1.5 1.1 -3.6
v 1.5 1.1 -3.7
v 1.5 1.2 2
v 1.5 1.2 1.9
v 1.5 1.2 -2.3
v 1.5 1.2 -2.5
v 1.5 1.2 -3.5
v 1.5 1.2 -3.6
v 1.5 1.3 1.9
v 1.5 1.3 0.4
v 1.5 1.3 -1.7
v 1.5 1.3 -2.2
v 1.5 1.3 -2.6
v 1.5 1.3 -3.5
v 1.6 0.6 -2.2
v 1.6 0.6 -2.6
v 1.6 0.7 -2.3
v 1.6 0.7 -2.5
v 1.6 0.8 0.4
v 1.6 0.8 0.3
v 1.6 0.8 -1.6
v 1.6 0.8 -1.7
v 1.6 0.8 -2.3
v 1.6 0.8 -2.5
v 1.6 0.9 -2.3
v 1.6 0.9 -2.5
v 1.6 1 -2.3
v 1.6 1 -2.5
v 1.6 1.1 -2.3
v 1.6 1.1 -2.5
v 1.6 1.2 0.3
v 1.6 1.2 0
v 1.6 1.2 -1.3
v 1.6 1.2 -1.6
v 1.6 1.2 -2.3
v 1.6 1.2 -2.5
v 1.6 1.3 0.4
v 1.6 1.3 0
v 1.6 1.3 -0.1
v 1.6 1.3 -1.2
v 1.6 1.3 -1.3
v 1.6 1.3 -1.7
v 1.6 1.3 -2.2
v 1.6 1.3 -2.6
v 1.6 1.5 0
v 1.6 1.5 -0.1
v 1.6 1.5 -1.2
v 1.6 1.5 -1.3
v 1.8 0.4 0.7
v 1.8 0.4 0.6
v 1.8 0.4 -1.9
v 1.8 0.4 -2
v 1.8 0.5 0.7
v 1.8 0.5 0.6
v 1.8 0.5 -1.9
v 1.8 0.5 -2
v 1.8 0.6 0.7
v 1.8 0.6 0.6
v 1.8 0.6 -1.9
v 1.8 0.6 -2
v 1.8 1.3 0
v 1.8 1.3 -0.1
v 1.8 1.3 -1.2
v 1.8 1.3 -1.3
v 1.8 1.5 0
v 1.8 1.5 -0.1
v 1.8 1.5 -1.2
v 1.8 1.5 -1.3
v 1.9 0.4 0.6
v 1.9 0.4 0.5
v 1.9 0.4 -1.8
v 1.9 0.4 -1.9
v 1.9 0.5 0.6
v 1.9 0.5 0.5
v 1.9 0.5 -1.8
v 1.9 0.5 -1.9
v 1.9 0.6 1.2
v 1.9 0.6 1.1
v 1.9 0.6 1
v 1.9 0.6 0.9
v 1.9 0.6 0.8
v 1.9 0.6 0.7
v 1.9 0.6 0.6
v 1.9 0.6 -1.9
v 1.9 0.6 -2
v 1.9 0.6 -2.1
v 1.9 0.6 -2.2
v 1.9 0.6 -2.3
v 1.9 0.6 -2.4
v 1.9 0.6 -2.5
v 1.9 0.7 1.1
v 1.9 0.7 1
v 1.9 0.7 0.9
v 1.9 0.7 0.8
v 1.9 0.7 -2.1
v 1.9 0.7 -2.2
v 1.9 0.7 -2.3
v 1.9 0.7 -2.4
v 1.9 0.8 1.2
v 1.9 0.8 1.1
v 1.9 0.8 1
v 1.9 0.8 0.9
v 1.9 0.8 0.7
v 1.9 0.8 0.5
v 1.9 0.8 0.3
v 1.9 0.8 0
v 1.9 0.8 -1.3
v 1.9 0.8 -1.6
v 1.9 0.8 -1.8
v 1.9 0.8 -2
v 1.9 0.8 -2.2
v 1.9 0.8 -2.3
v 1.9 0.8 -2.4
v 1.9 0.8 -2.5
v 1.9 0.9 0.9
v 1.9 0.9 0.8
v 1.9 0.9 0.7
v 1.9 0.9 0.6
v 1.9 0.9 0.5
v 1.9 0.9 0.4
v 1.9 0.9 0.3
v 1.9 0.9 -1.6
v 1.9 0.9 -1.7
v 1.9 0.9 -1.8
v 1.9 0.9 -1.9
v 1.9 0.9 -2
v 1.9 0.9 -2.1
v 1.9 0.9 -2.2
v 1.9 1 0.8
v 1.9 1 0.7
v 1.9 1 0.6
v 1.9 1 0.5
v 1.9 1 -1.8
v 1.9 1 -1.9
v 1.9 1 -2
v 1.9 1 -2.1
v 1.9 1.1 0.9
v 1.9 1.1 0.8
v 1.9 1.1 0.7
v 1.9 1.1 0.6
v 1.9 1.1 0.4
v 1.9 1.1 0.3
v 1.9 1.1 -1.6
v 1.9 1.1 -1.7
v 1.9 1.1 -1.9
v 1.9 1.1 -2
v 1.9 1.1 -2.1
v 1.9 1.1 -2.2
v 1.9 1.2 0.3
v 1.9 1.2 0
v 1.9 1.2 -1.3
v 1.9 1.2 -1.6
v 2 0.4 0.5
v 2 0.4 -1.8
v 2 0.5 0.4
v 2 0.5 0
v 2 0.5 -0.1
v 2 0.5 -1.2
v 2 0.5 -1.3
v 2 0.5 -1.7
v 2 0.7 0.4
v 2 0.7 0
v 2 0.7 -0.1
v 2 0.7 -1.2
v 2 0.7 -1.3
v 2 0.7 -1.7
v 2 0.8 0.5
v 2 0.8 0
v 2 0.8 -0.1
v 2 0.8 -1.2
v 2 0.8 -1.3
v 2 0.8 -1.8
v 2 1.2 -0.1
v 2 1.2 -1.2
v 2 1.3 0
v 2 1.3 -0.1
v 2 1.3 -0.2
v 2 1.3 -0.3
v 2 1.3 -0.4
v 2 1.3 -0.5
v 2 1.3 -0.6
v 2 1.3 -0.7
v 2 1.3 -0.8
v 2 1.3 -0.9
v 2 1.3 -1
v 2 1.3 -1.1
v 2 1.3 -1.2
v 2 1.3 -1.3
v 2 1.5 -0.1
v 2 1.5 -0.2
v 2 1.5 -0.3
v 2 1.5 -0.4
v 2 1.5 -0.5
v 2 1.5 -0.6
v 2 1.5 -0.7
v 2 1.5 -0.8
v 2 1.5 -0.9
v 2 1.5 -1
v 2 1.5 -1.1
v 2 1.5 -1.2
v 2 1.6 0
v 2 1.6 -1.3
v -0.5 0.7 2.4
v -0.5 0.8 2.4
v -0.5 0.9 2.4
v -0.5 1 2.4
v -0.5 1.1 2.4
v -0.5 1.2 2.4
v -0.5 1.3 2.4
v -0.5 1.4 2.4
v -0.4 0.7 2.4
v -0.4 0.8 2.4
v -0.4 0.9 2.4
v -0.4 1 2.4
v -0.4 1.1 2.4
v -0.4 1.2 2.4
v -0.4 1.3 2.4
v -0.4 1.4 2.4
v -0.3 0.7 2.4
v -0.3 0.8 2.4
v -0.3 1.3 2.4
v -0.3 1.4 2.4
v -0.2 0.7 2.4
v -0.2 0.8 2.4
v -0.2 1.3 2.4
v -0.2 1.4 2.4
v -0.0999999 0.7 2.4
v -0.0999999 0.8 2.4
v -0.0999999 1.3 2.4
v -0.0999999 1.4 2.4
v 0.1 0.7 2.4
v 0.1 0.8 2.4
v 0.1 1.3 2.4
v 0.1 1.4 2.4
v 0.2 0.7 2.4
v 0.2 0.8 2.4
v 0.2 1.3 2.4
v 0.2 1.4 2.4
v 0.3 0.7 2.4
v 0.3 0.8 2.4
v 0.3 1.3 2.4
v 0.3 1.4 2.4
v 0.4 0.7 2.4
v 0.4 0.8 2.4
v 0.4 0.9 2.4
v 0.4 1 2.4
v 0.4 1.1 2.4
v 0.4 1.2 2.4
v 0.4 1.3 2.4
v 0.4 1.4 2.4
v 0.5 0.7 2.4
v 0.5 0.8 2.4
v 0.5 0.9 2.4
v 0.5 1 2.4
v 0.5 1.1 2.4
v 0.5 1.2 2.4
v 0.5 1.3 2.4
v 0.5 1.4 2.4
v -1.4 0.7 2.3
v -1.4 1.2 2.3
v -0.5 0.6 2.3
v -0.5 0.7 2.3
v -0.5 0.8 2.3
v -0.5 0.9 2.3
v -0.5 1 2.3
v -0.5 1.1 2.3
v -0.5 1.2 2.3
v -0.5 1.3 2.3
v -0.5 1.4 2.3
v -0.5 1.5 2.3
v -0.4 0.7 2.3
v -0.4 0.8 2.3
v -0.4 0.9 2.3
v -0.4 1 2.3
v -0.4 1.1 2.3
v -0.4 1.2 2.3
v -0.4 1.3 2.3
v -0.4 1.4 2.3
v -0.3 0.7 2.3
v -0.3 0.8 2.3
v -0.3 1.3 2.3
v -0.3 1.4 2.3
v -0.2 0.7 2.3
v -0.2 0.8 2.3
v -0.2 1.3 2.3
v -0.2 1.4 2.3
v -0.0999999 0.7 2.3
v -0.0999999 0.8 2.3
v -0.0999999 1.3 2.3
v -0.0999999 1.4 2.3
v 0.1 0.7 2.3
v 0.1 0.8 2.3
v 0.1 1.3 2.3
v 0.1 1.4 2.3
v 0.2 0.7 2.3
v 0.2 0.8 2.3
v 0.2 1.3 2.3
v 0.2 1.4 2.3
v 0.3 0.7 2.3
v 0.3 0.8 2.3
v 0.3 1.3 2.3
v 0.3 1.4 2.3
v 0.4 0.7 2.3
v 0.4 0.8 2.3
v 0.4 0.9 2.3
v 0.4 1 2.3
v 0.4 1.1 2.3
v 0.4 1.2 2.3
v 0.4 1.3 2.3
v 0.4 1.4 2.3
v 0.5 0.6 2.3
v 0.5 0.7 2.3
v 0.5 0.8 2.3
v 0.5 0.9 2.3
v 0.5 1 2.3
v 0.5 1.1 2.3
v 0.5 1.2 2.3
v 0.5 1.3 2.3
v 0.5 1.4 2.3
v 0.5 1.5 2.3
v 1.4 0.7 2.3
v 1.4 1.2 2.3
v -1.4 1.2 2.2
v -1.4 1.3 2.2
v -1.3 1.4 2.2
v -1.3 1.7 2.2
v -1.2 1.7 2.2
v -1.2 1.8 2.2
v -1 1.7 2.2
v -1 1.8 2.2
v -0.9 1.4 2.2
v -0.9 1.7 2.2
v -0.8 1.3 2.2
v -0.8 1.4 2.2
v -0.5 1.2 2.2
v -0.5 1.4 2.2
v -0.5 1.5 2.2
v -0.5 1.6 2.2
v -0.4 1.5 2.2
v -0.4 1.6 2.2
v 0.4 1.5 2.2
v 0.4 1.6 2.2
v 0.5 1.2 2.2
v 0.5 1.4 2.2
v 0.5 1.5 2.2
v 0.5 1.6 2.2
v 0.8 1.3 2.2
v 0.8 1.4 2.2
v 0.9 1.4 2.2
v 0.9 1.7 2.2
v 1 1.7 2.2
v 1 1.8 2.2
v 1.2 1.7 2.2
v 1.2 1.8 2.2
v 1.3 1.4 2.2
v 1.3 1.7 2.2
v 1.4 1.2 2.2
v 1.4 1.3 2.2
v -1.4 0.6 2.1
v -1.4 0.7 2.1
v -1.4 1.3 2.1
v -1.4 1.4 2.1
v -1.3 0.7 2.1
v -1.3 1.4 2.1
v -1 1.3 2.1
v -1 1.4 2.1
v -0.6 0.7 2.1
v -0.5 0.6 2.1
v -0.5 0.7 2.1
v -0.2 1.5 2.1
v -0.2 1.6 2.1
v -0.0999999 1.5 2.1
v -0.0999999 1.6 2.1
v 0.1 1.5 2.1
v 0.1 1.6 2.1
v 0.2 1.5 2.1
v 0.2 1.6 2.1
v 0.5 0.6 2.1
v 0.5 0.7 2.1
v 0.6 0.7 2.1
v 1 1.3 2.1
v 1 1.4 2.1
v 1.3 0.7 2.1
v 1.3 1.4 2.1
v 1.4 0.6 2.1
v 1.4 0.7 2.1
v 1.4 1.3 2.1
v 1.4 1.4 2.1
v -1.5 0.8 2
v -1.5 1.2 2
v -1.4 0.4 2
v -1.4 0.6 2
v -1.4 0.8 2
v -1.4 1.2 2
v -1.3 0.5 2
v -1.3 0.6 2
v -0.6 0.5 2
v -0.6 0.6 2
v -0.5 1.5 2
v -0.5 1.6 2
v -0.4 1.5 2
v -0.4 1.6 2
v 0.4 1.5 2
v 0.4 1.6 2
v 0.5 1.5 2
v 0.5 1.6 2
v 0.6 0.5 2
v 0.6 0.6 2
v 1.3 0.5 2
v 1.3 0.6 2
v 1.4 0.4 2
v 1.4 0.6 2
v 1.4 0.8 2
v 1.4 1.2 2
v 1.5 0.8 2
v 1.5 1.2 2
v -1.5 1.2 1.9
v -1.5 1.3 1.9
v -1.4 1.2 1.9
v -1.4 1.3 1.9
v -1.3 0.3 1.9
v -1.3 0.4 1.9
v -1 1.3 1.9
v -1 1.4 1.9
v -0.9 1.4 1.9
v -0.9 1.5 1.9
v -0.8 1.3 1.9
v -0.8 1.4 1.9
v -0.6 0.3 1.9
v -0.6 0.4 1.9
v -0.5 1.4 1.9
v -0.5 1.5 1.9
v -0.2 1.5 1.9
v -0.2 1.6 1.9
v -0.0999999 1.5 1.9
v -0.0999999 1.6 1.9
v 0.1 1.5 1.9
v 0.1 1.6 1.9
v 0.2 1.5 1.9
v 0.2 1.6 1.9
v 0.5 1.4 1.9
v 0.5 1.5 1.9
v 0.6 0.3 1.9
v 0.6 0.4 1.9
v 0.8 1.3 1.9
v 0.8 1.4 1.9
v 0.9 1.4 1.9
v 0.9 1.5 1.9
v 1 1.3 1.9
v 1 1.4 1.9
v 1.3 0.3 1.9
v 1.3 0.4 1.9
v 1.4 1.2 1.9
v 1.4 1.3 1.9
v 1.5 1.2 1.9
v 1.5 1.3 1.9
v -1.5 0.6 1.8
v -1.5 0.8 1.8
v -1.4 0.6 1.8
v -1.4 0.8 1.8
v -1.3 0.2 1.8
v -1.3 0.3 1.8
v -0.6 0.2 1.8
v -0.6 0.3 1.8
v -0.5 1.5 1.8
v -0.5 1.6 1.8
v -0.4 1.5 1.8
v -0.4 1.6 1.8
v 0.4 1.5 1.8
v 0.4 1.6 1.8
v 0.5 1.5 1.8
v 0.5 1.6 1.8
v 0.6 0.2 1.8
v 0.6 0.3 1.8
v 1.3 0.2 1.8
v 1.3 0.3 1.8
v 1.4 0.6 1.8
v 1.4 0.8 1.8
v 1.5 0.6 1.8
v 1.5 0.8 1.8
v -0.4 1.5 1.7
v -0.4 1.6 1.7
v 0.4 1.5 1.7
v 0.4 1.6 1.7
v -0.5 1.6 1.6
v -0.5 1.7 1.6
v -0.4 1.6 1.6
v -0.4 1.7 1.6
v 0.4 1.6 1.6
v 0.4 1.7 1.6
v 0.5 1.6 1.6
v 0.5 1.7 1.6
v -1.3 0.1 1.5
v -1.3 0.2 1.5
v -1.2 0.2 1.5
v -0.9 1.5 1.5
v -0.9 1.6 1.5
v -0.6 0.1 1.5
v -0.6 0.2 1.5
v -0.5 1.5 1.5
v -0.5 1.6 1.5
v -0.2 1.6 1.5
v -0.2 1.7 1.5
v -0.0999999 1.6 1.5
v -0.0999999 1.7 1.5
v 0.1 1.6 1.5
v 0.1 1.7 1.5
v 0.2 1.6 1.5
v 0.2 1.7 1.5
v 0.5 1.5 1.5
v 0.5 1.6 1.5
v 0.6 0.1 1.5
v 0.6 0.2 1.5
v 0.9 1.5 1.5
v 0.9 1.6 1.5
v 1.2 0.2 1.5
v 1.3 0.1 1.5
v 1.3 0.2 1.5
v -0.5 1.6 1.4
v -0.5 1.7 1.4
v -0.4 1.6 1.4
v -0.4 1.7 1.4
v 0.4 1.6 1.4
v 0.4 1.7 1.4
v 0.5 1.6 1.4
v 0.5 1.7 1.4
v -0.2 1.6 1.3
v -0.2 1.7 1.3
v -0.0999999 1.6 1.3
v -0.0999999 1.7 1.3
v 0.1 1.6 1.3
v 0.1 1.7 1.3
v 0.2 1.6 1.3
v 0.2 1.7 1.3
v -1.9 0.6 1.2
v -1.9 0.8 1.2
v -1.7 0.6 1.2
v -1.7 0.8 1.2
v -0.9 1.6 1.2
v -0.9 1.7 1.2
v -0.5 1.6 1.2
v -0.5 1.7 1.2
v -0.4 1.6 1.2
v -0.4 1.7 1.2
v 0.4 1.6 1.2
v 0.4 1.7 1.2
v 0.5 1.6 1.2
v 0.5 1.7 1.2
v 0.9 1.6 1.2
v 0.9 1.7 1.2
v 1.7 0.6 1.2
v 1.7 0.8 1.2
v 1.9 0.6 1.2
v 1.9 0.8 1.2
v -1.3 0 1.1
v -1.3 0.1 1.1
v -0.8 1.7 1.1
v -0.8 1.8 1.1
v -0.8 1.9 1.1
v -0.8 2 1.1
v -0.8 2.1 1.1
v -0.7 1.7 1.1
v -0.7 1.8 1.1
v -0.7 1.9 1.1
v -0.7 2 1.1
v -0.6 0 1.1
v -0.6 0.1 1.1
v -0.6 1.7 1.1
v -0.6 1.8 1.1
v -0.6 1.9 1.1
v -0.6 2 1.1
v -0.6 2.1 1.1
v 0.6 0 1.1
v 0.6 0.1 1.1
v 0.6 1.7 1.1
v 0.6 1.8 1.1
v 0.6 1.9 1.1
v 0.6 2 1.1
v 0.6 2.1 1.1
v 0.7 1.7 1.1
v 0.7 1.8 1.1
v 0.7 1.9 1.1
v 0.7 2 1.1
v 0.8 1.7 1.1
v 0.8 1.8 1.1
v 0.8 1.9 1.1
v 0.8 2 1.1
v 0.8 2.1 1.1
v 1.3 0 1.1
v 1.3 0.1 1.1
v -0.5 1.6 1
v -0.5 1.7 1
v -0.5 1.8 1
v -0.4 1.7 1
v -0.4 1.8 1
v 0.4 1.7 1
v 0.4 1.8 1
v 0.5 1.6 1
v 0.5 1.7 1
v 0.5 1.8 1
v -1.9 0.9 0.9
v -1.9 1.1 0.9
v -1.7 0.9 0.9
v -1.7 1.1 0.9
v -0.2 1.7 0.9
v -0.2 1.8 0.9
v -0.0999999 1.7 0.9
v -0.0999999 1.8 0.9
v 0.1 1.7 0.9
v 0.1 1.8 0.9
v 0.2 1.7 0.9
v 0.2 1.8 0.9
v 1.7 0.9 0.9
v 1.7 1.1 0.9
v 1.9 0.9 0.9
v 1.9 1.1 0.9
v -0.5 1.7 0.8
v -0.5 1.8 0.8
v -0.4 1.7 0.8
v -0.4 1.8 0.8
v 0.4 1.7 0.8
v 0.4 1.8 0.8
v 0.5 1.7 0.8
v 0.5 1.8 0.8
v -1.8 0.4 0.7
v -1.8 0.5 0.7
v -1.8 0.6 0.7
v -1.7 0.6 0.7
v -1.7 0.8 0.7
v -1.6 0.5 0.7
v -1.6 0.8 0.7
v -1.5 0.4 0.7
v -1.5 0.6 0.7
v -1.5 0.8 0.7
v -1.4 0.4 0.7
v -1.4 0.6 0.7
v -0.2 1.7 0.7
v -0.2 1.8 0.7
v -0.0999999 1.7 0.7
v -0.0999999 1.8 0.7
v 0.1 1.7 0.7
v 0.1 1.8 0.7
v 0.2 1.7 0.7
v 0.2 1.8 0.7
v 1.4 0.4 0.7
v 1.4 0.6 0.7
v 1.5 0.4 0.7
v 1.5 0.6 0.7
v 1.5 0.8 0.7
v 1.6 0.5 0.7
v 1.6 0.8 0.7
v 1.7 0.6 0.7
v 1.7 0.8 0.7
v 1.8 0.4 0.7
v 1.8 0.5 0.7
v 1.8 0.6 0.7
v -1.9 0.4 0.6
v -1.9 0.5 0.6
v -1.9 0.6 0.6
v -1.8 0.4 0.6
v -1.8 0.5 0.6
v -1.8 0.6 0.6
v -0.5 1.7 0.6
v -0.5 1.8 0.6
v -0.4 1.7 0.6
v -0.4 1.8 0.6
v 0.4 1.7 0.6
v 0.4 1.8 0.6
v 0.5 1.7 0.6
v 0.5 1.8 0.6
v 1.8 0.4 0.6
v 1.8 0.5 0.6
v 1.8 0.6 0.6
v 1.9 0.4 0.6
v 1.9 0.5 0.6
v 1.9 0.6 0.6
v -2 0.4 0.5
v -2 0.8 0.5
v -1.9 0.4 0.5
v -1.9 0.5 0.5
v -1.9 0.8 0.5
v -0.2 1.7 0.5
v -0.2 1.8 0.5
v -0.0999999 1.7 0.5
v -0.0999999 1.8 0.5
v 0.1 1.7 0.5
v 0.1 1.8 0.5
v 0.2 1.7 0.5
v 0.2 1.8 0.5
v 1.9 0.4 0.5
v 1.9 0.5 0.5
v 1.9 0.8 0.5
v 2 0.4 0.5
v 2 0.8 0.5
v -1.6 0.8 0.4
v -1.6 1.3 0.4
v -1.5 0.8 0.4
v -1.5 1.3 0.4
v -0.5 1.7 0.4
v -0.5 1.8 0.4
v -0.4 1.7 0.4
v -0.4 1.8 0.4
v 0.4 1.7 0.4
v 0.4 1.8 0.4
v 0.5 1.7 0.4
v 0.5 1.8 0.4
v 1.5 0.8 0.4
v 1.5 1.3 0.4
v 1.6 0.8 0.4
v 1.6 1.3 0.4
v -1.9 0.8 0.3
v -1.9 0.9 0.3
v -1.9 1.1 0.3
v -1.9 1.2 0.3
v -1.8 1.1 0.3
v -1.7 0.9 0.3
v -1.7 1 0.3
v -1.7 1.1 0.3
v -1.6 0.8 0.3
v -1.6 1.2 0.3
v -0.8 1.5 0.3
v -0.8 1.6 0.3
v -0.5 1.5 0.3
v -0.5 1.6 0.3
v -0.2 1.7 0.3
v -0.2 1.8 0.3
v -0.0999999 1.7 0.3
v -0.0999999 1.8 0.3
v 0.1 1.7 0.3
v 0.1 1.8 0.3
v 0.2 1.7 0.3
v 0.2 1.8 0.3
v 0.5 1.5 0.3
v 0.5 1.6 0.3
v 0.8 1.5 0.3
v 0.8 1.6 0.3
v 1.6 0.8 0.3
v 1.6 1.2 0.3
v 1.7 0.9 0.3
v 1.7 1 0.3
v 1.7 1.1 0.3
v 1.8 1.1 0.3
v 1.9 0.8 0.3
v 1.9 0.9 0.3
v 1.9 1.1 0.3
v 1.9 1.2 0.3
v -0.9 1.6 0.2
v -0.9 1.7 0.2
v -0.5 1.6 0.2
v -0.5 1.7 0.2
v -0.5 1.8 0.2
v -0.4 1.7 0.2
v -0.4 1.8 0.2
v 0.4 1.7 0.2
v 0.4 1.8 0.2
v 0.5 1.6 0.2
v 0.5 1.7 0.2
v 0.5 1.8 0.2
v 0.9 1.6 0.2
v 0.9 1.7 0.2
v -1.3 1.5 0.0999999
v -1.3 1.6 0.0999999
v -1.2 1.5 0.0999999
v -1.2 1.6 0.0999999
v -1.1 1.5 0.0999999
v -1.1 1.6 0.0999999
v -1.1 1.7 0.0999999
v -1 1.6 0.0999999
v -1 1.7 0.0999999
v -0.9 1.6 0.0999999
v -0.9 1.7 0.0999999
v -0.9 1.8 0.0999999
v -0.5 1.7 0.0999999
v -0.5 1.8 0.0999999
v -0.4 1.7 0.0999999
v -0.4 1.8 0.0999999
v 0.4 1.7 0.0999999
v 0.4 1.8 0.0999999
v 0.5 1.7 0.0999999
v 0.5 1.8 0.0999999
v 0.9 1.6 0.0999999
v 0.9 1.7 0.0999999
v 0.9 1.8 0.0999999
v 1 1.6 0.0999999
v 1 1.7 0.0999999
v 1.1 1.5 0.0999999
v 1.1 1.6 0.0999999
v 1.1 1.7 0.0999999
v 1.2 1.5 0.0999999
v 1.2 1.6 0.0999999
v 1.3 1.5 0.0999999
v 1.3 1.6 0.0999999
v -2 0.8 0
v -2 1.3 0
v -2 1.6 0
v -1.9 0.8 0
v -1.9 1.2 0
v -1.9 1.3 0
v -1.9 1.5 0
v -1.8 1.3 0
v -1.8 1.5 0
v -1.7 1.3 0
v -1.7 1.5 0
v -1.6 1.2 0
v -1.6 1.3 0
v -1.6 1.5 0
v -1.5 1.3 0
v -1.5 1.5 0
v -1.4 1.4 0
v -1.4 1.5 0
v -1.3 1.4 0
v -1.3 1.5 0
v -1.3 1.6 0
v -0.8 1.8 0
v -0.8 1.9 0
v 0.8 1.8 0
v 0.8 1.9 0
v 1.3 1.4 0
v 1.3 1.5 0
v 1.3 1.6 0
v 1.4 1.4 0
v 1.4 1.5 0
v 1.5 1.3 0
v 1.5 1.5 0
v 1.6 1.2 0
v 1.6 1.3 0
v 1.6 1.5 0
v 1.7 1.3 0
v 1.7 1.5 0
v 1.8 1.3 0
v 1.8 1.5 0
v 1.9 0.8 0
v 1.9 1.2 0
v 1.9 1.3 0
v 1.9 1.5 0
v 2 0.8 0
v 2 1.3 0
v 2 1.6 0
v -0.8 1.9 -0.1
v -0.8 2 -0.1
v 0.8 1.9 -0.1
v 0.8 2 -0.1
v -2 1.3 -0.2
v -2 1.5 -0.2
v -1.9 1.3 -0.2
v -1.9 1.5 -0.2
v -0.8 2 -0.2
v -0.8 2.1 -0.2
v 0.8 2 -0.2
v 0.8 2.1 -0.2
v 1.9 1.3 -0.2
v 1.9 1.5 -0.2
v 2 1.3 -0.2
v 2 1.5 -0.2
v -2 1.3 -0.4
v -2 1.5 -0.4
v -1.9 1.3 -0.4
v -1.9 1.5 -0.4
v 1.9 1.3 -0.4
v 1.9 1.5 -0.4
v 2 1.3 -0.4
v 2 1.5 -0.4
v -2 1.3 -0.6
v -2 1.5 -0.6
v -1.9 1.3 -0.6
v -1.9 1.5 -0.6
v -1.3 1.6 -0.6
v -1.3 1.7 -0.6
v -1.1 1.6 -0.6
v -1.1 1.7 -0.6
v -1.1 1.8 -0.6
v -0.9 1.7 -0.6
v -0.9 1.8 -0.6
v -0.9 1.9 -0.6
v -0.8 1.8 -0.6
v -0.8 1.9 -0.6
v 0.8 1.8 -0.6
v 0.8 1.9 -0.6
v 0.9 1.7 -0.6
v 0.9 1.8 -0.6
v 0.9 1.9 -0.6
v 1.1 1.6 -0.6
v 1.1 1.7 -0.6
v 1.1 1.8 -0.6
v 1.3 1.6 -0.6
v 1.3 1.7 -0.6
v 1.9 1.3 -0.6
v 1.9 1.5 -0.6
v 2 1.3 -0.6
v 2 1.5 -0.6
v -2 1.3 -0.8
v -2 1.5 -0.8
v -1.9 1.3 -0.8
v -1.9 1.5 -0.8
v 1.9 1.3 -0.8
v 1.9 1.5 -0.8
v 2 1.3 -0.8
v 2 1.5 -0.8
v -2 1.3 -1
v -2 1.5 -1
v -1.9 1.3 -1
v -1.9 1.5 -1
v 1.9 1.3 -1
v 1.9 1.5 -1
v 2 1.3 -1
v 2 1.5 -1
v -2 1.3 -1.2
v -2 1.5 -1.2
v -1.9 1.3 -1.2
v -1.9 1.5 -1.2
v -1.9 1.6 -1.2
v -1.8 1.3 -1.2
v -1.8 1.5 -1.2
v -1.7 1.3 -1.2
v -1.7 1.5 -1.2
v -1.6 1.3 -1.2
v -1.6 1.5 -1.2
v -1.5 1.3 -1.2
v -1.5 1.5 -1.2
v -1.4 1.4 -1.2
v -1.4 1.5 -1.2
v -1.3 1.4 -1.2
v -1.3 1.6 -1.2
v 1.3 1.4 -1.2
v 1.3 1.6 -1.2
v 1.4 1.4 -1.2
v 1.4 1.5 -1.2
v 1.5 1.3 -1.2
v 1.5 1.5 -1.2
v 1.6 1.3 -1.2
v 1.6 1.5 -1.2
v 1.7 1.3 -1.2
v 1.7 1.5 -1.2
v 1.8 1.3 -1.2
v 1.8 1.5 -1.2
v 1.9 1.3 -1.2
v 1.9 1.5 -1.2
v 1.9 1.6 -1.2
v 2 1.3 -1.2
v 2 1.5 -1.2
v -1.3 1.7 -1.3
v -1.3 1.8 -1.3
v -1.2 1.7 -1.3
v -1.2 1.8 -1.3
v -1.1 1.7 -1.3
v -1.1 1.8 -1.3
v -1.1 1.9 -1.3
v -1 1.8 -1.3
v -0.9 1.8 -1.3
v -0.9 1.9 -1.3
v -0.9 2 -1.3
v -0.8 1.9 -1.3
v -0.8 2 -1.3
v 0.8 1.9 -1.3
v 0.8 2 -1.3
v 0.9 1.8 -1.3
v 0.9 1.9 -1.3
v 0.9 2 -1.3
v 1 1.8 -1.3
v 1.1 1.7 -1.3
v 1.1 1.8 -1.3
v 1.1 1.9 -1.3
v 1.2 1.7 -1.3
v 1.2 1.8 -1.3
v 1.3 1.7 -1.3
v 1.3 1.8 -1.3
v -1.3 1.8 -1.6
v -1.3 1.9 -1.6
v -1.2 1.8 -1.6
v -1.2 1.9 -1.6
v -1.1 1.8 -1.6
v -1.1 1.9 -1.6
v -1.1 2 -1.6
v -1 1.9 -1.6
v -1 2 -1.6
v -0.9 1.9 -1.6
v -0.9 2 -1.6
v -0.9 2.1 -1.6
v -0.8 2 -1.6
v -0.8 2.1 -1.6
v 0.8 2 -1.6
v 0.8 2.1 -1.6
v 0.9 1.9 -1.6
v 0.9 2 -1.6
v 0.9 2.1 -1.6
v 1 1.9 -1.6
v 1 2 -1.6
v 1.1 1.8 -1.6
v 1.1 1.9 -1.6
v 1.1 2 -1.6
v 1.2 1.8 -1.6
v 1.2 1.9 -1.6
v 1.3 1.8 -1.6
v 1.3 1.9 -1.6
v -1.4 1.4 -2
v -1.4 1.8 -2
v -1.3 1.4 -2
v -1.3 1.8 -2
v 1.3 1.4 -2
v 1.3 1.8 -2
v 1.4 1.4 -2
v 1.4 1.8 -2
v -1.6 0.6 -2.2
v -1.6 1.3 -2.2
v -1.5 0.6 -2.2
v -1.5 1.3 -2.2
v 1.5 0.6 -2.2
v 1.5 1.3 -2.2
v 1.6 0.6 -2.2
v 1.6 1.3 -2.2
v -1.4 1.4 -2.3
v -1.4 1.5 -2.3
v -1.4 1.6 -2.3
v -1.4 1.7 -2.3
v -1.3 1.4 -2.3
v -1.3 1.5 -2.3
v -1.3 1.6 -2.3
v -1.3 1.7 -2.3
v 1.3 1.4 -2.3
v 1.3 1.5 -2.3
v 1.3 1.6 -2.3
v 1.3 1.7 -2.3
v 1.4 1.4 -2.3
v 1.4 1.5 -2.3
v 1.4 1.6 -2.3
v 1.4 1.7 -2.3
v -1.6 0.7 -2.5
v -1.6 0.8 -2.5
v -1.6 0.9 -2.5
v -1.6 1 -2.5
v -1.6 1.1 -2.5
v -1.6 1.2 -2.5
v -1.5 0.7 -2.5
v -1.5 0.8 -2.5
v -1.5 0.9 -2.5
v -1.5 1 -2.5
v -1.5 1.1 -2.5
v -1.5 1.2 -2.5
v 1.5 0.7 -2.5
v 1.5 0.8 -2.5
v 1.5 0.9 -2.5
v 1.5 1 -2.5
v 1.5 1.1 -2.5
v 1.5 1.2 -2.5
v 1.6 0.7 -2.5
v 1.6 0.8 -2.5
v 1.6 0.9 -2.5
v 1.6 1 -2.5
v 1.6 1.1 -2.5
v 1.6 1.2 -2.5
v -0.5 1.5 2.1
v -0.5 1.6 2.1
v -0.4 1.5 2.1
v -0.4 1.6 2.1
v 0.4 1.5 2.1
v 0.4 1.6 2.1
v 0.5 1.5 2.1
v 0.5 1.6 2.1
v -0.2 1.5 2
v -0.2 1.6 2
v -0.0999999 1.5 2
v -0.0999999 1.6 2
v 0.1 1.5 2
v 0.1 1.6 2
v 0.2 1.5 2
v 0.2 1.6 2
v -0.5 1.5 1.9
v -0.5 1.6 1.9
v -0.4 1.5 1.9
v -0.4 1.6 1.9
v 0.4 1.5 1.9
v 0.4 1.6 1.9
v 0.5 1.5 1.9
v 0.5 1.6 1.9
v -0.2 1.5 1.8
v -0.2 1.6 1.8
v -0.0999999 1.5 1.8
v -0.0999999 1.6 1.8
v 0.1 1.5 1.8
v 0.1 1.6 1.8
v 0.2 1.5 1.8
v 0.2 1.6 1.8
v -0.5 1.6 1.5
v -0.5 1.7 1.5
v -0.4 1.6 1.5
v -0.4 1.7 1.5
v 0.4 1.6 1.5
v 0.4 1.7 1.5
v 0.5 1.6 1.5
v 0.5 1.7 1.5
v -0.2 1.6 1.4
v -0.2 1.7 1.4
v -0.0999999 1.6 1.4
v -0.0999999 1.7 1.4
v 0.1 1.6 1.4
v 0.1 1.7 1.4
v 0.2 1.6 1.4
v 0.2 1.7 1.4
v -0.5 1.6 1.3
v -0.5 1.7 1.3
v -0.4 1.6 1.3
v -0.4 1.7 1.3
v 0.4 1.6 1.3
v 0.4 1.7 1.3
v 0.5 1.6 1.3
v 0.5 1.7 1.3
v -0.2 1.6 1.2
v -0.2 1.7 1.2
v -0.0999999 1.6 1.2
v -0.0999999 1.7 1.2
v 0.1 1.6 1.2
v 0.1 1.7 1.2
v 0.2 1.6 1.2
v 0.2 1.7 1.2
v -0.9 1.6 1.1
v -0.9 1.7 1.1
v -0.8 1.6 1.1
v -0.8 1.7 1.1
v -0.5 1.6 1.1
v -0.5 1.7 1.1
v -0.4 1.6 1.1
v -0.4 1.7 1.1
v 0.4 1.6 1.1
v 0.4 1.7 1.1
v 0.5 1.6 1.1
v 0.5 1.7 1.1
v 0.8 1.6 1.1
v 0.8 1.7 1.1
v 0.9 1.6 1.1
v 0.9 1.7 1.1
v -0.8 1.7 0.9
v -0.8 2 0.9
v -0.8 2.1 0.9
v -0.7 1.7 0.9
v -0.7 1.8 0.9
v -0.7 1.9 0.9
v -0.7 2 0.9
v -0.6 1.7 0.9
v -0.6 1.8 0.9
v -0.6 1.9 0.9
v -0.6 2 0.9
v -0.6 2.1 0.9
v -0.5 1.7 0.9
v -0.5 1.8 0.9
v -0.4 1.7 0.9
v -0.4 1.8 0.9
v 0.4 1.7 0.9
v 0.4 1.8 0.9
v 0.5 1.7 0.9
v 0.5 1.8 0.9
v 0.6 1.7 0.9
v 0.6 1.8 0.9
v 0.6 1.9 0.9
v 0.6 2 0.9
v 0.6 2.1 0.9
v 0.7 1.7 0.9
v 0.7 1.8 0.9
v 0.7 1.9 0.9
v 0.7 2 0.9
v 0.8 1.7 0.9
v 0.8 2 0.9
v 0.8 2.1 0.9
v -0.8 1.6 0.8
v -0.8 1.7 0.8
v -0.5 1.6 0.8
v -0.5 1.7 0.8
v -0.2 1.7 0.8
v -0.2 1.8 0.8
v -0.0999999 1.7 0.8
v -0.0999999 1.8 0.8
v 0.1 1.7 0.8
v 0.1 1.8 0.8
v 0.2 1.7 0.8
v 0.2 1.8 0.8
v 0.5 1.6 0.8
v 0.5 1.7 0.8
v 0.8 1.6 0.8
v 0.8 1.7 0.8
v -0.5 1.7 0.7
v -0.5 1.8 0.7
v -0.4 1.7 0.7
v -0.4 1.8 0.7
v 0.4 1.7 0.7
v 0.4 1.8 0.7
v 0.5 1.7 0.7
v 0.5 1.8 0.7
v -0.8 1.5 0.6
v -0.8 1.6 0.6
v -0.5 1.5 0.6
v -0.5 1.6 0.6
v -0.2 1.7 0.6
v -0.2 1.8 0.6
v -0.0999999 1.7 0.6
v -0.0999999 1.8 0.6
v 0.1 1.7 0.6
v 0.1 1.8 0.6
v 0.2 1.7 0.6
v 0.2 1.8 0.6
v 0.5 1.5 0.6
v 0.5 1.6 0.6
v 0.8 1.5 0.6
v 0.8 1.6 0.6
v -0.5 1.7 0.5
v -0.5 1.8 0.5
v -0.4 1.7 0.5
v -0.4 1.8 0.5
v 0.4 1.7 0.5
v 0.4 1.8 0.5
v 0.5 1.7 0.5
v 0.5 1.8 0.5
v -0.2 1.7 0.4
v -0.2 1.8 0.4
v -0.0999999 1.7 0.4
v -0.0999999 1.8 0.4
v 0.1 1.7 0.4
v 0.1 1.8 0.4
v 0.2 1.7 0.4
v 0.2 1.8 0.4
v -0.5 1.7 0.3
v -0.5 1.8 0.3
v -0.4 1.7 0.3
v -0.4 1.8 0.3
v 0.4 1.7 0.3
v 0.4 1.8 0.3
v 0.5 1.7 0.3
v 0.5 1.8 0.3
v -1.3 1.5 0.2
v -1.3 1.7 0.2
v -1.2 1.5 0.2
v -1.2 1.7 0.2
v -1.2 1.8 0.2
v -1.1 1.5 0.2
v -1.1 1.6 0.2
v -1 1.6 0.2
v -1 1.7 0.2
v -1 1.8 0.2
v -0.9 1.6 0.2
v -0.9 1.7 0.2
v -0.2 1.7 0.2
v -0.2 1.8 0.2
v -0.0999999 1.7 0.2
v -0.0999999 1.8 0.2
v 0.1 1.7 0.2
v 0.1 1.8 0.2
v 0.2 1.7 0.2
v 0.2 1.8 0.2
v 0.9 1.6 0.2
v 0.9 1.7 0.2
v 1 1.6 0.2
v 1 1.7 0.2
v 1 1.8 0.2
v 1.1 1.5 0.2
v 1.1 1.6 0.2
v 1.2 1.5 0.2
v 1.2 1.7 0.2
v 1.2 1.8 0.2
v 1.3 1.5 0.2
v 1.3 1.7 0.2
v -2 1.3 -0.1
v -2 1.5 -0.1
v -1.9 1.3 -0.1
v -1.9 1.5 -0.1
v -1.9 1.6 -0.1
v -1.8 1.3 -0.1
v -1.8 1.5 -0.1
v -1.7 1.3 -0.1
v -1.7 1.5 -0.1
v -1.6 1.3 -0.1
v -1.6 1.5 -0.1
v -1.5 1.3 -0.1
v -1.5 1.5 -0.1
v -1.4 1.4 -0.1
v -1.4 1.5 -0.1
v -1.3 1.4 -0.1
v -1.3 1.6 -0.1
v 1.3 1.4 -0.1
v 1.3 1.6 -0.1
v 1.4 1.4 -0.1
v 1.4 1.5 -0.1
v 1.5 1.3 -0.1
v 1.5 1.5 -0.1
v 1.6 1.3 -0.1
v 1.6 1.5 -0.1
v 1.7 1.3 -0.1
v 1.7 1.5 -0.1
v 1.8 1.3 -0.1
v 1.8 1.5 -0.1
v 1.9 1.3 -0.1
v 1.9 1.5 -0.1
v 1.9 1.6 -0.1
v 2 1.3 -0.1
v 2 1.5 -0.1
v -2 1.3 -0.3
v -2 1.5 -0.3
v -1.9 1.3 -0.3
v -1.9 1.5 -0.3
v 1.9 1.3 -0.3
v 1.9 1.5 -0.3
v 2 1.3 -0.3
v 2 1.5 -0.3
v -2 1.3 -0.5
v -2 1.5 -0.5
v -1.9 1.3 -0.5
v -1.9 1.5 -0.5
v 1.9 1.3 -0.5
v 1.9 1.5 -0.5
v 2 1.3 -0.5
v 2 1.5 -0.5
v -2 1.3 -0.7
v -2 1.5 -0.7
v -1.9 1.3 -0.7
v -1.9 1.5 -0.7
v 1.9 1.3 -0.7
v 1.9 1.5 -0.7
v 2 1.3 -0.7
v 2 1.5 -0.7
v -2 1.3 -0.9
v -2 1.5 -0.9
v -1.9 1.3 -0.9
v -1.9 1.5 -0.9
v 1.9 1.3 -0.9
v 1.9 1.5 -0.9
v 2 1.3 -0.9
v 2 1.5 -0.9
v -2 1.3 -1.1
v -2 1.5 -1.1
v -1.9 1.3 -1.1
v -1.9 1.5 -1.1
v 1.9 1.3 -1.1
v 1.9 1.5 -1.1
v 2 1.3 -1.1
v 2 1.5 -1.1
v -2 0.8 -1.3
v -2 1.3 -1.3
v -2 1.6 -1.3
v -1.9 0.8 -1.3
v -1.9 1.2 -1.3
v -1.9 1.3 -1.3
v -1.9 1.5 -1.3
v -1.8 1.3 -1.3
v -1.8 1.5 -1.3
v -1.7 1.3 -1.3
v -1.7 1.5 -1.3
v -1.6 1.2 -1.3
v -1.6 1.3 -1.3
v -1.6 1.5 -1.3
v -1.5 1.3 -1.3
v -1.5 1.5 -1.3
v -1.4 1.4 -1.3
v -1.4 1.5 -1.3
v -1.3 1.4 -1.3
v -1.3 1.6 -1.3
v 1.3 1.4 -1.3
v 1.3 1.6 -1.3
v 1.4 1.4 -1.3
v 1.4 1.5 -1.3
v 1.5 1.3 -1.3
v 1.5 1.5 -1.3
v 1.6 1.2 -1.3
v 1.6 1.3 -1.3
v 1.6 1.5 -1.3
v 1.7 1.3 -1.3
v 1.7 1.5 -1.3
v 1.8 1.3 -1.3
v 1.8 1.5 -1.3
v 1.9 0.8 -1.3
v 1.9 1.2 -1.3
v 1.9 1.3 -1.3
v 1.9 1.5 -1.3
v 2 0.8 -1.3
v 2 1.3 -1.3
v 2 1.6 -1.3
v -1.9 0.8 -1.6
v -1.9 0.9 -1.6
v -1.9 1.1 -1.6
v -1.9 1.2 -1.6
v -1.8 1.1 -1.6
v -1.7 0.9 -1.6
v -1.7 1 -1.6
v -1.7 1.1 -1.6
v -1.6 0.8 -1.6
v -1.6 1.2 -1.6
v 1.6 0.8 -1.6
v 1.6 1.2 -1.6
v 1.7 0.9 -1.6
v 1.7 1 -1.6
v 1.7 1.1 -1.6
v 1.8 1.1 -1.6
v 1.9 0.8 -1.6
v 1.9 0.9 -1.6
v 1.9 1.1 -1.6
v 1.9 1.2 -1.6
v -1.6 0.8 -1.7
v -1.6 1.3 -1.7
v -1.5 0.8 -1.7
v -1.5 1.3 -1.7
v 1.5 0.8 -1.7
v 1.5 1.3 -1.7
v 1.6 0.8 -1.7
v 1.6 1.3 -1.7
v -2 0.4 -1.8
v -2 0.8 -1.8
v -1.9 0.4 -1.8
v -1.9 0.5 -1.8
v -1.9 0.8 -1.8
v 1.9 0.4 -1.8
v 1.9 0.5 -1.8
v 1.9 0.8 -1.8
v 2 0.4 -1.8
v 2 0.8 -1.8
v -1.9 0.4 -1.9
v -1.9 0.5 -1.9
v -1.9 0.6 -1.9
v -1.8 0.4 -1.9
v -1.8 0.5 -1.9
v -1.8 0.6 -1.9
v 1.8 0.4 -1.9
v 1.8 0.5 -1.9
v 1.8 0.6 -1.9
v 1.9 0.4 -1.9
v 1.9 0.5 -1.9
v 1.9 0.6 -1.9
v -1.8 0.4 -2
v -1.8 0.5 -2
v -1.8 0.6 -2
v -1.7 0.6 -2
v -1.7 0.8 -2
v -1.6 0.5 -2
v -1.6 0.8 -2
v -1.5 0.4 -2
v -1.5 0.6 -2
v -1.5 0.8 -2
v -1.4 0.4 -2
v -1.4 0.6 -2
v 1.4 0.4 -2
v 1.4 0.6 -2
v 1.5 0.4 -2
v 1.5 0.6 -2
v 1.5 0.8 -2
v 1.6 0.5 -2
v 1.6 0.8 -2
v 1.7 0.6 -2
v 1.7 0.8 -2
v 1.8 0.4 -2
v 1.8 0.5 -2
v 1.8 0.6 -2
v -1.4 1.4 -2.1
v -1.4 1.5 -2.1
v -1.4 1.6 -2.1
v -1.4 1.7 -2.1
v -1.3 1.4 -2.1
v -1.3 1.5 -2.1
v -1.3 1.6 -2.1
v -1.3 1.7 -2.1
v -1.3 1.8 -2.1
v -1.3 1.9 -2.1
v -1.2 1.8 -2.1
v -1.2 1.9 -2.1
v -1.1 1.8 -2.1
v -1.1 1.9 -2.1
v -1.1 2 -2.1
v -1 1.8 -2.1
v -0.9 1.8 -2.1
v -0.9 2 -2.1
v -0.9 2.1 -2.1
v -0.8 2 -2.1
v -0.8 2.1 -2.1
v -0.0999999 1.8 -2.1
v -0.0999999 1.9 -2.1
v 0.7 1.8 -2.1
v 0.7 1.9 -2.1
v 0.8 2 -2.1
v 0.8 2.1 -2.1
v 0.9 1.8 -2.1
v 0.9 2 -2.1
v 0.9 2.1 -2.1
v 1 1.8 -2.1
v 1.1 1.8 -2.1
v 1.1 1.9 -2.1
v 1.1 2 -2.1
v 1.2 1.8 -2.1
v 1.2 1.9 -2.1
v 1.3 1.4 -2.1
v 1.3 1.5 -2.1
v 1.3 1.6 -2.1
v 1.3 1.7 -2.1
v 1.3 1.8 -2.1
v 1.3 1.9 -2.1
v 1.4 1.4 -2.1
v 1.4 1.5 -2.1
v 1.4 1.6 -2.1
v 1.4 1.7 -2.1
v -1.9 0.9 -2.2
v -1.9 1.1 -2.2
v -1.7 0.9 -2.2
v -1.7 1.1 -2.2
v -0.9 1.9 -2.2
v -0.9 2 -2.2
v -0.8 1.9 -2.2
v -0.8 2 -2.2
v -0.8 2.1 -2.2
v 0.8 1.9 -2.2
v 0.8 2 -2.2
v 0.8 2.1 -2.2
v 0.9 1.9 -2.2
v 0.9 2 -2.2
v 1.7 0.9 -2.2
v 1.7 1.1 -2.2
v 1.9 0.9 -2.2
v 1.9 1.1 -2.2
v -1.6 0.7 -2.3
v -1.6 0.8 -2.3
v -1.6 0.9 -2.3
v -1.6 1 -2.3
v -1.6 1.1 -2.3
v -1.6 1.2 -2.3
v -1.5 0.7 -2.3
v -1.5 0.8 -2.3
v -1.5 0.9 -2.3
v -1.5 1 -2.3
v -1.5 1.1 -2.3
v -1.5 1.2 -2.3
v -0.9 1.8 -2.3
v -0.9 1.9 -2.3
v -0.8 1.8 -2.3
v -0.8 1.9 -2.3
v -0.8 2 -2.3
v -0.0999999 1.9 -2.3
v 0.7 1.9 -2.3
v 0.8 1.8 -2.3
v 0.8 1.9 -2.3
v 0.8 2 -2.3
v 0.9 1.8 -2.3
v 0.9 1.9 -2.3
v 1.5 0.7 -2.3
v 1.5 0.8 -2.3
v 1.5 0.9 -2.3
v 1.5 1 -2.3
v 1.5 1.1 -2.3
v 1.5 1.2 -2.3
v 1.6 0.7 -2.3
v 1.6 0.8 -2.3
v 1.6 0.9 -2.3
v 1.6 1 -2.3
v 1.6 1.1 -2.3
v 1.6 1.2 -2.3
v -1.4 1.4 -2.4
v -1.4 1.8 -2.4
v -1.3 1.4 -2.4
v -1.3 1.8 -2.4
v -0.8 1.8 -2.4
v -0.8 1.9 -2.4
v -0.7 1.8 -2.4
v -0.7 1.9 -2.4
v -0.2 1.8 -2.4
v -0.2 1.9 -2.4
v -0.0999999 1.8 -2.4
v -0.0999999 1.9 -2.4
v 0.7 1.8 -2.4
v 0.7 1.9 -2.4
v 0.8 1.8 -2.4
v 0.8 1.9 -2.4
v 1.3 1.4 -2.4
v 1.3 1.8 -2.4
v 1.4 1.4 -2.4
v 1.4 1.8 -2.4
v -1.9 0.6 -2.5
v -1.9 0.8 -2.5
v -1.7 0.6 -2.5
v -1.7 0.8 -2.5
v -1.3 1.7 -2.5
v -1.3 1.8 -2.5
v -0.7 1.7 -2.5
v -0.7 1.8 -2.5
v -0.2 1.7 -2.5
v -0.2 1.8 -2.5
v 1.3 1.7 -2.5
v 1.3 1.8 -2.5
v 1.7 0.6 -2.5
v 1.7 0.8 -2.5
v 1.9 0.6 -2.5
v 1.9 0.8 -2.5
v -1.6 0.6 -2.6
v -1.6 1.3 -2.6
v -1.5 0.6 -2.6
v -1.5 1.3 -2.6
v -1.3 1.6 -2.6
v -1.3 1.7 -2.6
v -0.7 1.6 -2.6
v -0.7 1.7 -2.6
v -0.2 1.6 -2.6
v -0.2 1.7 -2.6
v 1.3 1.6 -2.6
v 1.3 1.7 -2.6
v 1.5 0.6 -2.6
v 1.5 1.3 -2.6
v 1.6 0.6 -2.6
v 1.6 1.3 -2.6
v -1.3 0 -2.7
v -1.3 0.1 -2.7
v -1.3 1.5 -2.7
v -1.3 1.6 -2.7
v -0.7 1.5 -2.7
v -0.7 1.6 -2.7
v -0.6 0 -2.7
v -0.6 0.1 -2.7
v -0.2 1.5 -2.7
v -0.2 1.6 -2.7
v 0.6 0 -2.7
v 0.6 0.1 -2.7
v 1.3 0 -2.7
v 1.3 0.1 -2.7
v 1.3 1.5 -2.7
v 1.3 1.6 -2.7
v -1.3 1.4 -2.8
v -1.3 1.5 -2.8
v -0.7 1.4 -2.8
v -0.7 1.5 -2.8
v -0.6 1.7 -2.8
v -0.6 1.8 -2.8
v -0.3 1.7 -2.8
v -0.3 1.8 -2.8
v -0.2 1.4 -2.8
v -0.2 1.5 -2.8
v 1.3 1.4 -2.8
v 1.3 1.5 -2.8
v -1.4 1.3 -2.9
v -1.4 1.4 -2.9
v -1.3 0.1 -2.9
v -1.3 0.2 -2.9
v -0.7 1.4 -2.9
v -0.7 1.8 -2.9
v -0.6 0.1 -2.9
v -0.6 0.2 -2.9
v -0.6 1.4 -2.9
v -0.6 1.7 -2.9
v -0.6 1.8 -2.9
v -0.3 1.4 -2.9
v -0.3 1.7 -2.9
v -0.3 1.8 -2.9
v -0.2 1.4 -2.9
v -0.2 1.8 -2.9
v 0.6 0.1 -2.9
v 0.6 0.2 -2.9
v 1.3 0.1 -2.9
v 1.3 0.2 -2.9
v 1.4 1.3 -2.9
v 1.4 1.4 -2.9
v -0.7 1.8 -3
v -0.7 1.9 -3
v -0.6 0.4 -3
v -0.6 0.5 -3
v -0.6 1.2 -3
v -0.6 1.3 -3
v -0.6 1.8 -3
v -0.6 1.9 -3
v -0.5 0.4 -3
v -0.5 0.5 -3
v -0.4 0.4 -3
v -0.4 0.5 -3
v -0.3 0.4 -3
v -0.3 0.5 -3
v -0.3 1.8 -3
v -0.3 1.9 -3
v -0.2 0.5 -3
v -0.2 1.8 -3
v -0.2 1.9 -3
v -0.0999999 0.4 -3
v -0.0999999 0.5 -3
v 0.1 0.4 -3
v 0.1 0.5 -3
v 0.2 0.5 -3
v 0.3 0.4 -3
v 0.3 0.5 -3
v 0.4 0.4 -3
v 0.4 0.5 -3
v 0.5 0.4 -3
v 0.5 0.5 -3
v 0.6 0.4 -3
v 0.6 0.5 -3
v 0.6 1.2 -3
v 0.6 1.3 -3
v -0.6 1.1 -3.1
v -0.6 1.2 -3.1
v -0.6 1.8 -3.1
v -0.6 1.9 -3.1
v -0.3 1.8 -3.1
v -0.3 1.9 -3.1
v 0.6 1.1 -3.1
v 0.6 1.2 -3.1
v -1.3 0.2 -3.2
v -1.3 0.3 -3.2
v -0.6 0.2 -3.2
v -0.6 0.3 -3.2
v -0.6 0.5 -3.2
v -0.6 0.6 -3.2
v -0.6 1 -3.2
v -0.6 1.1 -3.2
v -0.5 0.5 -3.2
v -0.5 0.6 -3.2
v -0.5 1.5 -3.2
v -0.5 1.6 -3.2
v -0.4 0.5 -3.2
v -0.4 0.6 -3.2
v -0.4 1.5 -3.2
v -0.4 1.6 -3.2
v -0.3 0.5 -3.2
v -0.3 0.6 -3.2
v -0.2 0.5 -3.2
v -0.2 0.6 -3.2
v -0.0999999 0.5 -3.2
v -0.0999999 0.6 -3.2
v 0.1 0.5 -3.2
v 0.1 0.6 -3.2
v 0.2 0.5 -3.2
v 0.2 0.6 -3.2
v 0.3 0.5 -3.2
v 0.3 0.6 -3.2
v 0.4 0.5 -3.2
v 0.4 0.6 -3.2
v 0.5 0.5 -3.2
v 0.5 0.6 -3.2
v 0.6 0.2 -3.2
v 0.6 0.3 -3.2
v 0.6 0.5 -3.2
v 0.6 0.6 -3.2
v 0.6 1 -3.2
v 0.6 1.1 -3.2
v 1.3 0.2 -3.2
v 1.3 0.3 -3.2
v -1.5 0.6 -3.3
v -1.5 0.8 -3.3
v -1.4 0.6 -3.3
v -1.4 0.8 -3.3
v -1.3 0.3 -3.3
v -1.3 0.4 -3.3
v -0.6 0.3 -3.3
v -0.6 0.4 -3.3
v -0.6 0.9 -3.3
v -0.6 1 -3.3
v 0.6 0.3 -3.3
v 0.6 0.4 -3.3
v 0.6 0.9 -3.3
v 0.6 1 -3.3
v 1.3 0.3 -3.3
v 1.3 0.4 -3.3
v 1.4 0.6 -3.3
v 1.4 0.8 -3.3
v 1.5 0.6 -3.3
v 1.5 0.8 -3.3
v -1.4 0.4 -3.4
v -1.4 0.6 -3.4
v -1.3 0.4 -3.4
v -1.3 0.5 -3.4
v -1.3 0.6 -3.4
v -0.6 0.4 -3.4
v -0.6 0.5 -3.4
v -0.6 0.6 -3.4
v -0.6 0.7 -3.4
v -0.6 0.8 -3.4
v -0.6 0.9 -3.4
v -0.6 1.4 -3.4
v -0.6 1.7 -3.4
v -0.5 0.6 -3.4
v -0.5 0.7 -3.4
v -0.5 1.5 -3.4
v -0.5 1.6 -3.4
v -0.4 0.6 -3.4
v -0.4 0.7 -3.4
v -0.4 1.5 -3.4
v -0.4 1.6 -3.4
v -0.3 0.6 -3.4
v -0.3 0.7 -3.4
v -0.3 1.4 -3.4
v -0.3 1.7 -3.4
v -0.2 0.6 -3.4
v -0.2 0.7 -3.4
v -0.0999999 0.6 -3.4
v -0.0999999 0.7 -3.4
v 0.1 0.6 -3.4
v 0.1 0.7 -3.4
v 0.2 0.6 -3.4
v 0.2 0.7 -3.4
v 0.3 0.6 -3.4
v 0.3 0.7 -3.4
v 0.4 0.6 -3.4
v 0.4 0.7 -3.4
v 0.5 0.6 -3.4
v 0.5 0.7 -3.4
v 0.6 0.4 -3.4
v 0.6 0.5 -3.4
v 0.6 0.6 -3.4
v 0.6 0.7 -3.4
v 0.6 0.8 -3.4
v 0.6 0.9 -3.4
v 1.3 0.4 -3.4
v 1.3 0.5 -3.4
v 1.3 0.6 -3.4
v 1.4 0.4 -3.4
v 1.4 0.6 -3.4
v -1.5 1.2 -3.5
v -1.5 1.3 -3.5
v -1.4 0.6 -3.5
v -1.4 0.7 -3.5
v -1.3 0.6 -3.5
v -1.3 0.7 -3.5
v -0.6 0.6 -3.5
v -0.6 0.7 -3.5
v -0.6 0.8 -3.5
v -0.6 1.2 -3.5
v -0.6 1.3 -3.5
v 0.6 0.6 -3.5
v 0.6 0.7 -3.5
v 0.6 0.8 -3.5
v 0.6 1.2 -3.5
v 0.6 1.3 -3.5
v 1.3 0.6 -3.5
v 1.3 0.7 -3.5
v 1.4 0.6 -3.5
v 1.4 0.7 -3.5
v 1.5 1.2 -3.5
v 1.5 1.3 -3.5
v -1.5 1.1 -3.6
v -1.5 1.2 -3.6
v -1.4 0.7 -3.6
v -1.4 0.8 -3.6
v -0.6 0.7 -3.6
v -0.6 0.8 -3.6
v -0.6 1.1 -3.6
v -0.6 1.2 -3.6
v 0.6 0.7 -3.6
v 0.6 0.8 -3.6
v 0.6 1.1 -3.6
v 0.6 1.2 -3.6
v 1.4 0.7 -3.6
v 1.4 0.8 -3.6
v 1.5 1.1 -3.6
v 1.5 1.2 -3.6
v -1.5 0.8 -3.7
v -1.5 1.1 -3.7
v -0.6 0.8 -3.7
v -0.6 1.1 -3.7
v 0.6 0.8 -3.7
v 0.6 1.1 -3.7
v 1.5 0.8 -3.7
v 1.5 1.1 -3.7
v -1.3 0 1.1
v -0.6 0 1.1
v 0.6 0 1.1
v 1.3 0 1.1
v -1.3 0 1
v -0.6 0 1
v 0.6 0 1
v 1.3 0 1
v -1.3 0 0.9
v -0.6 0 0.9
v 0.6 0 0.9
v 1.3 0 0.9
v -1.3 0 0.8
v -0.6 0 0.8
v 0.6 0 0.8
v 1.3 0 0.8
v -1.3 0 0.7
v -0.6 0 0.7
v 0.6 0 0.7
v 1.3 0 0.7
v -1.3 0 0.6
v -0.6 0 0.6
v 0.6 0 0.6
v 1.3 0 0.6
v -1.3 0 0.5
v -0.6 0 0.5
v 0.6 0 0.5
v 1.3 0 0.5
v -1.3 0 0.4
v -0.6 0 0.4
v 0.6 0 0.4
v 1.3 0 0.4
v -1.3 0 0.3
v -0.6 0 0.3
v 0.6 0 0.3
v 1.3 0 0.3
v -1.3 0 0.2
v -0.6 0 0.2
v 0.6 0 0.2
v 1.3 0 0.2
v -1.3 0 0.0999999
v -0.6 0 0.0999999
v 0.6 0 0.0999999
v 1.3 0 0.0999999
v -1.3 0 0
v -0.6 0 0
v 0.6 0 0
v 1.3 0 0
v -1.3 0 -0.1
v -0.6 0 -0.1
v 0.6 0 -0.1
v 1.3 0 -0.1
v -1.3 0 -0.2
v -0.6 0 -0.2
v 0.6 0 -0.2
v 1.3 0 -0.2
v -1.3 0 -0.3
v -0.6 0 -0.3
v 0.6 0 -0.3
v 1.3 0 -0.3
v -1.3 0 -0.4
v -0.6 0 -0.4
v 0.6 0 -0.4
v 1.3 0 -0.4
v -1.3 0 -0.5
v -0.6 0 -0.5
v 0.6 0 -0.5
v 1.3 0 -0.5
v -1.3 0 -0.6
v -0.6 0 -0.6
v 0.6 0 -0.6
v 1.3 0 -0.6
v -1.3 0 -0.7
v -0.6 0 -0.7
v 0.6 0 -0.7
v 1.3 0 -0.7
v -1.3 0 -0.8
v -0.6 0 -0.8
v 0.6 0 -0.8
v 1.3 0 -0.8
v -1.3 0 -0.9
v -0.6 0 -0.9
v 0.6 0 -0.9
v 1.3 0 -0.9
v -1.3 0 -1
v -0.6 0 -1
v 0.6 0 -1
v 1.3 0 -1
v -1.3 0 -1.1
v -0.6 0 -1.1
v 0.6 0 -1.1
v 1.3 0 -1.1
v -1.3 0 -1.2
v -0.6 0 -1.2
v 0.6 0 -1.2
v 1.3 0 -1.2
v -1.3 0 -1.3
v -0.6 0 -1.3
v 0.6 0 -1.3
v 1.3 0 -1.3
v -1.3 0 -1.4
v -0.6 0 -1.4
v 0.6 0 -1.4
v 1.3 0 -1.4
v -1.3 0 -1.5
v -0.6 0 -1.5
v 0.6 0 -1.5
v 1.3 0 -1.5
v -1.3 0 -1.6
v -0.6 0 -1.6
v 0.6 0 -1.6
v 1.3 0 -1.6
v -1.3 0 -1.7
v -0.6 0 -1.7
v 0.6 0 -1.7
v 1.3 0 -1.7
v -1.3 0 -1.8
v -0.6 0 -1.8
v 0.6 0 -1.8
v 1.3 0 -1.8
v -1.3 0 -1.9
v -0.6 0 -1.9
v 0.6 0 -1.9
v 1.3 0 -1.9
v -1.3 0 -2
v -0.6 0 -2
v 0.6 0 -2
v 1.3 0 -2
v -1.3 0 -2.1
v -0.6 0 -2.1
v 0.6 0 -2.1
v 1.3 0 -2.1
v -1.3 0 -2.2
v -0.6 0 -2.2
v 0.6 0 -2.2
v 1.3 0 -2.2
v -1.3 0 -2.3
v -0.6 0 -2.3
v 0.6 0 -2.3
v 1.3 0 -2.3
v -1.3 0 -2.4
v -0.6 0 -2.4
v 0.6 0 -2.4
v 1.3 0 -2.4
v -1.3 0 -2.5
v -0.6 0 -2.5
v 0.6 0 -2.5
v 1.3 0 -2.5
v -1.3 0 -2.6
v -0.6 0 -2.6
v 0.6 0 -2.6
v 1.3 0 -2.6
v -1.3 0 -2.7
v -0.6 0 -2.7
v 0.6 0 -2.7
v 1.3 0 -2.7
v -1.3 0.1 1.5
v -0.6 0.1 1.5
v 0.6 0.1 1.5
v 1.3 0.1 1.5
v -1.3 0.1 1.4
v -0.6 0.1 1.4
v 0.6 0.1 1.4
v 1.3 0.1 1.4
v -1.3 0.1 1.3
v -0.6 0.1 1.3
v 0.6 0.1 1.3
v 1.3 0.1 1.3
v -1.3 0.1 1.2
v -0.6 0.1 1.2
v 0.6 0.1 1.2
v 1.3 0.1 1.2
v -1.3 0.1 1.1
v -0.6 0.1 1.1
v 0.6 0.1 1.1
v 1.3 0.1 1.1
v -1.3 0.1 -2.7
v -0.6 0.1 -2.7
v 0.6 0.1 -2.7
v 1.3 0.1 -2.7
v -1.3 0.1 -2.8
v -0.6 0.1 -2.8
v 0.6 0.1 -2.8
v 1.3 0.1 -2.8
v -1.3 0.1 -2.9
v -0.6 0.1 -2.9
v 0.6 0.1 -2.9
v 1.3 0.1 -2.9
v -1.3 0.2 1.8
v -0.6 0.2 1.8
v 0.6 0.2 1.8
v 1.3 0.2 1.8
v -1.3 0.2 1.7
v -0.6 0.2 1.7
v 0.6 0.2 1.7
v 1.3 0.2 1.7
v -1.3 0.2 1.6
v -1.2 0.2 1.6
v -0.6 0.2 1.6
v 0.6 0.2 1.6
v 1.2 0.2 1.6
v 1.3 0.2 1.6
v -1.3 0.2 1.5
v -1.2 0.2 1.5
v -0.6 0.2 1.5
v 0.6 0.2 1.5
v 1.2 0.2 1.5
v 1.3 0.2 1.5
v -1.3 0.2 -2.9
v -0.6 0.2 -2.9
v 0.6 0.2 -2.9
v 1.3 0.2 -2.9
v -1.3 0.2 -3
v -0.6 0.2 -3
v 0.6 0.2 -3
v 1.3 0.2 -3
v -1.3 0.2 -3.1
v -0.6 0.2 -3.1
v 0.6 0.2 -3.1
v 1.3 0.2 -3.1
v -1.3 0.2 -3.2
v -0.6 0.2 -3.2
v 0.6 0.2 -3.2
v 1.3 0.2 -3.2
v -1.3 0.3 1.9
v -0.6 0.3 1.9
v 0.6 0.3 1.9
v 1.3 0.3 1.9
v -1.3 0.3 1.8
v -0.6 0.3 1.8
v 0.6 0.3 1.8
v 1.3 0.3 1.8
v -1.3 0.3 -3.2
v -0.6 0.3 -3.2
v 0.6 0.3 -3.2
v 1.3 0.3 -3.2
v -1.3 0.3 -3.3
v -0.6 0.3 -3.3
v 0.6 0.3 -3.3
v 1.3 0.3 -3.3
v -1.4 0.4 2
v 1.4 0.4 2
v -1.3 0.4 1.9
v -0.6 0.4 1.9
v 0.6 0.4 1.9
v 1.3 0.4 1.9
v -1.3 0.4 1.8
v -0.6 0.4 1.8
v 0.6 0.4 1.8
v 1.3 0.4 1.8
v -1.3 0.4 1.6
v 1.3 0.4 1.6
v -1.3 0.4 1.5
v 1.3 0.4 1.5
v -1.3 0.4 1.4
v 1.3 0.4 1.4
v -1.3 0.4 1.3
v 1.3 0.4 1.3
v -1.3 0.4 1.1
v 1.3 0.4 1.1
v -1.3 0.4 1
v 1.3 0.4 1
v -1.3 0.4 0.8
v 1.3 0.4 0.8
v -1.8 0.4 0.7
v -1.5 0.4 0.7
v -1.4 0.4 0.7
v 1.4 0.4 0.7
v 1.5 0.4 0.7
v 1.8 0.4 0.7
v -1.9 0.4 0.6
v -1.8 0.4 0.6
v -1.3 0.4 0.6
v 1.3 0.4 0.6
v 1.8 0.4 0.6
v 1.9 0.4 0.6
v -2 0.4 0.5
v -1.9 0.4 0.5
v -1.6 0.4 0.5
v -1.3 0.4 0.5
v 1.3 0.4 0.5
v 1.6 0.4 0.5
v 1.9 0.4 0.5
v 2 0.4 0.5
v -1.3 0.4 0.3
v 1.3 0.4 0.3
v -1.3 0.4 0.0999999
v 1.3 0.4 0.0999999
v -1.3 0.4 0
v 1.3 0.4 0
v -1.3 0.4 -0.2
v 1.3 0.4 -0.2
v -1.3 0.4 -0.4
v 1.3 0.4 -0.4
v -1.3 0.4 -0.5
v 1.3 0.4 -0.5
v -1.3 0.4 -0.7
v 1.3 0.4 -0.7
v -1.3 0.4 -0.9
v 1.3 0.4 -0.9
v -1.3 0.4 -1
v 1.3 0.4 -1
v -1.3 0.4 -1.2
v 1.3 0.4 -1.2
v -1.3 0.4 -1.4
v 1.3 0.4 -1.4
v -1.3 0.4 -1.5
v 1.3 0.4 -1.5
v -1.3 0.4 -1.7
v 1.3 0.4 -1.7
v -2 0.4 -1.8
v -1.9 0.4 -1.8
v -1.6 0.4 -1.8
v 1.6 0.4 -1.8
v 1.9 0.4 -1.8
v 2 0.4 -1.8
v -1.9 0.4 -1.9
v -1.8 0.4 -1.9
v -1.3 0.4 -1.9
v 1.3 0.4 -1.9
v 1.8 0.4 -1.9
v 1.9 0.4 -1.9
v -1.8 0.4 -2
v -1.5 0.4 -2
v -1.4 0.4 -2
v -1.3 0.4 -2
v 1.3 0.4 -2
v 1.4 0.4 -2
v 1.5 0.4 -2
v 1.8 0.4 -2
v -1.3 0.4 -2.2
v 1.3 0.4 -2.2
v -1.3 0.4 -2.4
v 1.3 0.4 -2.4
v -1.3 0.4 -2.5
v 1.3 0.4 -2.5
v -1.3 0.4 -2.7
v 1.3 0.4 -2.7
v -1.3 0.4 -2.9
v -0.5 0.4 -2.9
v -0.4 0.4 -2.9
v -0.3 0.4 -2.9
v -0.0999999 0.4 -2.9
v 0.1 0.4 -2.9
v 0.3 0.4 -2.9
v 0.4 0.4 -2.9
v 0.5 0.4 -2.9
v 1.3 0.4 -2.9
v -0.6 0.4 -3
v -0.5 0.4 -3
v -0.4 0.4 -3
v -0.3 0.4 -3
v -0.0999999 0.4 -3
v 0.1 0.4 -3
v 0.3 0.4 -3
v 0.4 0.4 -3
v 0.5 0.4 -3
v 0.6 0.4 -3
v -1.3 0.4 -3.2
v 1.3 0.4 -3.2
v -1.3 0.4 -3.3
v -0.6 0.4 -3.3
v 0.6 0.4 -3.3
v 1.3 0.4 -3.3
v -1.4 0.4 -3.4
v -1.3 0.4 -3.4
v -0.6 0.4 -3.4
v 0.6 0.4 -3.4
v 1.3 0.4 -3.4
v 1.4 0.4 -3.4
v -0.6 0.5 -3
v -0.5 0.5 -3
v -0.4 0.5 -3
v -0.3 0.5 -3
v -0.2 0.5 -3
v -0.0999999 0.5 -3
v 0.1 0.5 -3
v 0.2 0.5 -3
v 0.3 0.5 -3
v 0.4 0.5 -3
v 0.5 0.5 -3
v 0.6 0.5 -3
v -0.5 0.5 -3.1
v -0.4 0.5 -3.1
v -0.3 0.5 -3.1
v -0.2 0.5 -3.1
v -0.0999999 0.5 -3.1
v 0.1 0.5 -3.1
v 0.2 0.5 -3.1
v 0.3 0.5 -3.1
v 0.4 0.5 -3.1
v 0.5 0.5 -3.1
v -0.6 0.5 -3.2
v -0.5 0.5 -3.2
v -0.4 0.5 -3.2
v -0.3 0.5 -3.2
v -0.2 0.5 -3.2
v -0.0999999 0.5 -3.2
v 0.1 0.5 -3.2
v 0.2 0.5 -3.2
v 0.3 0.5 -3.2
v 0.4 0.5 -3.2
v 0.5 0.5 -3.2
v 0.6 0.5 -3.2
v -0.5 0.6 2.3
v 0.5 0.6 2.3
v -1.4 0.6 2.1
v -0.5 0.6 2.1
v 0.5 0.6 2.1
v 1.4 0.6 2.1
v -1.4 0.6 2
v -1.3 0.6 2
v -0.6 0.6 2
v 0.6 0.6 2
v 1.3 0.6 2
v 1.4 0.6 2
v -1.5 0.6 1.8
v -1.4 0.6 1.8
v 1.4 0.6 1.8
v 1.5 0.6 1.8
v -1.9 0.6 1.2
v -1.7 0.6 1.2
v 1.7 0.6 1.2
v 1.9 0.6 1.2
v -1.9 0.6 1.1
v -1.7 0.6 1.1
v 1.7 0.6 1.1
v 1.9 0.6 1.1
v -1.9 0.6 1
v -1.8 0.6 1
v 1.8 0.6 1
v 1.9 0.6 1
v -1.9 0.6 0.9
v -1.8 0.6 0.9
v 1.8 0.6 0.9
v 1.9 0.6 0.9
v -1.9 0.6 0.8
v -1.8 0.6 0.8
v 1.8 0.6 0.8
v 1.9 0.6 0.8
v -1.9 0.6 0.7
v -1.8 0.6 0.7
v -1.7 0.6 0.7
v -1.5 0.6 0.7
v -1.4 0.6 0.7
v 1.4 0.6 0.7
v 1.5 0.6 0.7
v 1.7 0.6 0.7
v 1.8 0.6 0.7
v 1.9 0.6 0.7
v -1.9 0.6 0.6
v -1.8 0.6 0.6
v 1.8 0.6 0.6
v 1.9 0.6 0.6
v -1.9 0.6 -1.9
v -1.8 0.6 -1.9
v 1.8 0.6 -1.9
v 1.9 0.6 -1.9
v -1.9 0.6 -2
v -1.8 0.6 -2
v -1.7 0.6 -2
v -1.5 0.6 -2
v -1.4 0.6 -2
v 1.4 0.6 -2
v 1.5 0.6 -2
v 1.7 0.6 -2
v 1.8 0.6 -2
v 1.9 0.6 -2
v -1.9 0.6 -2.1
v -1.8 0.6 -2.1
v 1.8 0.6 -2.1
v 1.9 0.6 -2.1
v -1.9 0.6 -2.2
v -1.8 0.6 -2.2
v -1.6 0.6 -2.2
v -1.5 0.6 -2.2
v 1.5 0.6 -2.2
v 1.6 0.6 -2.2
v 1.8 0.6 -2.2
v 1.9 0.6 -2.2
v -1.9 0.6 -2.3
v -1.8 0.6 -2.3
v 1.8 0.6 -2.3
v 1.9 0.6 -2.3
v -1.9 0.6 -2.4
v -1.7 0.6 -2.4
v 1.7 0.6 -2.4
v 1.9 0.6 -2.4
v -1.9 0.6 -2.5
v -1.7 0.6 -2.5
v 1.7 0.6 -2.5
v 1.9 0.6 -2.5
v -1.6 0.6 -2.6
v -1.5 0.6 -2.6
v 1.5 0.6 -2.6
v 1.6 0.6 -2.6
v -0.6 0.6 -3.2
v -0.5 0.6 -3.2
v -0.4 0.6 -3.2
v -0.3 0.6 -3.2
v -0.2 0.6 -3.2
v -0.0999999 0.6 -3.2
v 0.1 0.6 -3.2
v 0.2 0.6 -3.2
v 0.3 0.6 -3.2
v 0.4 0.6 -3.2
v 0.5 0.6 -3.2
v 0.6 0.6 -3.2
v -1.5 0.6 -3.3
v -1.4 0.6 -3.3
v -0.5 0.6 -3.3
v -0.4 0.6 -3.3
v -0.3 0.6 -3.3
v -0.2 0.6 -3.3
v -0.0999999 0.6 -3.3
v 0.1 0.6 -3.3
v 0.2 0.6 -3.3
v 0.3 0.6 -3.3
v 0.4 0.6 -3.3
v 0.5 0.6 -3.3
v 1.4 0.6 -3.3
v 1.5 0.6 -3.3
v -1.4 0.6 -3.4
v -1.3 0.6 -3.4
v -0.6 0.6 -3.4
v -0.5 0.6 -3.4
v -0.4 0.6 -3.4
v -0.3 0.6 -3.4
v -0.2 0.6 -3.4
v -0.0999999 0.6 -3.4
v 0.1 0.6 -3.4
v 0.2 0.6 -3.4
v 0.3 0.6 -3.4
v 0.4 0.6 -3.4
v 0.5 0.6 -3.4
v 0.6 0.6 -3.4
v 1.3 0.6 -3.4
v 1.4 0.6 -3.4
v -1.4 0.6 -3.5
v -1.3 0.6 -3.5
v -0.6 0.6 -3.5
v 0.6 0.6 -3.5
v 1.3 0.6 -3.5
v 1.4 0.6 -3.5
v -0.5 0.7 2.4
v -0.4 0.7 2.4
v -0.3 0.7 2.4
v -0.2 0.7 2.4
v -0.0999999 0.7 2.4
v 0.1 0.7 2.4
v 0.2 0.7 2.4
v 0.3 0.7 2.4
v 0.4 0.7 2.4
v 0.5 0.7 2.4
v -1.4 0.7 2.3
v -0.5 0.7 2.3
v -0.4 0.7 2.3
v -0.3 0.7 2.3
v -0.2 0.7 2.3
v -0.0999999 0.7 2.3
v 0.1 0.7 2.3
v 0.2 0.7 2.3
v 0.3 0.7 2.3
v 0.4 0.7 2.3
v 0.5 0.7 2.3
v 1.4 0.7 2.3
v -1.3 0.7 2.2
v -0.6 0.7 2.2
v 0.6 0.7 2.2
v 1.3 0.7 2.2
v -1.4 0.7 2.1
v -1.3 0.7 2.1
v -0.6 0.7 2.1
v -0.5 0.7 2.1
v 0.5 0.7 2.1
v 0.6 0.7 2.1
v 1.3 0.7 2.1
v 1.4 0.7 2.1
v -0.6 0.7 -3.4
v -0.5 0.7 -3.4
v -0.4 0.7 -3.4
v -0.3 0.7 -3.4
v -0.2 0.7 -3.4
v -0.0999999 0.7 -3.4
v 0.1 0.7 -3.4
v 0.2 0.7 -3.4
v 0.3 0.7 -3.4
v 0.4 0.7 -3.4
v 0.5 0.7 -3.4
v 0.6 0.7 -3.4
v -1.4 0.7 -3.5
v -1.3 0.7 -3.5
v -0.6 0.7 -3.5
v 0.6 0.7 -3.5
v 1.3 0.7 -3.5
v 1.4 0.7 -3.5
v -1.4 0.7 -3.6
v -0.6 0.7 -3.6
v 0.6 0.7 -3.6
v 1.4 0.7 -3.6
v -1.5 0.8 2
v -1.4 0.8 2
v 1.4 0.8 2
v 1.5 0.8 2
v -1.5 0.8 1.8
v -1.4 0.8 1.8
v 1.4 0.8 1.8
v 1.5 0.8 1.8
v -1.6 0.8 -2.3
v -1.5 0.8 -2.3
v 1.5 0.8 -2.3
v 1.6 0.8 -2.3
v -1.6 0.8 -2.5
v -1.5 0.8 -2.5
v 1.5 0.8 -2.5
v 1.6 0.8 -2.5
v -1.5 0.8 -3.3
v -1.4 0.8 -3.3
v 1.4 0.8 -3.3
v 1.5 0.8 -3.3
v -1.4 0.8 -3.6
v -0.6 0.8 -3.6
v 0.6 0.8 -3.6
v 1.4 0.8 -3.6
v -1.5 0.8 -3.7
v -0.6 0.8 -3.7
v 0.6 0.8 -3.7
v 1.5 0.8 -3.7
v -0.5 0.9 2.4
v -0.4 0.9 2.4
v 0.4 0.9 2.4
v 0.5 0.9 2.4
v -0.5 0.9 2.3
v -0.4 0.9 2.3
v 0.4 0.9 2.3
v 0.5 0.9 2.3
v -1.9 0.9 0.9
v -1.7 0.9 0.9
v 1.7 0.9 0.9
v 1.9 0.9 0.9
v -1.9 0.9 0.8
v -1.7 0.9 0.8
v 1.7 0.9 0.8
v 1.9 0.9 0.8
v -1.9 0.9 0.7
v -1.8 0.9 0.7
v 1.8 0.9 0.7
v 1.9 0.9 0.7
v -1.9 0.9 0.6
v -1.8 0.9 0.6
v 1.8 0.9 0.6
v 1.9 0.9 0.6
v -1.9 0.9 0.5
v -1.8 0.9 0.5
v 1.8 0.9 0.5
v 1.9 0.9 0.5
v -1.9 0.9 0.4
v -1.8 0.9 0.4
v 1.8 0.9 0.4
v 1.9 0.9 0.4
v -1.9 0.9 0.3
v -1.7 0.9 0.3
v 1.7 0.9 0.3
v 1.9 0.9 0.3
v -1.9 0.9 -1.6
v -1.7 0.9 -1.6
v 1.7 0.9 -1.6
v 1.9 0.9 -1.6
v -1.9 0.9 -1.7
v -1.8 0.9 -1.7
v 1.8 0.9 -1.7
v 1.9 0.9 -1.7
v -1.9 0.9 -1.8
v -1.8 0.9 -1.8
v 1.8 0.9 -1.8
v 1.9 0.9 -1.8
v -1.9 0.9 -1.9
v -1.8 0.9 -1.9
v 1.8 0.9 -1.9
v 1.9 0.9 -1.9
v -1.9 0.9 -2
v -1.8 0.9 -2
v 1.8 0.9 -2
v 1.9 0.9 -2
v -1.9 0.9 -2.1
v -1.7 0.9 -2.1
v 1.7 0.9 -2.1
v 1.9 0.9 -2.1
v -1.9 0.9 -2.2
v -1.7 0.9 -2.2
v 1.7 0.9 -2.2
v 1.9 0.9 -2.2
v -1.6 1 -2.3
v -1.5 1 -2.3
v 1.5 1 -2.3
v 1.6 1 -2.3
v -1.6 1 -2.5
v -1.5 1 -2.5
v 1.5 1 -2.5
v 1.6 1 -2.5
v -0.5 1.1 2.4
v -0.4 1.1 2.4
v 0.4 1.1 2.4
v 0.5 1.1 2.4
v -0.5 1.1 2.3
v -0.4 1.1 2.3
v 0.4 1.1 2.3
v 0.5 1.1 2.3
v -1.6 1.2 -2.3
v -1.5 1.2 -2.3
v 1.5 1.2 -2.3
v 1.6 1.2 -2.3
v -1.6 1.2 -2.5
v -1.5 1.2 -2.5
v 1.5 1.2 -2.5
v 1.6 1.2 -2.5
v -0.5 1.3 2.4
v -0.4 1.3 2.4
v -0.3 1.3 2.4
v -0.2 1.3 2.4
v -0.0999999 1.3 2.4
v 0.1 1.3 2.4
v 0.2 1.3 2.4
v 0.3 1.3 2.4
v 0.4 1.3 2.4
v 0.5 1.3 2.4
v -0.5 1.3 2.3
v -0.4 1.3 2.3
v -0.3 1.3 2.3
v -0.2 1.3 2.3
v -0.0999999 1.3 2.3
v 0.1 1.3 2.3
v 0.2 1.3 2.3
v 0.3 1.3 2.3
v 0.4 1.3 2.3
v 0.5 1.3 2.3
v -1.3 1.4 2.2
v -0.9 1.4 2.2
v 0.9 1.4 2.2
v 1.3 1.4 2.2
v -1.3 1.4 2.1
v -1 1.4 2.1
v 1 1.4 2.1
v 1.3 1.4 2.1
v -1 1.4 2
v -0.9 1.4 2
v 0.9 1.4 2
v 1 1.4 2
v -1 1.4 1.9
v -0.9 1.4 1.9
v 0.9 1.4 1.9
v 1 1.4 1.9
v -0.6 1.4 -2.9
v -0.3 1.4 -2.9
v -0.6 1.4 -3.2
v -0.5 1.4 -3.2
v -0.5 1.4 -3.3
v -0.3 1.4 -3.3
v -0.6 1.4 -3.4
v -0.3 1.4 -3.4
v -1.9 1.5 0
v -1.8 1.5 0
v -1.7 1.5 0
v -1.6 1.5 0
v -1.5 1.5 0
v -1.4 1.5 0
v 1.4 1.5 0
v 1.5 1.5 0
v 1.6 1.5 0
v 1.7 1.5 0
v 1.8 1.5 0
v 1.9 1.5 0
v -2 1.5 -0.1
v -1.9 1.5 -0.1
v -1.8 1.5 -0.1
v -1.7 1.5 -0.1
v -1.6 1.5 -0.1
v -1.5 1.5 -0.1
v -1.4 1.5 -0.1
v 1.4 1.5 -0.1
v 1.5 1.5 -0.1
v 1.6 1.5 -0.1
v 1.7 1.5 -0.1
v 1.8 1.5 -0.1
v 1.9 1.5 -0.1
v 2 1.5 -0.1
v -2 1.5 -0.2
v -1.9 1.5 -0.2
v 1.9 1.5 -0.2
v 2 1.5 -0.2
v -2 1.5 -0.3
v -1.9 1.5 -0.3
v 1.9 1.5 -0.3
v 2 1.5 -0.3
v -2 1.5 -0.4
v -1.9 1.5 -0.4
v 1.9 1.5 -0.4
v 2 1.5 -0.4
v -2 1.5 -0.5
v -1.9 1.5 -0.5
v 1.9 1.5 -0.5
v 2 1.5 -0.5
v -2 1.5 -0.6
v -1.9 1.5 -0.6
v 1.9 1.5 -0.6
v 2 1.5 -0.6
v -2 1.5 -0.7
v -1.9 1.5 -0.7
v 1.9 1.5 -0.7
v 2 1.5 -0.7
v -2 1.5 -0.8
v -1.9 1.5 -0.8
v 1.9 1.5 -0.8
v 2 1.5 -0.8
v -2 1.5 -0.9
v -1.9 1.5 -0.9
v 1.9 1.5 -0.9
v 2 1.5 -0.9
v -2 1.5 -1
v -1.9 1.5 -1
v 1.9 1.5 -1
v 2 1.5 -1
v -2 1.5 -1.1
v -1.9 1.5 -1.1
v 1.9 1.5 -1.1
v 2 1.5 -1.1
v -2 1.5 -1.2
v -1.9 1.5 -1.2
v -1.8 1.5 -1.2
v -1.7 1.5 -1.2
v -1.6 1.5 -1.2
v -1.5 1.5 -1.2
v -1.4 1.5 -1.2
v 1.4 1.5 -1.2
v 1.5 1.5 -1.2
v 1.6 1.5 -1.2
v 1.7 1.5 -1.2
v 1.8 1.5 -1.2
v 1.9 1.5 -1.2
v 2 1.5 -1.2
v -1.9 1.5 -1.3
v -1.8 1.5 -1.3
v -1.7 1.5 -1.3
v -1.6 1.5 -1.3
v -1.5 1.5 -1.3
v -1.4 1.5 -1.3
v 1.4 1.5 -1.3
v 1.5 1.5 -1.3
v 1.6 1.5 -1.3
v 1.7 1.5 -1.3
v 1.8 1.5 -1.3
v 1.9 1.5 -1.3
v -1.4 1.5 -2.1
v -1.3 1.5 -2.1
v 1.3 1.5 -2.1
v 1.4 1.5 -2.1
v -1.4 1.5 -2.3
v -1.3 1.5 -2.3
v 1.3 1.5 -2.3
v 1.4 1.5 -2.3
v -0.5 1.6 -3.2
v -0.4 1.6 -3.2
v -0.5 1.6 -3.3
v -0.4 1.6 -3.3
v -0.5 1.6 -3.4
v -0.4 1.6 -3.4
v -1.4 1.7 -2.1
v -1.3 1.7 -2.1
v 1.3 1.7 -2.1
v 1.4 1.7 -2.1
v -1.4 1.7 -2.3
v -1.3 1.7 -2.3
v 1.3 1.7 -2.3
v 1.4 1.7 -2.3
v -0.6 1.8 -2.8
v -0.3 1.8 -2.8
v -0.7 1.8 -2.9
v -0.6 1.8 -2.9
v -0.3 1.8 -2.9
v -0.2 1.8 -2.9
v -0.7 1.8 -3
v -0.6 1.8 -3
v -0.3 1.8 -3
v -0.2 1.8 -3
v -0.6 1.8 -3.1
v -0.3 1.8 -3.1
v -0.0999999 1.9 -2.1
v 0.7 1.9 -2.1
v -0.0999999 1.9 -2.3
v 0.7 1.9 -2.3
v -1.6 0.7 -2.3
v -1.5 0.7 -2.3
v 1.5 0.7 -2.3
v 1.6 0.7 -2.3
v -1.6 0.7 -2.5
v -1.5 0.7 -2.5
v 1.5 0.7 -2.5
v 1.6 0.7 -2.5
v -0.5 0.8 2.4
v -0.4 0.8 2.4
v -0.3 0.8 2.4
v -0.2 0.8 2.4
v -0.0999999 0.8 2.4
v 0.1 0.8 2.4
v 0.2 0.8 2.4
v 0.3 0.8 2.4
v 0.4 0.8 2.4
v 0.5 0.8 2.4
v -0.5 0.8 2.3
v -0.4 0.8 2.3
v -0.3 0.8 2.3
v -0.2 0.8 2.3
v -0.0999999 0.8 2.3
v 0.1 0.8 2.3
v 0.2 0.8 2.3
v 0.3 0.8 2.3
v 0.4 0.8 2.3
v 0.5 0.8 2.3
v -1.9 0.8 1.2
v -1.7 0.8 1.2
v 1.7 0.8 1.2
v 1.9 0.8 1.2
v -1.9 0.8 1.1
v -1.8 0.8 1.1
v -1.7 0.8 1.1
v 1.7 0.8 1.1
v 1.8 0.8 1.1
v 1.9 0.8 1.1
v -1.9 0.8 1
v -1.8 0.8 1
v -1.7 0.8 1
v 1.7 0.8 1
v 1.8 0.8 1
v 1.9 0.8 1
v -1.9 0.8 0.9
v -1.8 0.8 0.9
v -1.7 0.8 0.9
v 1.7 0.8 0.9
v 1.8 0.8 0.9
v 1.9 0.8 0.9
v -1.9 0.8 0.7
v -1.8 0.8 0.7
v -1.7 0.8 0.7
v -1.6 0.8 0.7
v -1.5 0.8 0.7
v 1.5 0.8 0.7
v 1.6 0.8 0.7
v 1.7 0.8 0.7
v 1.8 0.8 0.7
v 1.9 0.8 0.7
v -1.8 0.8 0.6
v -1.7 0.8 0.6
v 1.7 0.8 0.6
v 1.8 0.8 0.6
v -2 0.8 0.5
v -1.9 0.8 0.5
v 1.9 0.8 0.5
v 2 0.8 0.5
v -1.9 0.8 0.4
v -1.6 0.8 0.4
v -1.5 0.8 0.4
v 1.5 0.8 0.4
v 1.6 0.8 0.4
v 1.9 0.8 0.4
v -1.9 0.8 0.3
v -1.6 0.8 0.3
v 1.6 0.8 0.3
v 1.9 0.8 0.3
v -2 0.8 0
v -1.9 0.8 0
v 1.9 0.8 0
v 2 0.8 0
v -2 0.8 -1.3
v -1.9 0.8 -1.3
v 1.9 0.8 -1.3
v 2 0.8 -1.3
v -1.9 0.8 -1.6
v -1.6 0.8 -1.6
v 1.6 0.8 -1.6
v 1.9 0.8 -1.6
v -1.9 0.8 -1.7
v -1.6 0.8 -1.7
v -1.5 0.8 -1.7
v 1.5 0.8 -1.7
v 1.6 0.8 -1.7
v 1.9 0.8 -1.7
v -2 0.8 -1.8
v -1.9 0.8 -1.8
v 1.9 0.8 -1.8
v 2 0.8 -1.8
v -1.8 0.8 -1.9
v -1.7 0.8 -1.9
v 1.7 0.8 -1.9
v 1.8 0.8 -1.9
v -1.9 0.8 -2
v -1.8 0.8 -2
v -1.7 0.8 -2
v -1.6 0.8 -2
v -1.5 0.8 -2
v 1.5 0.8 -2
v 1.6 0.8 -2
v 1.7 0.8 -2
v 1.8 0.8 -2
v 1.9 0.8 -2
v -1.9 0.8 -2.2
v -1.8 0.8 -2.2
v -1.7 0.8 -2.2
v 1.7 0.8 -2.2
v 1.8 0.8 -2.2
v 1.9 0.8 -2.2
v -1.9 0.8 -2.3
v -1.8 0.8 -2.3
v -1.7 0.8 -2.3
v 1.7 0.8 -2.3
v 1.8 0.8 -2.3
v 1.9 0.8 -2.3
v -1.9 0.8 -2.4
v -1.8 0.8 -2.4
v -1.7 0.8 -2.4
v 1.7 0.8 -2.4
v 1.8 0.8 -2.4
v 1.9 0.8 -2.4
v -1.9 0.8 -2.5
v -1.7 0.8 -2.5
v 1.7 0.8 -2.5
v 1.9 0.8 -2.5
v -0.6 0.8 -3.4
v 0.6 0.8 -3.4
v -0.6 0.8 -3.5
v 0.6 0.8 -3.5
v -1.6 0.9 -2.3
v -1.5 0.9 -2.3
v 1.5 0.9 -2.3
v 1.6 0.9 -2.3
v -1.6 0.9 -2.5
v -1.5 0.9 -2.5
v 1.5 0.9 -2.5
v 1.6 0.9 -2.5
v -0.6 0.9 -3.3
v 0.6 0.9 -3.3
v -0.6 0.9 -3.4
v 0.6 0.9 -3.4
v -0.5 1 2.4
v -0.4 1 2.4
v 0.4 1 2.4
v 0.5 1 2.4
v -0.5 1 2.3
v -0.4 1 2.3
v 0.4 1 2.3
v 0.5 1 2.3
v -0.6 1 -3.2
v 0.6 1 -3.2
v -0.6 1 -3.3
v 0.6 1 -3.3
v -1.9 1.1 0.9
v -1.7 1.1 0.9
v 1.7 1.1 0.9
v 1.9 1.1 0.9
v -1.9 1.1 0.8
v -1.8 1.1 0.8
v -1.7 1.1 0.8
v 1.7 1.1 0.8
v 1.8 1.1 0.8
v 1.9 1.1 0.8
v -1.9 1.1 0.7
v -1.8 1.1 0.7
v -1.7 1.1 0.7
v 1.7 1.1 0.7
v 1.8 1.1 0.7
v 1.9 1.1 0.7
v -1.9 1.1 0.6
v -1.8 1.1 0.6
v -1.7 1.1 0.6
v 1.7 1.1 0.6
v 1.8 1.1 0.6
v 1.9 1.1 0.6
v -1.9 1.1 0.4
v -1.8 1.1 0.4
v -1.7 1.1 0.4
v 1.7 1.1 0.4
v 1.8 1.1 0.4
v 1.9 1.1 0.4
v -1.9 1.1 0.3
v -1.8 1.1 0.3
v -1.7 1.1 0.3
v 1.7 1.1 0.3
v 1.8 1.1 0.3
v 1.9 1.1 0.3
v -1.9 1.1 -1.6
v -1.8 1.1 -1.6
v -1.7 1.1 -1.6
v 1.7 1.1 -1.6
v 1.8 1.1 -1.6
v 1.9 1.1 -1.6
v -1.9 1.1 -1.7
v -1.8 1.1 -1.7
v -1.7 1.1 -1.7
v 1.7 1.1 -1.7
v 1.8 1.1 -1.7
v 1.9 1.1 -1.7
v -1.9 1.1 -1.9
v -1.8 1.1 -1.9
v -1.7 1.1 -1.9
v 1.7 1.1 -1.9
v 1.8 1.1 -1.9
v 1.9 1.1 -1.9
v -1.9 1.1 -2
v -1.8 1.1 -2
v -1.7 1.1 -2
v 1.7 1.1 -2
v 1.8 1.1 -2
v 1.9 1.1 -2
v -1.9 1.1 -2.1
v -1.8 1.1 -2.1
v -1.7 1.1 -2.1
v 1.7 1.1 -2.1
v 1.8 1.1 -2.1
v 1.9 1.1 -2.1
v -1.9 1.1 -2.2
v -1.7 1.1 -2.2
v 1.7 1.1 -2.2
v 1.9 1.1 -2.2
v -1.6 1.1 -2.3
v -1.5 1.1 -2.3
v 1.5 1.1 -2.3
v 1.6 1.1 -2.3
v -1.6 1.1 -2.5
v -1.5 1.1 -2.5
v 1.5 1.1 -2.5
v 1.6 1.1 -2.5
v -0.6 1.1 -3.1
v 0.6 1.1 -3.1
v -0.6 1.1 -3.2
v 0.6 1.1 -3.2
v -1.5 1.1 -3.6
v -0.6 1.1 -3.6
v 0.6 1.1 -3.6
v 1.5 1.1 -3.6
v -1.5 1.1 -3.7
v -0.6 1.1 -3.7
v 0.6 1.1 -3.7
v 1.5 1.1 -3.7
v -0.5 1.2 2.4
v -0.4 1.2 2.4
v 0.4 1.2 2.4
v 0.5 1.2 2.4
v -1.4 1.2 2.3
v -0.5 1.2 2.3
v -0.4 1.2 2.3
v 0.4 1.2 2.3
v 0.5 1.2 2.3
v 1.4 1.2 2.3
v -1.4 1.2 2.2
v -0.5 1.2 2.2
v 0.5 1.2 2.2
v 1.4 1.2 2.2
v -1.5 1.2 2
v -1.4 1.2 2
v 1.4 1.2 2
v 1.5 1.2 2
v -1.5 1.2 1.9
v -1.4 1.2 1.9
v 1.4 1.2 1.9
v 1.5 1.2 1.9
v -1.9 1.2 0.3
v -1.6 1.2 0.3
v 1.6 1.2 0.3
v 1.9 1.2 0.3
v -1.9 1.2 0
v -1.6 1.2 0
v 1.6 1.2 0
v 1.9 1.2 0
v -1.9 1.2 -1.3
v -1.6 1.2 -1.3
v 1.6 1.2 -1.3
v 1.9 1.2 -1.3
v -1.9 1.2 -1.6
v -1.6 1.2 -1.6
v 1.6 1.2 -1.6
v 1.9 1.2 -1.6
v -0.6 1.2 -3
v 0.6 1.2 -3
v -0.6 1.2 -3.1
v 0.6 1.2 -3.1
v -1.5 1.2 -3.5
v -0.6 1.2 -3.5
v 0.6 1.2 -3.5
v 1.5 1.2 -3.5
v -1.5 1.2 -3.6
v -0.6 1.2 -3.6
v 0.6 1.2 -3.6
v 1.5 1.2 -3.6
v -1.4 1.3 2.2
v -0.8 1.3 2.2
v 0.8 1.3 2.2
v 1.4 1.3 2.2
v -1.4 1.3 2.1
v -1 1.3 2.1
v 1 1.3 2.1
v 1.4 1.3 2.1
v -1.5 1.3 1.9
v -1.4 1.3 1.9
v -1 1.3 1.9
v -0.8 1.3 1.9
v 0.8 1.3 1.9
v 1 1.3 1.9
v 1.4 1.3 1.9
v 1.5 1.3 1.9
v -1.6 1.3 0.4
v -1.5 1.3 0.4
v 1.5 1.3 0.4
v 1.6 1.3 0.4
v -1.9 1.3 0
v -1.8 1.3 0
v -1.7 1.3 0
v -1.6 1.3 0
v -1.5 1.3 0
v 1.5 1.3 0
v 1.6 1.3 0
v 1.7 1.3 0
v 1.8 1.3 0
v 1.9 1.3 0
v -2 1.3 -0.1
v -1.9 1.3 -0.1
v -1.8 1.3 -0.1
v -1.7 1.3 -0.1
v -1.6 1.3 -0.1
v -1.5 1.3 -0.1
v 1.5 1.3 -0.1
v 1.6 1.3 -0.1
v 1.7 1.3 -0.1
v 1.8 1.3 -0.1
v 1.9 1.3 -0.1
v 2 1.3 -0.1
v -2 1.3 -0.2
v -1.9 1.3 -0.2
v 1.9 1.3 -0.2
v 2 1.3 -0.2
v -2 1.3 -0.3
v -1.9 1.3 -0.3
v 1.9 1.3 -0.3
v 2 1.3 -0.3
v -2 1.3 -0.4
v -1.9 1.3 -0.4
v 1.9 1.3 -0.4
v 2 1.3 -0.4
v -2 1.3 -0.5
v -1.9 1.3 -0.5
v 1.9 1.3 -0.5
v 2 1.3 -0.5
v -2 1.3 -0.6
v -1.9 1.3 -0.6
v 1.9 1.3 -0.6
v 2 1.3 -0.6
v -2 1.3 -0.7
v -1.9 1.3 -0.7
v 1.9 1.3 -0.7
v 2 1.3 -0.7
v -2 1.3 -0.8
v -1.9 1.3 -0.8
v 1.9 1.3 -0.8
v 2 1.3 -0.8
v -2 1.3 -0.9
v -1.9 1.3 -0.9
v 1.9 1.3 -0.9
v 2 1.3 -0.9
v -2 1.3 -1
v -1.9 1.3 -1
v 1.9 1.3 -1
v 2 1.3 -1
v -2 1.3 -1.1
v -1.9 1.3 -1.1
v 1.9 1.3 -1.1
v 2 1.3 -1.1
v -2 1.3 -1.2
v -1.9 1.3 -1.2
v -1.8 1.3 -1.2
v -1.7 1.3 -1.2
v -1.6 1.3 -1.2
v -1.5 1.3 -1.2
v 1.5 1.3 -1.2
v 1.6 1.3 -1.2
v 1.7 1.3 -1.2
v 1.8 1.3 -1.2
v 1.9 1.3 -1.2
v 2 1.3 -1.2
v -1.9 1.3 -1.3
v -1.8 1.3 -1.3
v -1.7 1.3 -1.3
v -1.6 1.3 -1.3
v -1.5 1.3 -1.3
v 1.5 1.3 -1.3
v 1.6 1.3 -1.3
v 1.7 1.3 -1.3
v 1.8 1.3 -1.3
v 1.9 1.3 -1.3
v -1.6 1.3 -1.7
v -1.5 1.3 -1.7
v 1.5 1.3 -1.7
v 1.6 1.3 -1.7
v -1.4 1.3 -2
v 1.4 1.3 -2
v -1.6 1.3 -2.2
v -1.5 1.3 -2.2
v 1.5 1.3 -2.2
v 1.6 1.3 -2.2
v -1.4 1.3 -2.4
v 1.4 1.3 -2.4
v -1.6 1.3 -2.6
v -1.5 1.3 -2.6
v 1.5 1.3 -2.6
v 1.6 1.3 -2.6
v -1.4 1.3 -2.9
v 1.4 1.3 -2.9
v -0.6 1.3 -3
v 0.6 1.3 -3
v -1.5 1.3 -3.5
v -0.6 1.3 -3.5
v 0.6 1.3 -3.5
v 1.5 1.3 -3.5
v -0.5 1.4 2.4
v -0.4 1.4 2.4
v -0.3 1.4 2.4
v -0.2 1.4 2.4
v -0.0999999 1.4 2.4
v 0.1 1.4 2.4
v 0.2 1.4 2.4
v 0.3 1.4 2.4
v 0.4 1.4 2.4
v 0.5 1.4 2.4
v -0.5 1.4 2.3
v -0.4 1.4 2.3
v -0.3 1.4 2.3
v -0.2 1.4 2.3
v -0.0999999 1.4 2.3
v 0.1 1.4 2.3
v 0.2 1.4 2.3
v 0.3 1.4 2.3
v 0.4 1.4 2.3
v 0.5 1.4 2.3
v -0.8 1.4 2.2
v -0.5 1.4 2.2
v 0.5 1.4 2.2
v 0.8 1.4 2.2
v -1.4 1.4 2.1
v -1.3 1.4 2.1
v 1.3 1.4 2.1
v 1.4 1.4 2.1
v -1.3 1.4 2
v 1.3 1.4 2
v -0.8 1.4 1.9
v -0.5 1.4 1.9
v 0.5 1.4 1.9
v 0.8 1.4 1.9
v -1.3 1.4 1.8
v 1.3 1.4 1.8
v -1.3 1.4 1.5
v 1.3 1.4 1.5
v -1.3 1.4 1.3
v 1.3 1.4 1.3
v -1.3 1.4 1
v 1.3 1.4 1
v -1.3 1.4 0.8
v 1.3 1.4 0.8
v -1.3 1.4 0.5
v 1.3 1.4 0.5
v -1.3 1.4 0.3
v 1.3 1.4 0.3
v -1.4 1.4 0
v -1.3 1.4 0
v 1.3 1.4 0
v 1.4 1.4 0
v -1.4 1.4 -0.1
v -1.3 1.4 -0.1
v 1.3 1.4 -0.1
v 1.4 1.4 -0.1
v -1.4 1.4 -1.2
v -1.3 1.4 -1.2
v 1.3 1.4 -1.2
v 1.4 1.4 -1.2
v -1.4 1.4 -1.3
v -1.3 1.4 -1.3
v 1.3 1.4 -1.3
v 1.4 1.4 -1.3
v -1.4 1.4 -2
v -1.3 1.4 -2
v 1.3 1.4 -2
v 1.4 1.4 -2
v -1.4 1.4 -2.1
v -1.3 1.4 -2.1
v 1.3 1.4 -2.1
v 1.4 1.4 -2.1
v -1.4 1.4 -2.3
v -1.3 1.4 -2.3
v 1.3 1.4 -2.3
v 1.4 1.4 -2.3
v -1.4 1.4 -2.4
v -1.3 1.4 -2.4
v 1.3 1.4 -2.4
v 1.4 1.4 -2.4
v -1.3 1.4 -2.8
v -0.7 1.4 -2.8
v -0.2 1.4 -2.8
v 1.3 1.4 -2.8
v -1.4 1.4 -2.9
v -0.7 1.4 -2.9
v -0.2 1.4 -2.9
v 1.4 1.4 -2.9
v -0.5 1.5 2.3
v 0.5 1.5 2.3
v -0.5 1.5 2.2
v -0.4 1.5 2.2
v 0.4 1.5 2.2
v 0.5 1.5 2.2
v -0.5 1.5 2.1
v -0.4 1.5 2.1
v -0.2 1.5 2.1
v -0.0999999 1.5 2.1
v 0.1 1.5 2.1
v 0.2 1.5 2.1
v 0.4 1.5 2.1
v 0.5 1.5 2.1
v -0.5 1.5 2
v -0.4 1.5 2
v -0.2 1.5 2
v -0.0999999 1.5 2
v 0.1 1.5 2
v 0.2 1.5 2
v 0.4 1.5 2
v 0.5 1.5 2
v -0.9 1.5 1.9
v -0.5 1.5 1.9
v -0.4 1.5 1.9
v -0.2 1.5 1.9
v -0.0999999 1.5 1.9
v 0.1 1.5 1.9
v 0.2 1.5 1.9
v 0.4 1.5 1.9
v 0.5 1.5 1.9
v 0.9 1.5 1.9
v -0.9 1.5 1.8
v -0.5 1.5 1.8
v -0.4 1.5 1.8
v -0.2 1.5 1.8
v -0.0999999 1.5 1.8
v 0.1 1.5 1.8
v 0.2 1.5 1.8
v 0.4 1.5 1.8
v 0.5 1.5 1.8
v 0.9 1.5 1.8
v -0.5 1.5 1.7
v -0.4 1.5 1.7
v 0.4 1.5 1.7
v 0.5 1.5 1.7
v -0.9 1.5 1.5
v -0.5 1.5 1.5
v 0.5 1.5 1.5
v 0.9 1.5 1.5
v -0.8 1.5 0.6
v -0.5 1.5 0.6
v 0.5 1.5 0.6
v 0.8 1.5 0.6
v -0.8 1.5 0.3
v -0.5 1.5 0.3
v 0.5 1.5 0.3
v 0.8 1.5 0.3
v -1.3 1.5 0.2
v -1.2 1.5 0.2
v -1.1 1.5 0.2
v 1.1 1.5 0.2
v 1.2 1.5 0.2
v 1.3 1.5 0.2
v -1.3 1.5 0.0999999
v -1.2 1.5 0.0999999
v -1.1 1.5 0.0999999
v 1.1 1.5 0.0999999
v 1.2 1.5 0.0999999
v 1.3 1.5 0.0999999
v -1.3 1.5 -2.7
v -0.7 1.5 -2.7
v -0.2 1.5 -2.7
v 1.3 1.5 -2.7
v -1.3 1.5 -2.8
v -0.7 1.5 -2.8
v -0.2 1.5 -2.8
v 1.3 1.5 -2.8
v -0.5 1.5 -3.2
v -0.4 1.5 -3.2
v -0.5 1.5 -3.3
v -0.4 1.5 -3.3
v -0.5 1.5 -3.4
v -0.4 1.5 -3.4
v -0.5 1.6 2.2
v -0.4 1.6 2.2
v 0.4 1.6 2.2
v 0.5 1.6 2.2
v -0.5 1.6 2.1
v -0.4 1.6 2.1
v -0.2 1.6 2.1
v -0.0999999 1.6 2.1
v 0.1 1.6 2.1
v 0.2 1.6 2.1
v 0.4 1.6 2.1
v 0.5 1.6 2.1
v -0.5 1.6 2
v -0.4 1.6 2
v -0.2 1.6 2
v -0.0999999 1.6 2
v 0.1 1.6 2
v 0.2 1.6 2
v 0.4 1.6 2
v 0.5 1.6 2
v -0.5 1.6 1.9
v -0.4 1.6 1.9
v -0.2 1.6 1.9
v -0.0999999 1.6 1.9
v 0.1 1.6 1.9
v 0.2 1.6 1.9
v 0.4 1.6 1.9
v 0.5 1.6 1.9
v -0.5 1.6 1.8
v -0.4 1.6 1.8
v -0.2 1.6 1.8
v -0.0999999 1.6 1.8
v 0.1 1.6 1.8
v 0.2 1.6 1.8
v 0.4 1.6 1.8
v 0.5 1.6 1.8
v -0.5 1.6 1.7
v -0.4 1.6 1.7
v 0.4 1.6 1.7
v 0.5 1.6 1.7
v -0.5 1.6 1.6
v -0.4 1.6 1.6
v 0.4 1.6 1.6
v 0.5 1.6 1.6
v -0.9 1.6 1.5
v -0.5 1.6 1.5
v -0.4 1.6 1.5
v -0.2 1.6 1.5
v -0.0999999 1.6 1.5
v 0.1 1.6 1.5
v 0.2 1.6 1.5
v 0.4 1.6 1.5
v 0.5 1.6 1.5
v 0.9 1.6 1.5
v -0.5 1.6 1.4
v -0.4 1.6 1.4
v -0.2 1.6 1.4
v -0.0999999 1.6 1.4
v 0.1 1.6 1.4
v 0.2 1.6 1.4
v 0.4 1.6 1.4
v 0.5 1.6 1.4
v -0.9 1.6 1.3
v -0.5 1.6 1.3
v -0.4 1.6 1.3
v -0.2 1.6 1.3
v -0.0999999 1.6 1.3
v 0.1 1.6 1.3
v 0.2 1.6 1.3
v 0.4 1.6 1.3
v 0.5 1.6 1.3
v 0.9 1.6 1.3
v -0.9 1.6 1.2
v -0.5 1.6 1.2
v -0.4 1.6 1.2
v -0.2 1.6 1.2
v -0.0999999 1.6 1.2
v 0.1 1.6 1.2
v 0.2 1.6 1.2
v 0.4 1.6 1.2
v 0.5 1.6 1.2
v 0.9 1.6 1.2
v -0.9 1.6 1.1
v -0.8 1.6 1.1
v -0.5 1.6 1.1
v -0.4 1.6 1.1
v 0.4 1.6 1.1
v 0.5 1.6 1.1
v 0.8 1.6 1.1
v 0.9 1.6 1.1
v -0.9 1.6 1
v -0.5 1.6 1
v 0.5 1.6 1
v 0.9 1.6 1
v -0.9 1.6 0.8
v -0.8 1.6 0.8
v -0.5 1.6 0.8
v 0.5 1.6 0.8
v 0.8 1.6 0.8
v 0.9 1.6 0.8
v -0.8 1.6 0.6
v -0.5 1.6 0.6
v 0.5 1.6 0.6
v 0.8 1.6 0.6
v -0.9 1.6 0.5
v 0.9 1.6 0.5
v -0.9 1.6 0.3
v -0.8 1.6 0.3
v -0.5 1.6 0.3
v 0.5 1.6 0.3
v 0.8 1.6 0.3
v 0.9 1.6 0.3
v -1.1 1.6 0.2
v -1 1.6 0.2
v -0.9 1.6 0.2
v -0.5 1.6 0.2
v 0.5 1.6 0.2
v 0.9 1.6 0.2
v 1 1.6 0.2
v 1.1 1.6 0.2
v -1.3 1.6 0.0999999
v -1.2 1.6 0.0999999
v -1.1 1.6 0.0999999
v -1 1.6 0.0999999
v -0.9 1.6 0.0999999
v 0.9 1.6 0.0999999
v 1 1.6 0.0999999
v 1.1 1.6 0.0999999
v 1.2 1.6 0.0999999
v 1.3 1.6 0.0999999
v -2 1.6 0
v -1.3 1.6 0
v 1.3 1.6 0
v 2 1.6 0
v -1.9 1.6 -0.1
v -1.3 1.6 -0.1
v -1.2 1.6 -0.1
v -1.1 1.6 -0.1
v 1.1 1.6 -0.1
v 1.2 1.6 -0.1
v 1.3 1.6 -0.1
v 1.9 1.6 -0.1
v -1.1 1.6 -0.2
v 1.1 1.6 -0.2
v -1.3 1.6 -0.3
v -1.2 1.6 -0.3
v -1.1 1.6 -0.3
v 1.1 1.6 -0.3
v 1.2 1.6 -0.3
v 1.3 1.6 -0.3
v -1.3 1.6 -0.4
v -1.2 1.6 -0.4
v -1.1 1.6 -0.4
v 1.1 1.6 -0.4
v 1.2 1.6 -0.4
v 1.3 1.6 -0.4
v -1.2 1.6 -0.5
v -1.1 1.6 -0.5
v 1.1 1.6 -0.5
v 1.2 1.6 -0.5
v -1.3 1.6 -0.6
v -1.1 1.6 -0.6
v 1.1 1.6 -0.6
v 1.3 1.6 -0.6
v -1.9 1.6 -1.2
v -1.3 1.6 -1.2
v 1.3 1.6 -1.2
v 1.9 1.6 -1.2
v -2 1.6 -1.3
v -1.3 1.6 -1.3
v 1.3 1.6 -1.3
v 2 1.6 -1.3
v -1.4 1.6 -2.1
v -1.3 1.6 -2.1
v 1.3 1.6 -2.1
v 1.4 1.6 -2.1
v -1.4 1.6 -2.3
v -1.3 1.6 -2.3
v 1.3 1.6 -2.3
v 1.4 1.6 -2.3
v -1.3 1.6 -2.6
v -0.7 1.6 -2.6
v -0.2 1.6 -2.6
v 1.3 1.6 -2.6
v -1.3 1.6 -2.7
v -0.7 1.6 -2.7
v -0.2 1.6 -2.7
v 1.3 1.6 -2.7
v -1.3 1.7 2.2
v -1.2 1.7 2.2
v -1 1.7 2.2
v -0.9 1.7 2.2
v 0.9 1.7 2.2
v 1 1.7 2.2
v 1.2 1.7 2.2
v 1.3 1.7 2.2
v -1.3 1.7 2
v -1.2 1.7 2
v -1 1.7 2
v -0.9 1.7 2
v 0.9 1.7 2
v 1 1.7 2
v 1.2 1.7 2
v 1.3 1.7 2
v -1.3 1.7 1.8
v -1.2 1.7 1.8
v -1 1.7 1.8
v -0.9 1.7 1.8
v 0.9 1.7 1.8
v 1 1.7 1.8
v 1.2 1.7 1.8
v 1.3 1.7 1.8
v -0.5 1.7 1.6
v -0.4 1.7 1.6
v 0.4 1.7 1.6
v 0.5 1.7 1.6
v -1.3 1.7 1.5
v -1.2 1.7 1.5
v -1 1.7 1.5
v -0.9 1.7 1.5
v -0.5 1.7 1.5
v -0.4 1.7 1.5
v -0.2 1.7 1.5
v -0.0999999 1.7 1.5
v 0.1 1.7 1.5
v 0.2 1.7 1.5
v 0.4 1.7 1.5
v 0.5 1.7 1.5
v 0.9 1.7 1.5
v 1 1.7 1.5
v 1.2 1.7 1.5
v 1.3 1.7 1.5
v -0.5 1.7 1.4
v -0.4 1.7 1.4
v -0.2 1.7 1.4
v -0.0999999 1.7 1.4
v 0.1 1.7 1.4
v 0.2 1.7 1.4
v 0.4 1.7 1.4
v 0.5 1.7 1.4
v -1.3 1.7 1.3
v -1.2 1.7 1.3
v -1 1.7 1.3
v -0.9 1.7 1.3
v -0.5 1.7 1.3
v -0.4 1.7 1.3
v -0.2 1.7 1.3
v -0.0999999 1.7 1.3
v 0.1 1.7 1.3
v 0.2 1.7 1.3
v 0.4 1.7 1.3
v 0.5 1.7 1.3
v 0.9 1.7 1.3
v 1 1.7 1.3
v 1.2 1.7 1.3
v 1.3 1.7 1.3
v -0.9 1.7 1.2
v -0.5 1.7 1.2
v -0.4 1.7 1.2
v -0.2 1.7 1.2
v -0.0999999 1.7 1.2
v 0.1 1.7 1.2
v 0.2 1.7 1.2
v 0.4 1.7 1.2
v 0.5 1.7 1.2
v 0.9 1.7 1.2
v -0.9 1.7 1.1
v -0.8 1.7 1.1
v -0.7 1.7 1.1
v -0.6 1.7 1.1
v -0.5 1.7 1.1
v -0.4 1.7 1.1
v 0.4 1.7 1.1
v 0.5 1.7 1.1
v 0.6 1.7 1.1
v 0.7 1.7 1.1
v 0.8 1.7 1.1
v 0.9 1.7 1.1
v -1.3 1.7 1
v -1.2 1.7 1
v -1 1.7 1
v -0.9 1.7 1
v -0.6 1.7 1
v -0.5 1.7 1
v -0.4 1.7 1
v 0.4 1.7 1
v 0.5 1.7 1
v 0.6 1.7 1
v 0.9 1.7 1
v 1 1.7 1
v 1.2 1.7 1
v 1.3 1.7 1
v -0.8 1.7 0.9
v -0.7 1.7 0.9
v -0.6 1.7 0.9
v -0.5 1.7 0.9
v -0.4 1.7 0.9
v -0.2 1.7 0.9
v -0.0999999 1.7 0.9
v 0.1 1.7 0.9
v 0.2 1.7 0.9
v 0.4 1.7 0.9
v 0.5 1.7 0.9
v 0.6 1.7 0.9
v 0.7 1.7 0.9
v 0.8 1.7 0.9
v -1.3 1.7 0.8
v -1.2 1.7 0.8
v -1 1.7 0.8
v -0.9 1.7 0.8
v -0.8 1.7 0.8
v -0.5 1.7 0.8
v -0.4 1.7 0.8
v -0.2 1.7 0.8
v -0.0999999 1.7 0.8
v 0.1 1.7 0.8
v 0.2 1.7 0.8
v 0.4 1.7 0.8
v 0.5 1.7 0.8
v 0.8 1.7 0.8
v 0.9 1.7 0.8
v 1 1.7 0.8
v 1.2 1.7 0.8
v 1.3 1.7 0.8
v -0.5 1.7 0.7
v -0.4 1.7 0.7
v -0.2 1.7 0.7
v -0.0999999 1.7 0.7
v 0.1 1.7 0.7
v 0.2 1.7 0.7
v 0.4 1.7 0.7
v 0.5 1.7 0.7
v -0.5 1.7 0.6
v -0.4 1.7 0.6
v -0.2 1.7 0.6
v -0.0999999 1.7 0.6
v 0.1 1.7 0.6
v 0.2 1.7 0.6
v 0.4 1.7 0.6
v 0.5 1.7 0.6
v -1.3 1.7 0.5
v -1.2 1.7 0.5
v -1 1.7 0.5
v -0.9 1.7 0.5
v -0.5 1.7 0.5
v -0.4 1.7 0.5
v -0.2 1.7 0.5
v -0.0999999 1.7 0.5
v 0.1 1.7 0.5
v 0.2 1.7 0.5
v 0.4 1.7 0.5
v 0.5 1.7 0.5
v 0.9 1.7 0.5
v 1 1.7 0.5
v 1.2 1.7 0.5
v 1.3 1.7 0.5
v -0.5 1.7 0.4
v -0.4 1.7 0.4
v -0.2 1.7 0.4
v -0.0999999 1.7 0.4
v 0.1 1.7 0.4
v 0.2 1.7 0.4
v 0.4 1.7 0.4
v 0.5 1.7 0.4
v -1.3 1.7 0.3
v -1.2 1.7 0.3
v -1 1.7 0.3
v -0.9 1.7 0.3
v -0.5 1.7 0.3
v -0.4 1.7 0.3
v -0.2 1.7 0.3
v -0.0999999 1.7 0.3
v 0.1 1.7 0.3
v 0.2 1.7 0.3
v 0.4 1.7 0.3
v 0.5 1.7 0.3
v 0.9 1.7 0.3
v 1 1.7 0.3
v 1.2 1.7 0.3
v 1.3 1.7 0.3
v -1.3 1.7 0.2
v -1.2 1.7 0.2
v -1 1.7 0.2
v -0.9 1.7 0.2
v -0.5 1.7 0.2
v -0.4 1.7 0.2
v -0.2 1.7 0.2
v -0.0999999 1.7 0.2
v 0.1 1.7 0.2
v 0.2 1.7 0.2
v 0.4 1.7 0.2
v 0.5 1.7 0.2
v 0.9 1.7 0.2
v 1 1.7 0.2
v 1.2 1.7 0.2
v 1.3 1.7 0.2
v -1.1 1.7 0.0999999
v -1 1.7 0.0999999
v -0.9 1.7 0.0999999
v -0.5 1.7 0.0999999
v -0.4 1.7 0.0999999
v 0.4 1.7 0.0999999
v 0.5 1.7 0.0999999
v 0.9 1.7 0.0999999
v 1 1.7 0.0999999
v 1.1 1.7 0.0999999
v -1.1 1.7 -0.1
v -1 1.7 -0.1
v -0.9 1.7 -0.1
v 0.9 1.7 -0.1
v 1 1.7 -0.1
v 1.1 1.7 -0.1
v -1.1 1.7 -0.2
v -0.9 1.7 -0.2
v 0.9 1.7 -0.2
v 1.1 1.7 -0.2
v -1.1 1.7 -0.3
v -1 1.7 -0.3
v -0.9 1.7 -0.3
v 0.9 1.7 -0.3
v 1 1.7 -0.3
v 1.1 1.7 -0.3
v -1.1 1.7 -0.4
v -1 1.7 -0.4
v -0.9 1.7 -0.4
v 0.9 1.7 -0.4
v 1 1.7 -0.4
v 1.1 1.7 -0.4
v -1.1 1.7 -0.5
v -0.9 1.7 -0.5
v 0.9 1.7 -0.5
v 1.1 1.7 -0.5
v -1.3 1.7 -0.6
v -1.1 1.7 -0.6
v -0.9 1.7 -0.6
v 0.9 1.7 -0.6
v 1.1 1.7 -0.6
v 1.3 1.7 -0.6
v -1.3 1.7 -0.7
v -1.2 1.7 -0.7
v -1.1 1.7 -0.7
v 1.1 1.7 -0.7
v 1.2 1.7 -0.7
v 1.3 1.7 -0.7
v -1.1 1.7 -0.8
v 1.1 1.7 -0.8
v -1.3 1.7 -0.9
v -1.2 1.7 -0.9
v 1.2 1.7 -0.9
v 1.3 1.7 -0.9
v -1.1 1.7 -1
v 1.1 1.7 -1
v -1.2 1.7 -1.1
v -1.1 1.7 -1.1
v 1.1 1.7 -1.1
v 1.2 1.7 -1.1
v -1.2 1.7 -1.2
v -1.1 1.7 -1.2
v 1.1 1.7 -1.2
v 1.2 1.7 -1.2
v -1.3 1.7 -1.3
v -1.2 1.7 -1.3
v -1.1 1.7 -1.3
v 1.1 1.7 -1.3
v 1.2 1.7 -1.3
v 1.3 1.7 -1.3
v -1.3 1.7 -2.5
v -0.7 1.7 -2.5
v -0.2 1.7 -2.5
v 1.3 1.7 -2.5
v -1.3 1.7 -2.6
v -0.7 1.7 -2.6
v -0.2 1.7 -2.6
v 1.3 1.7 -2.6
v -0.6 1.7 -2.8
v -0.3 1.7 -2.8
v -0.6 1.7 -2.9
v -0.3 1.7 -2.9
v -0.4 1.7 -3.2
v -0.3 1.7 -3.2
v -0.6 1.7 -3.3
v -0.4 1.7 -3.3
v -0.6 1.7 -3.4
v -0.3 1.7 -3.4
v -1.2 1.8 2.2
v -1 1.8 2.2
v 1 1.8 2.2
v 1.2 1.8 2.2
v -1.2 1.8 2
v -1 1.8 2
v 1 1.8 2
v 1.2 1.8 2
v -1.2 1.8 1.8
v -1 1.8 1.8
v 1 1.8 1.8
v 1.2 1.8 1.8
v -1.2 1.8 1.5
v -1 1.8 1.5
v 1 1.8 1.5
v 1.2 1.8 1.5
v -1.2 1.8 1.3
v -1 1.8 1.3
v 1 1.8 1.3
v 1.2 1.8 1.3
v -1.2 1.8 1
v -1 1.8 1
v -0.5 1.8 1
v -0.4 1.8 1
v 0.4 1.8 1
v 0.5 1.8 1
v 1 1.8 1
v 1.2 1.8 1
v -0.5 1.8 0.9
v -0.4 1.8 0.9
v -0.2 1.8 0.9
v -0.0999999 1.8 0.9
v 0.1 1.8 0.9
v 0.2 1.8 0.9
v 0.4 1.8 0.9
v 0.5 1.8 0.9
v -1.2 1.8 0.8
v -1 1.8 0.8
v -0.5 1.8 0.8
v -0.4 1.8 0.8
v -0.2 1.8 0.8
v -0.0999999 1.8 0.8
v 0.1 1.8 0.8
v 0.2 1.8 0.8
v 0.4 1.8 0.8
v 0.5 1.8 0.8
v 1 1.8 0.8
v 1.2 1.8 0.8
v -0.5 1.8 0.7
v -0.4 1.8 0.7
v -0.2 1.8 0.7
v -0.0999999 1.8 0.7
v 0.1 1.8 0.7
v 0.2 1.8 0.7
v 0.4 1.8 0.7
v 0.5 1.8 0.7
v -0.5 1.8 0.6
v -0.4 1.8 0.6
v -0.2 1.8 0.6
v -0.0999999 1.8 0.6
v 0.1 1.8 0.6
v 0.2 1.8 0.6
v 0.4 1.8 0.6
v 0.5 1.8 0.6
v -1.2 1.8 0.5
v -1 1.8 0.5
v -0.5 1.8 0.5
v -0.4 1.8 0.5
v -0.2 1.8 0.5
v -0.0999999 1.8 0.5
v 0.1 1.8 0.5
v 0.2 1.8 0.5
v 0.4 1.8 0.5
v 0.5 1.8 0.5
v 1 1.8 0.5
v 1.2 1.8 0.5
v -0.5 1.8 0.4
v -0.4 1.8 0.4
v -0.2 1.8 0.4
v -0.0999999 1.8 0.4
v 0.1 1.8 0.4
v 0.2 1.8 0.4
v 0.4 1.8 0.4
v 0.5 1.8 0.4
v -1.2 1.8 0.3
v -1 1.8 0.3
v -0.5 1.8 0.3
v -0.4 1.8 0.3
v -0.2 1.8 0.3
v -0.0999999 1.8 0.3
v 0.1 1.8 0.3
v 0.2 1.8 0.3
v 0.4 1.8 0.3
v 0.5 1.8 0.3
v 1 1.8 0.3
v 1.2 1.8 0.3
v -1.2 1.8 0.2
v -1 1.8 0.2
v -0.5 1.8 0.2
v -0.4 1.8 0.2
v -0.2 1.8 0.2
v -0.0999999 1.8 0.2
v 0.1 1.8 0.2
v 0.2 1.8 0.2
v 0.4 1.8 0.2
v 0.5 1.8 0.2
v 1 1.8 0.2
v 1.2 1.8 0.2
v -0.9 1.8 0.0999999
v -0.5 1.8 0.0999999
v -0.4 1.8 0.0999999
v 0.4 1.8 0.0999999
v 0.5 1.8 0.0999999
v 0.9 1.8 0.0999999
v -0.8 1.8 0
v 0.8 1.8 0
v -0.9 1.8 -0.1
v -0.8 1.8 -0.1
v 0.8 1.8 -0.1
v 0.9 1.8 -0.1
v -0.9 1.8 -0.2
v -0.8 1.8 -0.2
v 0.8 1.8 -0.2
v 0.9 1.8 -0.2
v -0.9 1.8 -0.3
v -0.8 1.8 -0.3
v 0.8 1.8 -0.3
v 0.9 1.8 -0.3
v -0.9 1.8 -0.4
v -0.8 1.8 -0.4
v 0.8 1.8 -0.4
v 0.9 1.8 -0.4
v -0.9 1.8 -0.5
v -0.8 1.8 -0.5
v 0.8 1.8 -0.5
v 0.9 1.8 -0.5
v -1.1 1.8 -0.6
v -0.9 1.8 -0.6
v -0.8 1.8 -0.6
v 0.8 1.8 -0.6
v 0.9 1.8 -0.6
v 1.1 1.8 -0.6
v -1.1 1.8 -0.7
v -0.9 1.8 -0.7
v 0.9 1.8 -0.7
v 1.1 1.8 -0.7
v -1.1 1.8 -0.8
v -1 1.8 -0.8
v 1 1.8 -0.8
v 1.1 1.8 -0.8
v -1 1.8 -0.9
v -0.9 1.8 -0.9
v 0.9 1.8 -0.9
v 1 1.8 -0.9
v -1.1 1.8 -1
v -0.9 1.8 -1
v 0.9 1.8 -1
v 1.1 1.8 -1
v -1.1 1.8 -1.1
v -1 1.8 -1.1
v -0.9 1.8 -1.1
v 0.9 1.8 -1.1
v 1 1.8 -1.1
v 1.1 1.8 -1.1
v -1.1 1.8 -1.2
v -1 1.8 -1.2
v -0.9 1.8 -1.2
v 0.9 1.8 -1.2
v 1 1.8 -1.2
v 1.1 1.8 -1.2
v -1.3 1.8 -1.3
v -1.2 1.8 -1.3
v -1.1 1.8 -1.3
v -1 1.8 -1.3
v -0.9 1.8 -1.3
v 0.9 1.8 -1.3
v 1 1.8 -1.3
v 1.1 1.8 -1.3
v 1.2 1.8 -1.3
v 1.3 1.8 -1.3
v -1.3 1.8 -1.4
v -1.2 1.8 -1.4
v -1.1 1.8 -1.4
v 1.1 1.8 -1.4
v 1.2 1.8 -1.4
v 1.3 1.8 -1.4
v -1.3 1.8 -1.5
v -1.2 1.8 -1.5
v 1.2 1.8 -1.5
v 1.3 1.8 -1.5
v -1.3 1.8 -1.6
v -1.2 1.8 -1.6
v -1.1 1.8 -1.6
v 1.1 1.8 -1.6
v 1.2 1.8 -1.6
v 1.3 1.8 -1.6
v -1.4 1.8 -2
v -1.3 1.8 -2
v 1.3 1.8 -2
v 1.4 1.8 -2
v -1.3 1.8 -2.1
v -1.2 1.8 -2.1
v -1.1 1.8 -2.1
v -1 1.8 -2.1
v -0.9 1.8 -2.1
v -0.0999999 1.8 -2.1
v 0.7 1.8 -2.1
v 0.9 1.8 -2.1
v 1 1.8 -2.1
v 1.1 1.8 -2.1
v 1.2 1.8 -2.1
v 1.3 1.8 -2.1
v -1.2 1.8 -2.2
v -1.1 1.8 -2.2
v -1 1.8 -2.2
v 1 1.8 -2.2
v 1.1 1.8 -2.2
v 1.2 1.8 -2.2
v -1.3 1.8 -2.3
v -1.1 1.8 -2.3
v -1 1.8 -2.3
v -0.9 1.8 -2.3
v -0.8 1.8 -2.3
v -0.0999999 1.8 -2.3
v 0.7 1.8 -2.3
v 0.8 1.8 -2.3
v 0.9 1.8 -2.3
v 1 1.8 -2.3
v 1.1 1.8 -2.3
v 1.3 1.8 -2.3
v -1.4 1.8 -2.4
v -1.3 1.8 -2.4
v -1.1 1.8 -2.4
v -1 1.8 -2.4
v -0.9 1.8 -2.4
v -0.8 1.8 -2.4
v -0.7 1.8 -2.4
v -0.2 1.8 -2.4
v -0.0999999 1.8 -2.4
v 0.7 1.8 -2.4
v 0.8 1.8 -2.4
v 0.9 1.8 -2.4
v 1 1.8 -2.4
v 1.1 1.8 -2.4
v 1.3 1.8 -2.4
v 1.4 1.8 -2.4
v -1.3 1.8 -2.5
v -0.7 1.8 -2.5
v -0.2 1.8 -2.5
v 1.3 1.8 -2.5
v -0.8 1.9 0
v 0.8 1.9 0
v -0.8 1.9 -0.1
v 0.8 1.9 -0.1
v -0.9 1.9 -0.6
v -0.8 1.9 -0.6
v 0.8 1.9 -0.6
v 0.9 1.9 -0.6
v -0.9 1.9 -0.7
v -0.8 1.9 -0.7
v 0.8 1.9 -0.7
v 0.9 1.9 -0.7
v -0.9 1.9 -0.9
v -0.8 1.9 -0.9
v 0.8 1.9 -0.9
v 0.9 1.9 -0.9
v -0.9 1.9 -1
v -0.8 1.9 -1
v 0.8 1.9 -1
v 0.9 1.9 -1
v -0.9 1.9 -1.1
v -0.8 1.9 -1.1
v 0.8 1.9 -1.1
v 0.9 1.9 -1.1
v -1.1 1.9 -1.3
v -0.9 1.9 -1.3
v -0.8 1.9 -1.3
v 0.8 1.9 -1.3
v 0.9 1.9 -1.3
v 1.1 1.9 -1.3
v -1 1.9 -1.4
v -0.9 1.9 -1.4
v 0.9 1.9 -1.4
v 1 1.9 -1.4
v -0.9 1.9 -1.5
v 0.9 1.9 -1.5
v -1.3 1.9 -1.6
v -1.2 1.9 -1.6
v -1.1 1.9 -1.6
v -1 1.9 -1.6
v -0.9 1.9 -1.6
v 0.9 1.9 -1.6
v 1 1.9 -1.6
v 1.1 1.9 -1.6
v 1.2 1.9 -1.6
v 1.3 1.9 -1.6
v -1.2 1.9 -1.7
v -1.1 1.9 -1.7
v 1.1 1.9 -1.7
v 1.2 1.9 -1.7
v -1.3 1.9 -1.8
v -1.2 1.9 -1.8
v -1.1 1.9 -1.8
v 1.1 1.9 -1.8
v 1.2 1.9 -1.8
v 1.3 1.9 -1.8
v -1.2 1.9 -1.9
v -1.1 1.9 -1.9
v 1.1 1.9 -1.9
v 1.2 1.9 -1.9
v -1.3 1.9 -2
v -1.2 1.9 -2
v 1.2 1.9 -2
v 1.3 1.9 -2
v -1.3 1.9 -2.1
v -1.2 1.9 -2.1
v -1.1 1.9 -2.1
v 1.1 1.9 -2.1
v 1.2 1.9 -2.1
v 1.3 1.9 -2.1
v -0.9 1.9 -2.2
v -0.8 1.9 -2.2
v 0.8 1.9 -2.2
v 0.9 1.9 -2.2
v -0.9 1.9 -2.3
v -0.8 1.9 -2.3
v -0.0999999 1.9 -2.3
v 0.7 1.9 -2.3
v 0.8 1.9 -2.3
v 0.9 1.9 -2.3
v -0.8 1.9 -2.4
v -0.7 1.9 -2.4
v -0.2 1.9 -2.4
v -0.0999999 1.9 -2.4
v 0.7 1.9 -2.4
v 0.8 1.9 -2.4
v -0.7 1.9 -3
v -0.6 1.9 -3
v -0.3 1.9 -3
v -0.2 1.9 -3
v -0.6 1.9 -3.1
v -0.3 1.9 -3.1
v -0.8 2 -0.1
v 0.8 2 -0.1
v -0.8 2 -0.2
v 0.8 2 -0.2
v -0.9 2 -1.3
v -0.8 2 -1.3
v 0.8 2 -1.3
v 0.9 2 -1.3
v -0.9 2 -1.4
v -0.8 2 -1.4
v 0.8 2 -1.4
v 0.9 2 -1.4
v -0.9 2 -1.5
v -0.8 2 -1.5
v 0.8 2 -1.5
v 0.9 2 -1.5
v -1.1 2 -1.6
v -1 2 -1.6
v -0.9 2 -1.6
v -0.8 2 -1.6
v 0.8 2 -1.6
v 0.9 2 -1.6
v 1 2 -1.6
v 1.1 2 -1.6
v -1.1 2 -1.8
v -1 2 -1.8
v -0.9 2 -1.8
v 0.9 2 -1.8
v 1 2 -1.8
v 1.1 2 -1.8
v -1 2 -2
v -0.9 2 -2
v 0.9 2 -2
v 1 2 -2
v -1.1 2 -2.1
v -0.9 2 -2.1
v -0.8 2 -2.1
v 0.8 2 -2.1
v 0.9 2 -2.1
v 1.1 2 -2.1
v -0.9 2 -2.2
v -0.8 2 -2.2
v 0.8 2 -2.2
v 0.9 2 -2.2
v -0.8 2 -2.3
v 0.8 2 -2.3
v -0.8 2.1 1.1
v -0.6 2.1 1.1
v 0.6 2.1 1.1
v 0.8 2.1 1.1
v -0.8 2.1 0.9
v -0.6 2.1 0.9
v 0.6 2.1 0.9
v 0.8 2.1 0.9
v -0.8 2.1 -0.2
v 0.8 2.1 -0.2
v -0.9 2.1 -1.6
v -0.8 2.1 -1.6
v 0.8 2.1 -1.6
v 0.9 2.1 -1.6
v -0.9 2.1 -2.1
v -0.8 2.1 -2.1
v 0.8 2.1 -2.1
v 0.9 2.1 -2.1
v -0.8 2.1 -2.2
v 0.8 2.1 -2.2

# faces
f 3/7/1 2/7/1 1/7/1
f 4/7/1 2/7/1 3/7/1
f 5/7/1 2/7/1 4/7/1
f 6/7/1 2/7/1 5/7/1
f 7/7/1 2/7/1 6/7/1
f 8/7/1 2/7/1 7/7/1
f 9/7/1 3/7/1 1/7/1
f 9/6/1 4/6/1 3/6/1
f 10/7/1 5/7/1 4/7/1
f 10/6/1 4/6/1 9/6/1
f 11/6/1 6/6/1 5/6/1
f 11/7/1 5/7/1 10/7/1
f 12/7/1 7/7/1 6/7/1
f 12/6/1 6/6/1 11/6/1
f 13/6/1 8/6/1 7/6/1
f 13/7/1 7/7/1 12/7/1
f 14/7/1 2/7/1 8/7/1
f 14/6/1 8/6/1 13/6/1
f 15/7/1 13/7/1 12/7/1
f 15/7/1 12/7/1 11/7/1
f 15/7/1 14/7/1 13/7/1
f 15/7/1 11/7/1 10/7/1
f 15/7/1 10/7/1 9/7/1
f 15/7/1 9/7/1 1/7/1
f 16/7/1 14/7/1 15/7/1
f 17/7/1 14/7/1 16/7/1
f 18/7/1 14/7/1 17/7/1
f 19/7/1 14/7/1 18/7/1
f 20/7/1 2/7/1 14/7/1
f 20/7/1 14/7/1 19/7/1
f 21/7/1 17/7/1 16/7/1
f 21/6/1 18/6/1 17/6/1
f 22/7/1 19/7/1 18/7/1
f 22/6/1 18/6/1 21/6/1
f 23/7/1 21/7/1 16/7/1
f 23/7/1 22/7/1 21/7/1
f 24/7/1 22/7/1 23/7/1
f 25/7/1 22/7/1 24/7/1
f 26/7/1 22/7/1 25/7/1
f 27/7/1 22/7/1 26/7/1
f 28/7/1 22/7/1 27/7/1
f 29/7/1 22/7/1 28/7/1
f 30/7/1 22/7/1 29/7/1
f 31/7/1 22/7/1 30/7/1
f 32/7/1 22/7/1 31/7/1
f 33/7/1 22/7/1 32/7/1
f 34/7/1 22/7/1 33/7/1
f 35/7/1 19/7/1 22/7/1
f 35/7/1 22/7/1 34/7/1
f 36/7/1 19/7/1 35/7/1
f 37/4/1 24/4/1 23/4/1
f 38/4/1 26/4/1 25/4/1
f 39/4/1 26/4/1 38/4/1
f 40/4/1 28/4/1 27/4/1
f 41/4/1 28/4/1 40/4/1
f 42/4/1 30/4/1 29/4/1
f 43/4/1 30/4/1 42/4/1
f 44/4/1 32/4/1 31/4/1
f 45/4/1 32/4/1 44/4/1
f 46/4/1 34/4/1 33/4/1
f 47/4/1 34/4/1 46/4/1
f 48/4/1 36/4/1 35/4/1
f 49/4/1 45/4/1 44/4/1
f 49/4/1 48/4/1 47/4/1
f 49/4/1 47/4/1 46/4/1
f 49/4/1 37/4/1 23/4/1
f 49/4/1 46/4/1 45/4/1
f 49/4/1 43/4/1 42/4/1
f 49/4/1 44/4/1 43/4/1
f 49/4/1 39/4/1 38/4/1
f 49/4/1 42/4/1 41/4/1
f 49/4/1 41/4/1 40/4/1
f 49/4/1 40/4/1 39/4/1
f 49/4/1 38/4/1 37/4/1
f 50/4/1 36/4/1 48/4/1
f 50/4/1 48/4/1 49/4/1
f 55/7/1 52/7/1 51/7/1
f 56/7/1 52/7/1 55/7/1
f 57/7/1 54/7/1 53/7/1
f 58/7/1 54/7/1 57/7/1
f 65/6/1 56/6/1 55/6/1
f 66/6/1 58/6/1 57/6/1
f 73/2/1 60/2/1 59/2/1
f 73/6/1 61/6/1 60/6/1
f 74/1/1 62/1/1 61/1/1
f 74/6/1 61/6/1 73/6/1
f 75/6/1 63/6/1 62/6/1
f 75/1/1 62/1/1 74/1/1
f 76/1/1 64/1/1 63/1/1
f 76/6/1 63/6/1 75/6/1
f 77/1/1 68/1/1 67/1/1
f 77/6/1 69/6/1 68/6/1
f 78/1/1 70/1/1 69/1/1
f 78/6/1 69/6/1 77/6/1
f 79/6/1 71/6/1 70/6/1
f 79/1/1 70/1/1 78/1/1
f 80/2/1 72/2/1 71/2/1
f 80/6/1 71/6/1 79/6/1
f 81/2/1 73/2/1 59/2/1
f 82/1/1 74/1/1 73/1/1
f 82/2/1 73/2/1 81/2/1
f 83/6/1 75/6/1 74/6/1
f 83/1/1 74/1/1 82/1/1
f 84/1/1 76/1/1 75/1/1
f 84/6/1 75/6/1 83/6/1
f 85/6/1 65/6/1 64/6/1
f 85/1/1 76/1/1 84/1/1
f 85/1/1 64/1/1 76/1/1
f 86/6/1 56/6/1 65/6/1
f 86/6/1 65/6/1 85/6/1
f 91/6/1 66/6/1 57/6/1
f 91/6/1 67/6/1 66/6/1
f 92/1/1 78/1/1 77/1/1
f 92/6/1 67/6/1 91/6/1
f 92/1/1 77/1/1 67/1/1
f 93/6/1 79/6/1 78/6/1
f 93/1/1 78/1/1 92/1/1
f 94/1/1 80/1/1 79/1/1
f 94/6/1 79/6/1 93/6/1
f 95/2/1 72/2/1 80/2/1
f 95/1/1 80/1/1 94/1/1
f 96/2/1 72/2/1 95/2/1
f 103/6/1 88/6/1 87/6/1
f 104/6/1 90/6/1 89/6/1
f 111/2/1 98/2/1 97/2/1
f 111/6/1 99/6/1 98/6/1
f 112/1/1 100/1/1 99/1/1
f 112/6/1 99/6/1 111/6/1
f 113/6/1 101/6/1 100/6/1
f 113/1/1 100/1/1 112/1/1
f 114/1/1 102/1/1 101/1/1
f 114/6/1 101/6/1 113/6/1
f 115/1/1 106/1/1 105/1/1
f 115/6/1 107/6/1 106/6/1
f 116/1/1 108/1/1 107/1/1
f 116/6/1 107/6/1 115/6/1
f 117/6/1 109/6/1 108/6/1
f 117/1/1 108/1/1 116/1/1
f 118/2/1 110/2/1 109/2/1
f 118/6/1 109/6/1 117/6/1
f 119/2/1 111/2/1 97/2/1
f 120/1/1 112/1/1 111/1/1
f 120/2/1 111/2/1 119/2/1
f 121/6/1 113/6/1 112/6/1
f 121/1/1 112/1/1 120/1/1
f 122/1/1 114/1/1 113/1/1
f 122/6/1 113/6/1 121/6/1
f 123/6/1 103/6/1 102/6/1
f 123/1/1 114/1/1 122/1/1
f 123/1/1 102/1/1 114/1/1
f 124/6/1 88/6/1 103/6/1
f 124/6/1 103/6/1 123/6/1
f 125/6/1 104/6/1 89/6/1
f 125/6/1 105/6/1 104/6/1
f 126/1/1 116/1/1 115/1/1
f 126/6/1 105/6/1 125/6/1
f 126/1/1 115/1/1 105/1/1
f 127/6/1 117/6/1 116/6/1
f 127/1/1 116/1/1 126/1/1
f 128/1/1 118/1/1 117/1/1
f 128/6/1 117/6/1 127/6/1
f 129/2/1 110/2/1 118/2/1
f 129/1/1 118/1/1 128/1/1
f 130/2/1 110/2/1 129/2/1
f 131/6/1 88/6/1 124/6/1
f 132/6/1 88/6/1 131/6/1
f 133/6/1 125/6/1 89/6/1
f 134/6/1 125/6/1 133/6/1
f 139/7/1 136/7/1 135/7/1
f 140/7/1 136/7/1 139/7/1
f 141/7/1 138/7/1 137/7/1
f 142/7/1 138/7/1 141/7/1
f 143/6/1 140/6/1 139/6/1
f 144/6/1 140/6/1 143/6/1
f 145/6/1 142/6/1 141/6/1
f 146/6/1 142/6/1 145/6/1
f 151/4/1 148/4/1 147/4/1
f 152/4/1 148/4/1 151/4/1
f 153/4/1 150/4/1 149/4/1
f 154/4/1 150/4/1 153/4/1
f 157/5/1 156/5/1 155/5/1
f 158/5/1 156/5/1 157/5/1
f 163/5/1 157/5/1 155/5/1
f 164/5/1 156/5/1 158/5/1
f 165/5/1 163/5/1 155/5/1
f 165/5/1 164/5/1 163/5/1
f 166/5/1 156/5/1 164/5/1
f 166/5/1 164/5/1 165/5/1
f 167/5/1 165/5/1 155/5/1
f 168/5/1 156/5/1 166/5/1
f 169/5/1 167/5/1 155/5/1
f 169/5/1 168/5/1 167/5/1
f 170/5/1 156/5/1 168/5/1
f 170/5/1 168/5/1 169/5/1
f 171/7/1 160/7/1 159/7/1
f 174/7/1 162/7/1 161/7/1
f 175/5/1 169/5/1 155/5/1
f 176/5/1 156/5/1 170/5/1
f 177/7/1 172/7/1 171/7/1
f 177/7/1 171/7/1 159/7/1
f 178/7/1 172/7/1 177/7/1
f 181/7/1 174/7/1 173/7/1
f 182/7/1 162/7/1 174/7/1
f 182/7/1 174/7/1 181/7/1
f 183/5/1 176/5/1 175/5/1
f 183/5/1 175/5/1 155/5/1
f 184/5/1 156/5/1 176/5/1
f 184/5/1 176/5/1 183/5/1
f 185/4/1 179/4/1 178/4/1
f 186/4/1 179/4/1 185/4/1
f 187/4/1 181/4/1 180/4/1
f 188/4/1 181/4/1 187/4/1
f 198/6/1 190/6/1 189/6/1
f 199/6/1 190/6/1 198/6/1
f 202/6/1 192/6/1 191/6/1
f 203/6/1 196/6/1 195/6/1
f 204/6/1 196/6/1 203/6/1
f 205/6/1 194/6/1 193/6/1
f 209/6/1 208/6/1 207/6/1
f 210/6/1 208/6/1 209/6/1
f 213/6/1 206/6/1 205/6/1
f 214/6/1 206/6/1 213/6/1
f 215/6/1 200/6/1 199/6/1
f 215/6/1 198/6/1 197/6/1
f 215/6/1 199/6/1 198/6/1
f 216/6/1 200/6/1 215/6/1
f 217/6/1 212/6/1 211/6/1
f 218/6/1 212/6/1 217/6/1
f 219/6/1 213/6/1 205/6/1
f 220/6/1 213/6/1 219/6/1
f 221/6/1 200/6/1 216/6/1
f 222/6/1 200/6/1 221/6/1
f 223/6/1 202/6/1 201/6/1
f 224/6/1 192/6/1 202/6/1
f 224/6/1 202/6/1 223/6/1
f 225/6/1 219/6/1 205/6/1
f 225/6/1 205/6/1 193/6/1
f 226/6/1 219/6/1 225/6/1
f 232/6/1 228/6/1 227/6/1
f 233/6/1 228/6/1 232/6/1
f 234/6/1 228/6/1 233/6/1
f 235/6/1 230/6/1 229/6/1
f 236/6/1 230/6/1 235/6/1
f 237/6/1 230/6/1 236/6/1
f 240/6/1 232/6/1 231/6/1
f 240/6/1 233/6/1 232/6/1
f 241/6/1 238/6/1 237/6/1
f 241/6/1 237/6/1 236/6/1
f 243/6/1 240/6/1 239/6/1
f 243/6/1 233/6/1 240/6/1
f 244/6/1 233/6/1 243/6/1
f 245/6/1 242/6/1 241/6/1
f 245/6/1 241/6/1 236/6/1
f 246/6/1 242/6/1 245/6/1
f 247/6/1 243/6/1 239/6/1
f 248/6/1 243/6/1 247/6/1
f 249/6/1 243/6/1 248/6/1
f 251/6/1 250/6/1 249/6/1
f 251/6/1 249/6/1 248/6/1
f 252/6/1 250/6/1 251/6/1
f 253/6/1 250/6/1 252/6/1
f 257/6/1 253/6/1 252/6/1
f 257/6/1 254/6/1 253/6/1
f 258/6/1 254/6/1 257/6/1
f 259/6/1 254/6/1 258/6/1
f 260/6/1 254/6/1 259/6/1
f 261/6/1 254/6/1 260/6/1
f 262/5/1 255/5/1 254/5/1
f 262/6/1 254/6/1 261/6/1
f 263/5/1 255/5/1 262/5/1
f 264/5/1 255/5/1 263/5/1
f 265/6/1 256/6/1 255/6/1
f 265/5/1 255/5/1 264/5/1
f 266/6/1 256/6/1 265/6/1
f 267/4/1 259/4/1 258/4/1
f 268/4/1 259/4/1 267/4/1
f 269/4/1 261/4/1 260/4/1
f 270/4/1 261/4/1 269/4/1
f 271/5/1 263/5/1 262/5/1
f 272/5/1 265/5/1 264/5/1
f 273/5/1 272/5/1 271/5/1
f 273/5/1 271/5/1 262/5/1
f 274/5/1 265/5/1 272/5/1
f 274/5/1 272/5/1 273/5/1
f 275/5/1 273/5/1 262/5/1
f 276/5/1 265/5/1 274/5/1
f 277/5/1 275/5/1 262/5/1
f 277/5/1 276/5/1 275/5/1
f 278/5/1 265/5/1 276/5/1
f 278/5/1 276/5/1 277/5/1
f 322/7/1 280/7/1 279/7/1
f 323/6/1 281/6/1 280/6/1
f 323/7/1 280/7/1 322/7/1
f 324/7/1 282/7/1 281/7/1
f 324/6/1 281/6/1 323/6/1
f 325/6/1 283/6/1 282/6/1
f 325/7/1 282/7/1 324/7/1
f 326/7/1 284/7/1 283/7/1
f 326/6/1 283/6/1 325/6/1
f 327/6/1 285/6/1 284/6/1
f 327/7/1 284/7/1 326/7/1
f 328/7/1 286/7/1 285/7/1
f 328/6/1 285/6/1 327/6/1
f 329/6/1 287/6/1 286/6/1
f 329/7/1 286/7/1 328/7/1
f 330/7/1 288/7/1 287/7/1
f 330/6/1 287/6/1 329/6/1
f 331/6/1 289/6/1 288/6/1
f 331/7/1 288/7/1 330/7/1
f 332/7/1 290/7/1 289/7/1
f 332/6/1 289/6/1 331/6/1
f 333/6/1 291/6/1 290/6/1
f 333/7/1 290/7/1 332/7/1
f 334/7/1 292/7/1 291/7/1
f 334/6/1 291/6/1 333/6/1
f 335/6/1 293/6/1 292/6/1
f 335/7/1 292/7/1 334/7/1
f 336/7/1 294/7/1 293/7/1
f 336/6/1 293/6/1 335/6/1
f 337/6/1 295/6/1 294/6/1
f 337/7/1 294/7/1 336/7/1
f 338/7/1 296/7/1 295/7/1
f 338/6/1 295/6/1 337/6/1
f 339/6/1 297/6/1 296/6/1
f 339/7/1 296/7/1 338/7/1
f 340/7/1 298/7/1 297/7/1
f 340/6/1 297/6/1 339/6/1
f 341/6/1 299/6/1 298/6/1
f 341/7/1 298/7/1 340/7/1
f 342/7/1 300/7/1 299/7/1
f 342/6/1 299/6/1 341/6/1
f 343/6/1 301/6/1 300/6/1
f 343/7/1 300/7/1 342/7/1
f 344/7/1 302/7/1 301/7/1
f 344/6/1 301/6/1 343/6/1
f 345/6/1 303/6/1 302/6/1
f 345/7/1 302/7/1 344/7/1
f 346/7/1 304/7/1 303/7/1
f 346/6/1 303/6/1 345/6/1
f 347/6/1 305/6/1 304/6/1
f 347/7/1 304/7/1 346/7/1
f 348/7/1 306/7/1 305/7/1
f 348/6/1 305/6/1 347/6/1
f 349/6/1 307/6/1 306/6/1
f 349/7/1 306/7/1 348/7/1
f 350/7/1 308/7/1 307/7/1
f 350/6/1 307/6/1 349/6/1
f 351/6/1 309/6/1 308/6/1
f 351/7/1 308/7/1 350/7/1
f 352/7/1 310/7/1 309/7/1
f 352/6/1 309/6/1 351/6/1
f 353/6/1 311/6/1 310/6/1
f 353/7/1 310/7/1 352/7/1
f 354/7/1 312/7/1 311/7/1
f 354/6/1 311/6/1 353/6/1
f 355/6/1 313/6/1 312/6/1
f 355/7/1 312/7/1 354/7/1
f 356/7/1 314/7/1 313/7/1
f 356/6/1 313/6/1 355/6/1
f 357/6/1 315/6/1 314/6/1
f 357/7/1 314/7/1 356/7/1
f 358/7/1 316/7/1 315/7/1
f 358/6/1 315/6/1 357/6/1
f 359/6/1 317/6/1 316/6/1
f 359/7/1 316/7/1 358/7/1
f 360/6/1 317/6/1 359/6/1
f 366/7/1 319/7/1 318/7/1
f 367/6/1 320/6/1 319/6/1
f 367/7/1 319/7/1 366/7/1
f 368/7/1 321/7/1 320/7/1
f 368/6/1 320/6/1 367/6/1
f 369/6/1 322/6/1 321/6/1
f 369/7/1 321/7/1 368/7/1
f 370/4/1 323/4/1 322/4/1
f 370/4/1 324/4/1 323/4/1
f 370/4/1 325/4/1 324/4/1
f 371/4/1 325/4/1 370/4/1
f 372/4/1 328/4/1 327/4/1
f 372/4/1 329/4/1 328/4/1
f 372/4/1 330/4/1 329/4/1
f 373/4/1 330/4/1 372/4/1
f 374/4/1 333/4/1 332/4/1
f 374/4/1 334/4/1 333/4/1
f 374/4/1 335/4/1 334/4/1
f 375/4/1 335/4/1 374/4/1
f 376/4/1 338/4/1 337/4/1
f 376/4/1 339/4/1 338/4/1
f 376/4/1 340/4/1 339/4/1
f 377/4/1 340/4/1 376/4/1
f 378/4/1 343/4/1 342/4/1
f 378/4/1 344/4/1 343/4/1
f 378/4/1 345/4/1 344/4/1
f 379/4/1 345/4/1 378/4/1
f 380/4/1 348/4/1 347/4/1
f 380/4/1 349/4/1 348/4/1
f 380/4/1 350/4/1 349/4/1
f 381/4/1 350/4/1 380/4/1
f 382/4/1 353/4/1 352/4/1
f 382/4/1 354/4/1 353/4/1
f 382/4/1 355/4/1 354/4/1
f 383/4/1 355/4/1 382/4/1
f 384/4/1 358/4/1 357/4/1
f 384/4/1 359/4/1 358/4/1
f 384/4/1 360/4/1 359/4/1
f 385/4/1 360/4/1 384/4/1
f 386/7/1 361/7/1 360/7/1
f 386/4/1 360/4/1 385/4/1
f 387/6/1 362/6/1 361/6/1
f 387/7/1 361/7/1 386/7/1
f 388/6/1 362/6/1 387/6/1
f 393/6/1 364/6/1 363/6/1
f 394/7/1 365/7/1 364/7/1
f 394/6/1 364/6/1 393/6/1
f 395/4/1 367/4/1 366/4/1
f 395/7/1 365/7/1 394/7/1
f 395/4/1 368/4/1 367/4/1
f 395/4/1 366/4/1 365/4/1
f 396/4/1 368/4/1 395/4/1
f 397/4/1 368/4/1 396/4/1
f 398/6/1 322/6/1 369/6/1
f 398/6/1 369/6/1 368/6/1
f 398/4/1 370/4/1 322/4/1
f 399/5/1 371/5/1 370/5/1
f 399/4/1 370/4/1 398/4/1
f 400/4/1 325/4/1 371/4/1
f 400/5/1 371/5/1 399/5/1
f 401/6/1 326/6/1 325/6/1
f 401/6/1 327/6/1 326/6/1
f 401/4/1 372/4/1 327/4/1
f 402/5/1 373/5/1 372/5/1
f 402/4/1 372/4/1 401/4/1
f 403/4/1 330/4/1 373/4/1
f 403/5/1 373/5/1 402/5/1
f 404/6/1 331/6/1 330/6/1
f 404/6/1 332/6/1 331/6/1
f 404/4/1 374/4/1 332/4/1
f 405/5/1 375/5/1 374/5/1
f 405/4/1 374/4/1 404/4/1
f 406/4/1 335/4/1 375/4/1
f 406/5/1 375/5/1 405/5/1
f 407/6/1 336/6/1 335/6/1
f 407/6/1 337/6/1 336/6/1
f 407/4/1 376/4/1 337/4/1
f 408/5/1 377/5/1 376/5/1
f 408/4/1 376/4/1 407/4/1
f 409/4/1 340/4/1 377/4/1
f 409/5/1 377/5/1 408/5/1
f 410/6/1 341/6/1 340/6/1
f 410/6/1 342/6/1 341/6/1
f 410/4/1 378/4/1 342/4/1
f 411/5/1 379/5/1 378/5/1
f 411/4/1 378/4/1 410/4/1
f 412/4/1 345/4/1 379/4/1
f 412/5/1 379/5/1 411/5/1
f 413/6/1 346/6/1 345/6/1
f 413/6/1 347/6/1 346/6/1
f 413/4/1 380/4/1 347/4/1
f 414/5/1 381/5/1 380/5/1
f 414/4/1 380/4/1 413/4/1
f 415/4/1 350/4/1 381/4/1
f 415/5/1 381/5/1 414/5/1
f 416/6/1 351/6/1 350/6/1
f 416/6/1 352/6/1 351/6/1
f 416/4/1 382/4/1 352/4/1
f 417/5/1 383/5/1 382/5/1
f 417/4/1 382/4/1 416/4/1
f 418/4/1 355/4/1 383/4/1
f 418/5/1 383/5/1 417/5/1
f 419/4/1 384/4/1 357/4/1
f 419/6/1 356/6/1 355/6/1
f 419/6/1 357/6/1 356/6/1
f 420/5/1 385/5/1 384/5/1
f 420/4/1 384/4/1 419/4/1
f 421/4/1 386/4/1 385/4/1
f 421/5/1 385/5/1 420/5/1
f 422/7/1 389/7/1 388/7/1
f 422/6/1 388/6/1 387/6/1
f 422/6/1 387/6/1 386/6/1
f 423/6/1 390/6/1 389/6/1
f 423/7/1 389/7/1 422/7/1
f 424/7/1 391/7/1 390/7/1
f 424/6/1 390/6/1 423/6/1
f 425/7/1 391/7/1 424/7/1
f 427/7/1 393/7/1 392/7/1
f 428/6/1 394/6/1 393/6/1
f 428/7/1 393/7/1 427/7/1
f 428/6/1 395/6/1 394/6/1
f 429/4/1 396/4/1 395/4/1
f 429/6/1 395/6/1 428/6/1
f 430/5/1 397/5/1 396/5/1
f 430/4/1 396/4/1 429/4/1
f 431/4/1 368/4/1 397/4/1
f 431/5/1 397/5/1 430/5/1
f 432/6/1 398/6/1 368/6/1
f 432/4/1 368/4/1 431/4/1
f 433/3/1 399/3/1 398/3/1
f 433/6/1 398/6/1 432/6/1
f 434/4/1 400/4/1 399/4/1
f 434/3/1 399/3/1 433/3/1
f 435/4/1 325/4/1 400/4/1
f 435/4/1 400/4/1 434/4/1
f 435/6/1 401/6/1 325/6/1
f 436/3/1 402/3/1 401/3/1
f 436/6/1 401/6/1 435/6/1
f 437/4/1 403/4/1 402/4/1
f 437/3/1 402/3/1 436/3/1
f 438/4/1 330/4/1 403/4/1
f 438/4/1 403/4/1 437/4/1
f 438/6/1 404/6/1 330/6/1
f 439/3/1 405/3/1 404/3/1
f 439/6/1 404/6/1 438/6/1
f 440/4/1 406/4/1 405/4/1
f 440/3/1 405/3/1 439/3/1
f 441/4/1 335/4/1 406/4/1
f 441/4/1 406/4/1 440/4/1
f 441/6/1 407/6/1 335/6/1
f 442/3/1 408/3/1 407/3/1
f 442/6/1 407/6/1 441/6/1
f 443/4/1 409/4/1 408/4/1
f 443/3/1 408/3/1 442/3/1
f 444/4/1 340/4/1 409/4/1
f 444/4/1 409/4/1 443/4/1
f 444/6/1 410/6/1 340/6/1
f 445/3/1 411/3/1 410/3/1
f 445/6/1 410/6/1 444/6/1
f 446/4/1 412/4/1 411/4/1
f 446/3/1 411/3/1 445/3/1
f 447/4/1 345/4/1 412/4/1
f 447/4/1 412/4/1 446/4/1
f 447/6/1 413/6/1 345/6/1
f 448/3/1 414/3/1 413/3/1
f 448/6/1 413/6/1 447/6/1
f 449/4/1 415/4/1 414/4/1
f 449/3/1 414/3/1 448/3/1
f 450/6/1 416/6/1 350/6/1
f 450/4/1 415/4/1 449/4/1
f 450/4/1 350/4/1 415/4/1
f 451/3/1 417/3/1 416/3/1
f 451/6/1 416/6/1 450/6/1
f 452/4/1 418/4/1 417/4/1
f 452/3/1 417/3/1 451/3/1
f 453/6/1 419/6/1 355/6/1
f 453/4/1 418/4/1 452/4/1
f 453/4/1 355/4/1 418/4/1
f 454/3/1 420/3/1 419/3/1
f 454/6/1 419/6/1 453/6/1
f 455/4/1 421/4/1 420/4/1
f 455/3/1 420/3/1 454/3/1
f 456/4/1 386/4/1 421/4/1
f 456/4/1 421/4/1 455/4/1
f 456/6/1 422/6/1 386/6/1
f 457/4/1 424/4/1 423/4/1
f 457/6/1 422/6/1 456/6/1
f 457/4/1 425/4/1 424/4/1
f 457/4/1 423/4/1 422/4/1
f 458/6/1 426/6/1 425/6/1
f 458/4/1 425/4/1 457/4/1
f 459/6/1 426/6/1 458/6/1
f 479/6/1 470/6/1 469/6/1
f 480/6/1 470/6/1 479/6/1
f 481/6/1 470/6/1 480/6/1
f 482/6/1 472/6/1 471/6/1
f 483/6/1 472/6/1 482/6/1
f 484/6/1 476/6/1 475/6/1
f 485/6/1 476/6/1 484/6/1
f 486/6/1 478/6/1 477/6/1
f 487/6/1 478/6/1 486/6/1
f 488/1/1 481/1/1 480/1/1
f 489/1/1 481/1/1 488/1/1
f 490/6/1 482/6/1 471/6/1
f 491/1/1 483/1/1 482/1/1
f 491/6/1 482/6/1 490/6/1
f 492/6/1 472/6/1 483/6/1
f 492/1/1 483/1/1 491/1/1
f 493/6/1 472/6/1 492/6/1
f 494/6/1 472/6/1 493/6/1
f 495/6/1 472/6/1 494/6/1
f 496/6/1 472/6/1 495/6/1
f 497/6/1 474/6/1 473/6/1
f 500/6/1 486/6/1 477/6/1
f 501/6/1 486/6/1 500/6/1
f 502/6/1 461/6/1 460/6/1
f 502/6/1 462/6/1 461/6/1
f 503/7/1 463/7/1 462/7/1
f 503/6/1 462/6/1 502/6/1
f 504/6/1 464/6/1 463/6/1
f 504/7/1 463/7/1 503/7/1
f 505/7/1 465/7/1 464/7/1
f 505/6/1 464/6/1 504/6/1
f 506/6/1 466/6/1 465/6/1
f 506/7/1 465/7/1 505/7/1
f 507/7/1 467/7/1 466/7/1
f 507/6/1 466/6/1 506/6/1
f 508/6/1 468/6/1 467/6/1
f 508/7/1 467/7/1 507/7/1
f 509/7/1 469/7/1 468/7/1
f 509/6/1 468/6/1 508/6/1
f 510/6/1 479/6/1 469/6/1
f 510/7/1 469/7/1 509/7/1
f 511/6/1 479/6/1 510/6/1
f 512/6/1 494/6/1 493/6/1
f 513/1/1 495/1/1 494/1/1
f 513/6/1 494/6/1 512/6/1
f 514/6/1 496/6/1 495/6/1
f 514/1/1 495/1/1 513/1/1
f 514/6/1 497/6/1 496/6/1
f 515/6/1 474/6/1 497/6/1
f 515/6/1 497/6/1 514/6/1
f 516/6/1 474/6/1 515/6/1
f 517/6/1 474/6/1 516/6/1
f 518/6/1 499/6/1 498/6/1
f 519/6/1 499/6/1 518/6/1
f 520/6/1 500/6/1 477/6/1
f 521/6/1 500/6/1 520/6/1
f 522/6/1 516/6/1 515/6/1
f 523/1/1 517/1/1 516/1/1
f 523/6/1 516/6/1 522/6/1
f 524/6/1 474/6/1 517/6/1
f 524/1/1 517/1/1 523/1/1
f 525/6/1 474/6/1 524/6/1
f 526/6/1 474/6/1 525/6/1
f 527/6/1 474/6/1 526/6/1
f 529/6/1 520/6/1 477/6/1
f 530/6/1 520/6/1 529/6/1
f 531/6/1 526/6/1 525/6/1
f 532/1/1 527/1/1 526/1/1
f 532/6/1 526/6/1 531/6/1
f 533/6/1 528/6/1 527/6/1
f 533/1/1 527/1/1 532/1/1
f 534/6/1 528/6/1 533/6/1
f 545/6/1 536/6/1 535/6/1
f 546/7/1 537/7/1 536/7/1
f 546/6/1 536/6/1 545/6/1
f 547/6/1 538/6/1 537/6/1
f 547/7/1 537/7/1 546/7/1
f 548/7/1 539/7/1 538/7/1
f 548/6/1 538/6/1 547/6/1
f 549/6/1 540/6/1 539/6/1
f 549/7/1 539/7/1 548/7/1
f 550/7/1 541/7/1 540/7/1
f 550/6/1 540/6/1 549/6/1
f 551/6/1 542/6/1 541/6/1
f 551/7/1 541/7/1 550/7/1
f 552/7/1 543/7/1 542/7/1
f 552/6/1 542/6/1 551/6/1
f 553/6/1 544/6/1 543/6/1
f 553/7/1 543/7/1 552/7/1
f 554/6/1 544/6/1 553/6/1
f 557/1/1 556/1/1 555/1/1
f 558/1/1 556/1/1 557/1/1
f 565/6/1 559/6/1 558/6/1
f 566/1/1 560/1/1 559/1/1
f 566/6/1 559/6/1 565/6/1
f 567/6/1 561/6/1 560/6/1
f 567/1/1 560/1/1 566/1/1
f 568/1/1 562/1/1 561/1/1
f 568/6/1 561/6/1 567/6/1
f 569/6/1 563/6/1 562/6/1
f 569/1/1 562/1/1 568/1/1
f 570/1/1 564/1/1 563/1/1
f 570/6/1 563/6/1 569/6/1
f 571/1/1 564/1/1 570/1/1
f 578/1/1 572/1/1 571/1/1
f 579/6/1 573/6/1 572/6/1
f 579/1/1 572/1/1 578/1/1
f 580/1/1 574/1/1 573/1/1
f 580/6/1 573/6/1 579/6/1
f 581/6/1 575/6/1 574/6/1
f 581/1/1 574/1/1 580/1/1
f 582/1/1 576/1/1 575/1/1
f 582/6/1 575/6/1 581/6/1
f 583/6/1 577/6/1 576/6/1
f 583/1/1 576/1/1 582/1/1
f 584/6/1 577/6/1 583/6/1
f 587/1/1 586/1/1 585/1/1
f 587/1/1 585/1/1 584/1/1
f 588/1/1 586/1/1 587/1/1
f 593/1/1 589/1/1 588/1/1
f 593/1/1 590/1/1 589/1/1
f 594/6/1 592/6/1 591/6/1
f 594/1/1 590/1/1 593/1/1
f 594/6/1 591/6/1 590/6/1
f 595/6/1 592/6/1 594/6/1
f 598/6/1 597/6/1 596/6/1
f 599/6/1 597/6/1 598/6/1
f 606/6/1 600/6/1 599/6/1
f 607/1/1 601/1/1 600/1/1
f 607/6/1 600/6/1 606/6/1
f 608/6/1 602/6/1 601/6/1
f 608/1/1 601/1/1 607/1/1
f 609/1/1 603/1/1 602/1/1
f 609/6/1 602/6/1 608/6/1
f 610/6/1 604/6/1 603/6/1
f 610/1/1 603/1/1 609/1/1
f 611/1/1 605/1/1 604/1/1
f 611/6/1 604/6/1 610/6/1
f 612/1/1 605/1/1 611/1/1
f 621/6/1 613/6/1 612/6/1
f 622/1/1 614/1/1 613/1/1
f 622/6/1 613/6/1 621/6/1
f 623/6/1 615/6/1 614/6/1
f 623/1/1 614/1/1 622/1/1
f 624/1/1 616/1/1 615/1/1
f 624/6/1 615/6/1 623/6/1
f 625/6/1 618/6/1 617/6/1
f 625/1/1 616/1/1 624/1/1
f 625/6/1 617/6/1 616/6/1
f 626/6/1 618/6/1 625/6/1
f 630/6/1 620/6/1 619/6/1
f 631/6/1 620/6/1 630/6/1
f 632/6/1 627/6/1 626/6/1
f 633/1/1 628/1/1 627/1/1
f 633/6/1 627/6/1 632/6/1
f 634/6/1 629/6/1 628/6/1
f 634/1/1 628/1/1 633/1/1
f 635/6/1 629/6/1 634/6/1
f 638/6/1 630/6/1 619/6/1
f 639/6/1 630/6/1 638/6/1
f 640/6/1 637/6/1 636/6/1
f 640/6/1 638/6/1 637/6/1
f 640/6/1 636/6/1 635/6/1
f 641/6/1 638/6/1 640/6/1
f 644/6/1 643/6/1 642/6/1
f 645/6/1 643/6/1 644/6/1
f 648/6/1 647/6/1 646/6/1
f 649/6/1 647/6/1 648/6/1
f 650/6/1 647/6/1 649/6/1
f 651/6/1 647/6/1 650/6/1
f 652/1/1 649/1/1 648/1/1
f 653/6/1 650/6/1 649/6/1
f 653/1/1 649/1/1 652/1/1
f 663/6/1 653/6/1 652/6/1
f 664/6/1 650/6/1 653/6/1
f 664/6/1 653/6/1 663/6/1
f 665/6/1 655/6/1 654/6/1
f 665/6/1 656/6/1 655/6/1
f 665/6/1 657/6/1 656/6/1
f 665/6/1 660/6/1 659/6/1
f 665/6/1 659/6/1 658/6/1
f 665/6/1 658/6/1 657/6/1
f 666/6/1 660/6/1 665/6/1
f 667/6/1 660/6/1 666/6/1
f 674/6/1 662/6/1 661/6/1
f 675/6/1 662/6/1 674/6/1
f 676/1/1 664/1/1 663/1/1
f 677/6/1 650/6/1 664/6/1
f 677/1/1 664/1/1 676/1/1
f 678/6/1 650/6/1 677/6/1
f 679/6/1 672/6/1 671/6/1
f 679/6/1 667/6/1 666/6/1
f 679/6/1 668/6/1 667/6/1
f 679/6/1 669/6/1 668/6/1
f 679/6/1 671/6/1 670/6/1
f 679/6/1 670/6/1 669/6/1
f 680/6/1 672/6/1 679/6/1
f 681/6/1 672/6/1 680/6/1
f 686/6/1 674/6/1 673/6/1
f 687/6/1 674/6/1 686/6/1
f 688/2/1 678/2/1 677/2/1
f 688/2/1 677/2/1 676/2/1
f 689/2/1 678/2/1 688/2/1
f 690/6/1 684/6/1 683/6/1
f 690/6/1 681/6/1 680/6/1
f 690/6/1 682/6/1 681/6/1
f 690/6/1 683/6/1 682/6/1
f 691/6/1 684/6/1 690/6/1
f 692/6/1 686/6/1 685/6/1
f 693/6/1 686/6/1 692/6/1
f 697/6/1 695/6/1 694/6/1
f 699/6/1 697/6/1 696/6/1
f 701/6/1 699/6/1 698/6/1
f 703/6/1 701/6/1 700/6/1
f 704/6/1 695/6/1 697/6/1
f 704/6/1 697/6/1 699/6/1
f 704/6/1 701/6/1 703/6/1
f 704/6/1 699/6/1 701/6/1
f 706/6/1 703/6/1 702/6/1
f 706/6/1 705/6/1 704/6/1
f 706/6/1 704/6/1 703/6/1
f 707/6/1 705/6/1 706/6/1
f 711/6/1 709/6/1 708/6/1
f 712/2/1 710/2/1 709/2/1
f 712/6/1 709/6/1 711/6/1
f 713/2/1 710/2/1 712/2/1
f 714/6/1 711/6/1 708/6/1
f 714/2/1 712/2/1 711/2/1
f 715/6/1 713/6/1 712/6/1
f 715/2/1 712/2/1 714/2/1
f 716/6/1 714/6/1 708/6/1
f 716/6/1 715/6/1 714/6/1
f 717/2/1 710/2/1 713/2/1
f 717/6/1 715/6/1 716/6/1
f 717/6/1 713/6/1 715/6/1
f 718/2/1 710/2/1 717/2/1
f 721/6/1 720/6/1 719/6/1
f 722/6/1 720/6/1 721/6/1
f 726/6/1 724/6/1 723/6/1
f 727/6/1 724/6/1 726/6/1
f 728/7/1 726/7/1 725/7/1
f 729/7/1 726/7/1 728/7/1
f 732/7/1 731/7/1 730/7/1
f 733/7/1 731/7/1 732/7/1
f 736/7/1 735/7/1 734/7/1
f 737/7/1 735/7/1 736/7/1
f 740/6/1 738/6/1 737/6/1
f 741/7/1 740/7/1 739/7/1
f 742/6/1 738/6/1 740/6/1
f 742/7/1 740/7/1 741/7/1
f 743/6/1 738/6/1 742/6/1
f 745/6/1 743/6/1 742/6/1
f 745/6/1 744/6/1 743/6/1
f 746/6/1 744/6/1 745/6/1
f 747/6/1 744/6/1 746/6/1
f 748/6/1 744/6/1 747/6/1
f 749/6/1 744/6/1 748/6/1
f 755/7/1 747/7/1 746/7/1
f 756/7/1 747/7/1 755/7/1
f 757/7/1 749/7/1 748/7/1
f 758/7/1 749/7/1 757/7/1
f 759/7/1 751/7/1 750/7/1
f 760/6/1 752/6/1 751/6/1
f 760/7/1 751/7/1 759/7/1
f 761/6/1 752/6/1 760/6/1
f 762/6/1 752/6/1 761/6/1
f 766/6/1 754/6/1 753/6/1
f 767/6/1 754/6/1 766/6/1
f 769/7/1 762/7/1 761/7/1
f 770/7/1 762/7/1 769/7/1
f 771/7/1 764/7/1 763/7/1
f 772/7/1 764/7/1 771/7/1
f 775/6/1 768/6/1 767/6/1
f 775/6/1 767/6/1 766/6/1
f 775/6/1 766/6/1 765/6/1
f 776/6/1 768/6/1 775/6/1
f 777/6/1 768/6/1 776/6/1
f 778/6/1 768/6/1 777/6/1
f 779/6/1 768/6/1 778/6/1
f 780/6/1 768/6/1 779/6/1
f 781/6/1 768/6/1 780/6/1
f 783/7/1 774/7/1 773/7/1
f 784/7/1 774/7/1 783/7/1
f 785/7/1 776/7/1 775/7/1
f 786/7/1 776/7/1 785/7/1
f 787/7/1 778/7/1 777/7/1
f 788/7/1 778/7/1 787/7/1
f 789/7/1 780/7/1 779/7/1
f 790/7/1 780/7/1 789/7/1
f 791/7/1 782/7/1 781/7/1
f 792/7/1 782/7/1 791/7/1
f 796/6/1 794/6/1 793/6/1
f 797/2/1 795/2/1 794/2/1
f 797/6/1 794/6/1 796/6/1
f 798/2/1 795/2/1 797/2/1
f 801/7/1 800/7/1 799/7/1
f 802/7/1 800/7/1 801/7/1
f 805/7/1 804/7/1 803/7/1
f 806/7/1 804/7/1 805/7/1
f 809/6/1 808/6/1 807/6/1
f 810/6/1 808/6/1 809/6/1
f 815/7/1 812/7/1 811/7/1
f 816/7/1 812/7/1 815/7/1
f 817/7/1 814/7/1 813/7/1
f 818/7/1 814/7/1 817/7/1
f 823/7/1 820/7/1 819/7/1
f 824/7/1 820/7/1 823/7/1
f 825/7/1 822/7/1 821/7/1
f 826/7/1 822/7/1 825/7/1
f 835/7/1 828/7/1 827/7/1
f 836/7/1 828/7/1 835/7/1
f 837/7/1 830/7/1 829/7/1
f 838/7/1 830/7/1 837/7/1
f 839/7/1 832/7/1 831/7/1
f 840/7/1 832/7/1 839/7/1
f 841/7/1 834/7/1 833/7/1
f 842/7/1 834/7/1 841/7/1
f 845/7/1 844/7/1 843/7/1
f 846/7/1 844/7/1 845/7/1
f 849/7/1 848/7/1 847/7/1
f 850/7/1 848/7/1 849/7/1
f 855/7/1 852/7/1 851/7/1
f 856/7/1 852/7/1 855/7/1
f 857/7/1 854/7/1 853/7/1
f 858/7/1 854/7/1 857/7/1
f 863/7/1 860/7/1 859/7/1
f 864/7/1 860/7/1 863/7/1
f 865/7/1 862/7/1 861/7/1
f 866/7/1 862/7/1 865/7/1
f 875/7/1 868/7/1 867/7/1
f 876/7/1 868/7/1 875/7/1
f 877/7/1 870/7/1 869/7/1
f 878/7/1 870/7/1 877/7/1
f 879/7/1 872/7/1 871/7/1
f 880/7/1 872/7/1 879/7/1
f 881/7/1 874/7/1 873/7/1
f 882/7/1 874/7/1 881/7/1
f 885/7/1 884/7/1 883/7/1
f 886/7/1 884/7/1 885/7/1
f 889/7/1 888/7/1 887/7/1
f 890/7/1 888/7/1 889/7/1
f 893/7/1 892/7/1 891/7/1
f 894/7/1 892/7/1 893/7/1
f 897/7/1 896/7/1 895/7/1
f 898/7/1 896/7/1 897/7/1
f 901/7/1 900/7/1 899/7/1
f 902/7/1 900/7/1 901/7/1
f 905/7/1 904/7/1 903/7/1
f 906/7/1 904/7/1 905/7/1
f 913/7/1 908/7/1 907/7/1
f 914/7/1 908/7/1 913/7/1
f 915/7/1 910/7/1 909/7/1
f 916/7/1 910/7/1 915/7/1
f 917/7/1 912/7/1 911/7/1
f 918/7/1 912/7/1 917/7/1
f 925/7/1 920/7/1 919/7/1
f 926/7/1 920/7/1 925/7/1
f 927/7/1 922/7/1 921/7/1
f 928/7/1 922/7/1 927/7/1
f 929/7/1 924/7/1 923/7/1
f 930/7/1 924/7/1 929/7/1
f 941/7/1 932/7/1 931/7/1
f 942/7/1 932/7/1 941/7/1
f 943/7/1 934/7/1 933/7/1
f 944/7/1 934/7/1 943/7/1
f 945/7/1 936/7/1 935/7/1
f 946/7/1 936/7/1 945/7/1
f 947/7/1 938/7/1 937/7/1
f 948/7/1 938/7/1 947/7/1
f 949/7/1 940/7/1 939/7/1
f 950/7/1 940/7/1 949/7/1
f 953/6/1 952/6/1 951/6/1
f 954/6/1 952/6/1 953/6/1
f 998/7/1 956/7/1 955/7/1
f 999/6/1 957/6/1 956/6/1
f 999/7/1 956/7/1 998/7/1
f 1000/7/1 958/7/1 957/7/1
f 1000/6/1 957/6/1 999/6/1
f 1001/6/1 959/6/1 958/6/1
f 1001/7/1 958/7/1 1000/7/1
f 1002/7/1 960/7/1 959/7/1
f 1002/6/1 959/6/1 1001/6/1
f 1003/6/1 961/6/1 960/6/1
f 1003/7/1 960/7/1 1002/7/1
f 1004/7/1 962/7/1 961/7/1
f 1004/6/1 961/6/1 1003/6/1
f 1005/6/1 963/6/1 962/6/1
f 1005/7/1 962/7/1 1004/7/1
f 1006/7/1 964/7/1 963/7/1
f 1006/6/1 963/6/1 1005/6/1
f 1007/6/1 965/6/1 964/6/1
f 1007/7/1 964/7/1 1006/7/1
f 1008/7/1 966/7/1 965/7/1
f 1008/6/1 965/6/1 1007/6/1
f 1009/6/1 967/6/1 966/6/1
f 1009/7/1 966/7/1 1008/7/1
f 1010/7/1 968/7/1 967/7/1
f 1010/6/1 967/6/1 1009/6/1
f 1011/6/1 969/6/1 968/6/1
f 1011/7/1 968/7/1 1010/7/1
f 1012/7/1 970/7/1 969/7/1
f 1012/6/1 969/6/1 1011/6/1
f 1013/6/1 971/6/1 970/6/1
f 1013/7/1 970/7/1 1012/7/1
f 1014/7/1 972/7/1 971/7/1
f 1014/6/1 971/6/1 1013/6/1
f 1015/6/1 973/6/1 972/6/1
f 1015/7/1 972/7/1 1014/7/1
f 1016/7/1 974/7/1 973/7/1
f 1016/6/1 973/6/1 1015/6/1
f 1017/6/1 975/6/1 974/6/1
f 1017/7/1 974/7/1 1016/7/1
f 1018/7/1 976/7/1 975/7/1
f 1018/6/1 975/6/1 1017/6/1
f 1019/6/1 977/6/1 976/6/1
f 1019/7/1 976/7/1 1018/7/1
f 1020/7/1 978/7/1 977/7/1
f 1020/6/1 977/6/1 1019/6/1
f 1021/6/1 979/6/1 978/6/1
f 1021/7/1 978/7/1 1020/7/1
f 1022/7/1 980/7/1 979/7/1
f 1022/6/1 979/6/1 1021/6/1
f 1023/6/1 981/6/1 980/6/1
f 1023/7/1 980/7/1 1022/7/1
f 1024/7/1 982/7/1 981/7/1
f 1024/6/1 981/6/1 1023/6/1
f 1025/6/1 983/6/1 982/6/1
f 1025/7/1 982/7/1 1024/7/1
f 1026/7/1 984/7/1 983/7/1
f 1026/6/1 983/6/1 1025/6/1
f 1027/6/1 985/6/1 984/6/1
f 1027/7/1 984/7/1 1026/7/1
f 1028/7/1 986/7/1 985/7/1
f 1028/6/1 985/6/1 1027/6/1
f 1029/6/1 987/6/1 986/6/1
f 1029/7/1 986/7/1 1028/7/1
f 1030/7/1 988/7/1 987/7/1
f 1030/6/1 987/6/1 1029/6/1
f 1031/6/1 989/6/1 988/6/1
f 1031/7/1 988/7/1 1030/7/1
f 1032/7/1 990/7/1 989/7/1
f 1032/6/1 989/6/1 1031/6/1
f 1033/6/1 991/6/1 990/6/1
f 1033/7/1 990/7/1 1032/7/1
f 1034/6/1 993/6/1 992/6/1
f 1040/7/1 995/7/1 994/7/1
f 1041/6/1 996/6/1 995/6/1
f 1041/7/1 995/7/1 1040/7/1
f 1042/7/1 997/7/1 996/7/1
f 1042/6/1 996/6/1 1041/6/1
f 1043/6/1 998/6/1 997/6/1
f 1043/7/1 997/7/1 1042/7/1
f 1043/6/1 999/6/1 998/6/1
f 1043/6/1 1000/6/1 999/6/1
f 1043/6/1 1001/6/1 1000/6/1
f 1043/6/1 1002/6/1 1001/6/1
f 1043/6/1 1003/6/1 1002/6/1
f 1043/6/1 1004/6/1 1003/6/1
f 1043/6/1 1033/6/1 1032/6/1
f 1043/6/1 1005/6/1 1004/6/1
f 1043/6/1 1006/6/1 1005/6/1
f 1043/6/1 1007/6/1 1006/6/1
f 1043/6/1 1008/6/1 1007/6/1
f 1043/6/1 1009/6/1 1008/6/1
f 1043/6/1 1032/6/1 1031/6/1
f 1043/6/1 1031/6/1 1030/6/1
f 1043/6/1 1030/6/1 1029/6/1
f 1043/6/1 1029/6/1 1028/6/1
f 1043/6/1 1028/6/1 1027/6/1
f 1043/6/1 1027/6/1 1026/6/1
f 1043/6/1 1026/6/1 1025/6/1
f 1043/6/1 1025/6/1 1024/6/1
f 1043/6/1 1024/6/1 1023/6/1
f 1043/6/1 1023/6/1 1022/6/1
f 1043/6/1 1022/6/1 1021/6/1
f 1043/6/1 1021/6/1 1020/6/1
f 1043/6/1 1020/6/1 1019/6/1
f 1043/6/1 1019/6/1 1018/6/1
f 1043/6/1 1018/6/1 1017/6/1
f 1043/6/1 1017/6/1 1016/6/1
f 1043/6/1 1016/6/1 1015/6/1
f 1043/6/1 1015/6/1 1014/6/1
f 1043/6/1 1014/6/1 1013/6/1
f 1043/6/1 1013/6/1 1012/6/1
f 1043/6/1 1012/6/1 1011/6/1
f 1043/6/1 1011/6/1 1010/6/1
f 1043/6/1 1010/6/1 1009/6/1
f 1044/6/1 991/6/1 1033/6/1
f 1044/6/1 1033/6/1 1043/6/1
f 1044/7/1 992/7/1 991/7/1
f 1045/6/1 1034/6/1 992/6/1
f 1045/7/1 992/7/1 1044/7/1
f 1046/7/1 1035/7/1 1034/7/1
f 1046/6/1 1034/6/1 1045/6/1
f 1047/6/1 1036/6/1 1035/6/1
f 1047/7/1 1035/7/1 1046/7/1
f 1048/6/1 1036/6/1 1047/6/1
f 1053/6/1 1038/6/1 1037/6/1
f 1054/7/1 1039/7/1 1038/7/1
f 1054/6/1 1038/6/1 1053/6/1
f 1055/6/1 1041/6/1 1040/6/1
f 1055/7/1 1039/7/1 1054/7/1
f 1055/6/1 1042/6/1 1041/6/1
f 1055/6/1 1046/6/1 1045/6/1
f 1055/6/1 1045/6/1 1044/6/1
f 1055/6/1 1044/6/1 1043/6/1
f 1055/6/1 1048/6/1 1047/6/1
f 1055/6/1 1047/6/1 1046/6/1
f 1055/6/1 1043/6/1 1042/6/1
f 1055/6/1 1040/6/1 1039/6/1
f 1056/7/1 1049/7/1 1048/7/1
f 1056/6/1 1048/6/1 1055/6/1
f 1057/6/1 1050/6/1 1049/6/1
f 1057/7/1 1049/7/1 1056/7/1
f 1058/7/1 1051/7/1 1050/7/1
f 1058/6/1 1050/6/1 1057/6/1
f 1059/7/1 1051/7/1 1058/7/1
f 1061/7/1 1053/7/1 1052/7/1
f 1062/6/1 1054/6/1 1053/6/1
f 1062/7/1 1053/7/1 1061/7/1
f 1062/6/1 1057/6/1 1056/6/1
f 1062/6/1 1059/6/1 1058/6/1
f 1062/6/1 1058/6/1 1057/6/1
f 1062/6/1 1056/6/1 1055/6/1
f 1062/6/1 1060/6/1 1059/6/1
f 1062/6/1 1055/6/1 1054/6/1
f 1063/6/1 1060/6/1 1062/6/1
f 1064/6/1 1060/6/1 1063/6/1
f 1066/6/1 1064/6/1 1063/6/1
f 1067/6/1 1064/6/1 1066/6/1
f 1068/7/1 1065/7/1 1064/7/1
f 1068/6/1 1064/6/1 1067/6/1
f 1069/7/1 1065/7/1 1068/7/1
f 1070/6/1 1068/6/1 1067/6/1
f 1070/6/1 1069/6/1 1068/6/1
f 1071/6/1 1069/6/1 1070/6/1
f 1073/7/1 1072/7/1 1071/7/1
f 1074/7/1 1072/7/1 1073/7/1
f 1077/6/1 1075/6/1 1074/6/1
f 1078/6/1 1075/6/1 1077/6/1
f 1081/6/1 1077/6/1 1076/6/1
f 1082/7/1 1078/7/1 1077/7/1
f 1082/6/1 1077/6/1 1081/6/1
f 1083/6/1 1079/6/1 1078/6/1
f 1083/7/1 1078/7/1 1082/7/1
f 1085/6/1 1082/6/1 1081/6/1
f 1085/6/1 1081/6/1 1080/6/1
f 1085/6/1 1083/6/1 1082/6/1
f 1086/6/1 1083/6/1 1085/6/1
f 1088/6/1 1085/6/1 1084/6/1
f 1089/7/1 1086/7/1 1085/7/1
f 1089/6/1 1085/6/1 1088/6/1
f 1090/6/1 1083/6/1 1086/6/1
f 1090/7/1 1086/7/1 1089/7/1
f 1091/6/1 1079/6/1 1083/6/1
f 1091/6/1 1083/6/1 1090/6/1
f 1092/6/1 1079/6/1 1091/6/1
f 1094/6/1 1090/6/1 1089/6/1
f 1094/6/1 1089/6/1 1088/6/1
f 1094/6/1 1091/6/1 1090/6/1
f 1094/6/1 1088/6/1 1087/6/1
f 1095/6/1 1091/6/1 1094/6/1
f 1096/6/1 1091/6/1 1095/6/1
f 1097/6/1 1094/6/1 1093/6/1
f 1097/6/1 1095/6/1 1094/6/1
f 1098/6/1 1095/6/1 1097/6/1
f 1102/6/1 1100/6/1 1099/6/1
f 1103/1/1 1101/1/1 1100/1/1
f 1103/6/1 1100/6/1 1102/6/1
f 1104/1/1 1101/1/1 1103/1/1
f 1105/1/1 1103/1/1 1102/1/1
f 1106/6/1 1104/6/1 1103/6/1
f 1106/1/1 1103/1/1 1105/1/1
f 1107/6/1 1104/6/1 1106/6/1
f 1108/6/1 1106/6/1 1105/6/1
f 1109/1/1 1107/1/1 1106/1/1
f 1109/6/1 1106/6/1 1108/6/1
f 1110/1/1 1107/1/1 1109/1/1
f 1111/2/1 1109/2/1 1108/2/1
f 1111/2/1 1110/2/1 1109/2/1
f 1112/2/1 1110/2/1 1111/2/1
f 1116/7/1 1114/7/1 1113/7/1
f 1117/6/1 1115/6/1 1114/6/1
f 1117/7/1 1114/7/1 1116/7/1
f 1118/6/1 1115/6/1 1117/6/1
f 1121/6/1 1120/6/1 1119/6/1
f 1122/6/1 1120/6/1 1121/6/1
f 1126/7/1 1125/7/1 1124/7/1
f 1129/6/1 1128/6/1 1127/6/1
f 1138/6/1 1124/6/1 1123/6/1
f 1139/7/1 1126/7/1 1124/7/1
f 1139/6/1 1124/6/1 1138/6/1
f 1139/7/1 1127/7/1 1126/7/1
f 1140/6/1 1129/6/1 1127/6/1
f 1140/7/1 1127/7/1 1139/7/1
f 1141/7/1 1130/7/1 1129/7/1
f 1141/6/1 1129/6/1 1140/6/1
f 1142/6/1 1131/6/1 1130/6/1
f 1142/7/1 1130/7/1 1141/7/1
f 1143/6/1 1131/6/1 1142/6/1
f 1144/6/1 1133/6/1 1132/6/1
f 1145/7/1 1134/7/1 1133/7/1
f 1145/6/1 1133/6/1 1144/6/1
f 1146/6/1 1135/6/1 1134/6/1
f 1146/7/1 1134/7/1 1145/7/1
f 1147/7/1 1136/7/1 1135/7/1
f 1147/6/1 1135/6/1 1146/6/1
f 1148/6/1 1137/6/1 1136/6/1
f 1148/7/1 1136/7/1 1147/7/1
f 1149/6/1 1137/6/1 1148/6/1
f 1152/6/1 1151/6/1 1150/6/1
f 1153/6/1 1151/6/1 1152/6/1
f 1154/6/1 1151/6/1 1153/6/1
f 1165/6/1 1156/6/1 1155/6/1
f 1166/7/1 1157/7/1 1156/7/1
f 1166/6/1 1156/6/1 1165/6/1
f 1167/6/1 1158/6/1 1157/6/1
f 1167/7/1 1157/7/1 1166/7/1
f 1168/7/1 1159/7/1 1158/7/1
f 1168/6/1 1158/6/1 1167/6/1
f 1169/6/1 1160/6/1 1159/6/1
f 1169/7/1 1159/7/1 1168/7/1
f 1170/7/1 1161/7/1 1160/7/1
f 1170/6/1 1160/6/1 1169/6/1
f 1171/6/1 1162/6/1 1161/6/1
f 1171/7/1 1161/7/1 1170/7/1
f 1172/7/1 1163/7/1 1162/7/1
f 1172/6/1 1162/6/1 1171/6/1
f 1173/6/1 1164/6/1 1163/6/1
f 1173/7/1 1163/7/1 1172/7/1
f 1174/6/1 1164/6/1 1173/6/1
f 1179/4/1 1176/4/1 1175/4/1
f 1180/4/1 1176/4/1 1179/4/1
f 1181/4/1 1178/4/1 1177/4/1
f 1182/4/1 1178/4/1 1181/4/1
f 1189/6/1 1185/6/1 1184/6/1
f 1190/6/1 1185/6/1 1189/6/1
f 1191/6/1 1187/6/1 1186/6/1
f 1192/6/1 1187/6/1 1191/6/1
f 1193/2/1 1184/2/1 1183/2/1
f 1194/6/1 1189/6/1 1184/6/1
f 1194/2/1 1184/2/1 1193/2/1
f 1195/1/1 1190/1/1 1189/1/1
f 1195/6/1 1189/6/1 1194/6/1
f 1196/6/1 1185/6/1 1190/6/1
f 1196/1/1 1190/1/1 1195/1/1
f 1197/6/1 1185/6/1 1196/6/1
f 1198/6/1 1191/6/1 1186/6/1
f 1199/1/1 1192/1/1 1191/1/1
f 1199/6/1 1191/6/1 1198/6/1
f 1200/6/1 1187/6/1 1192/6/1
f 1200/1/1 1192/1/1 1199/1/1
f 1201/2/1 1188/2/1 1187/2/1
f 1201/6/1 1187/6/1 1200/6/1
f 1202/2/1 1188/2/1 1201/2/1
f 1209/6/1 1205/6/1 1204/6/1
f 1210/6/1 1205/6/1 1209/6/1
f 1211/6/1 1205/6/1 1210/6/1
f 1212/6/1 1205/6/1 1211/6/1
f 1213/6/1 1207/6/1 1206/6/1
f 1214/6/1 1207/6/1 1213/6/1
f 1215/6/1 1207/6/1 1214/6/1
f 1216/6/1 1207/6/1 1215/6/1
f 1217/2/1 1204/2/1 1203/2/1
f 1218/6/1 1209/6/1 1204/6/1
f 1218/2/1 1204/2/1 1217/2/1
f 1219/1/1 1210/1/1 1209/1/1
f 1219/6/1 1209/6/1 1218/6/1
f 1220/6/1 1211/6/1 1210/6/1
f 1220/1/1 1210/1/1 1219/1/1
f 1221/1/1 1212/1/1 1211/1/1
f 1221/6/1 1211/6/1 1220/6/1
f 1222/1/1 1212/1/1 1221/1/1
f 1223/1/1 1214/1/1 1213/1/1
f 1224/6/1 1215/6/1 1214/6/1
f 1224/1/1 1214/1/1 1223/1/1
f 1225/1/1 1216/1/1 1215/1/1
f 1225/6/1 1215/6/1 1224/6/1
f 1226/6/1 1207/6/1 1216/6/1
f 1226/1/1 1216/1/1 1225/1/1
f 1227/2/1 1208/2/1 1207/2/1
f 1227/6/1 1207/6/1 1226/6/1
f 1228/2/1 1208/2/1 1227/2/1
f 1233/4/1 1230/4/1 1229/4/1
f 1234/4/1 1230/4/1 1233/4/1
f 1235/4/1 1232/4/1 1231/4/1
f 1236/4/1 1232/4/1 1235/4/1
f 1251/4/1 1238/4/1 1237/4/1
f 1252/4/1 1238/4/1 1251/4/1
f 1253/4/1 1240/4/1 1239/4/1
f 1254/4/1 1240/4/1 1253/4/1
f 1255/4/1 1242/4/1 1241/4/1
f 1256/4/1 1242/4/1 1255/4/1
f 1257/4/1 1244/4/1 1243/4/1
f 1258/4/1 1244/4/1 1257/4/1
f 1259/4/1 1246/4/1 1245/4/1
f 1260/4/1 1246/4/1 1259/4/1
f 1261/4/1 1248/4/1 1247/4/1
f 1262/4/1 1248/4/1 1261/4/1
f 1263/4/1 1250/4/1 1249/4/1
f 1264/4/1 1250/4/1 1263/4/1
f 1265/4/1 1262/4/1 1261/4/1
f 1265/4/1 1263/4/1 1262/4/1
f 1265/4/1 1254/4/1 1253/4/1
f 1265/4/1 1261/4/1 1260/4/1
f 1265/4/1 1256/4/1 1255/4/1
f 1265/4/1 1259/4/1 1258/4/1
f 1265/4/1 1258/4/1 1257/4/1
f 1265/4/1 1257/4/1 1256/4/1
f 1265/4/1 1260/4/1 1259/4/1
f 1265/4/1 1255/4/1 1254/4/1
f 1265/4/1 1253/4/1 1252/4/1
f 1266/4/1 1263/4/1 1265/4/1
f 1267/4/2 1268/4/2 1281/4/2
f 1281/4/2 1268/4/2 1282/4/2
f 1269/4/2 1270/4/2 1283/4/2
f 1283/4/2 1270/4/2 1284/4/2
f 1271/4/2 1272/4/2 1285/4/2
f 1285/4/2 1272/4/2 1286/4/2
f 1273/4/2 1274/4/2 1287/4/2
f 1287/4/2 1274/4/2 1288/4/2
f 1275/4/2 1276/4/2 1289/4/2
f 1289/4/2 1276/4/2 1290/4/2
f 1277/4/2 1278/4/2 1291/4/2
f 1291/4/2 1278/4/2 1292/4/2
f 1279/4/2 1280/4/2 1293/4/2
f 1293/4/2 1280/4/2 1294/4/2
f 1291/4/2 1292/4/2 1295/4/2
f 1292/4/2 1293/4/2 1295/4/2
f 1283/4/2 1284/4/2 1295/4/2
f 1290/4/2 1291/4/2 1295/4/2
f 1285/4/2 1286/4/2 1295/4/2
f 1288/4/2 1289/4/2 1295/4/2
f 1287/4/2 1288/4/2 1295/4/2
f 1286/4/2 1287/4/2 1295/4/2
f 1289/4/2 1290/4/2 1295/4/2
f 1284/4/2 1285/4/2 1295/4/2
f 1282/4/2 1283/4/2 1295/4/2
f 1295/4/2 1293/4/2 1296/4/2
f 1298/6/2 1299/6/2 1303/6/2
f 1303/6/2 1299/6/2 1304/6/2
f 1300/6/2 1301/6/2 1305/6/2
f 1305/6/2 1301/6/2 1306/6/2
f 1297/2/2 1298/2/2 1307/2/2
f 1298/6/2 1303/6/2 1308/6/2
f 1307/2/2 1298/2/2 1308/2/2
f 1303/1/2 1304/1/2 1309/1/2
f 1308/6/2 1303/6/2 1309/6/2
f 1304/6/2 1299/6/2 1310/6/2
f 1309/1/2 1304/1/2 1310/1/2
f 1310/6/2 1299/6/2 1311/6/2
f 1300/6/2 1305/6/2 1312/6/2
f 1305/1/2 1306/1/2 1313/1/2
f 1312/6/2 1305/6/2 1313/6/2
f 1306/6/2 1301/6/2 1314/6/2
f 1313/1/2 1306/1/2 1314/1/2
f 1301/2/2 1302/2/2 1315/2/2
f 1314/6/2 1301/6/2 1315/6/2
f 1315/2/2 1302/2/2 1316/2/2
f 1318/6/2 1319/6/2 1323/6/2
f 1323/6/2 1319/6/2 1324/6/2
f 1324/6/2 1319/6/2 1325/6/2
f 1325/6/2 1319/6/2 1326/6/2
f 1320/6/2 1321/6/2 1327/6/2
f 1327/6/2 1321/6/2 1328/6/2
f 1328/6/2 1321/6/2 1329/6/2
f 1329/6/2 1321/6/2 1330/6/2
f 1317/2/2 1318/2/2 1331/2/2
f 1318/6/2 1323/6/2 1332/6/2
f 1331/2/2 1318/2/2 1332/2/2
f 1323/1/2 1324/1/2 1333/1/2
f 1332/6/2 1323/6/2 1333/6/2
f 1324/6/2 1325/6/2 1334/6/2
f 1333/1/2 1324/1/2 1334/1/2
f 1325/1/2 1326/1/2 1335/1/2
f 1334/6/2 1325/6/2 1335/6/2
f 1335/1/2 1326/1/2 1336/1/2
f 1327/1/2 1328/1/2 1337/1/2
f 1328/6/2 1329/6/2 1338/6/2
f 1337/1/2 1328/1/2 1338/1/2
f 1329/1/2 1330/1/2 1339/1/2
f 1338/6/2 1329/6/2 1339/6/2
f 1330/6/2 1321/6/2 1340/6/2
f 1339/1/2 1330/1/2 1340/1/2
f 1321/2/2 1322/2/2 1341/2/2
f 1340/6/2 1321/6/2 1341/6/2
f 1341/2/2 1322/2/2 1342/2/2
f 1343/4/2 1344/4/2 1347/4/2
f 1347/4/2 1344/4/2 1348/4/2
f 1345/4/2 1346/4/2 1349/4/2
f 1349/4/2 1346/4/2 1350/4/2
f 1351/4/2 1352/4/2 1355/4/2
f 1355/4/2 1352/4/2 1356/4/2
f 1353/4/2 1354/4/2 1357/4/2
f 1357/4/2 1354/4/2 1358/4/2
f 1359/6/2 1360/6/2 1361/6/2
f 1361/6/2 1360/6/2 1362/6/2
f 1362/6/2 1360/6/2 1363/6/2
f 1364/6/2 1365/6/2 1374/6/2
f 1365/7/2 1366/7/2 1375/7/2
f 1374/6/2 1365/6/2 1375/6/2
f 1366/6/2 1367/6/2 1376/6/2
f 1375/7/2 1366/7/2 1376/7/2
f 1367/7/2 1368/7/2 1377/7/2
f 1376/6/2 1367/6/2 1377/6/2
f 1368/6/2 1369/6/2 1378/6/2
f 1377/7/2 1368/7/2 1378/7/2
f 1369/7/2 1370/7/2 1379/7/2
f 1378/6/2 1369/6/2 1379/6/2
f 1370/6/2 1371/6/2 1380/6/2
f 1379/7/2 1370/7/2 1380/7/2
f 1371/7/2 1372/7/2 1381/7/2
f 1380/6/2 1371/6/2 1381/6/2
f 1372/6/2 1373/6/2 1382/6/2
f 1381/7/2 1372/7/2 1382/7/2
f 1382/6/2 1373/6/2 1383/6/2
f 1385/7/2 1386/7/2 1387/7/2
f 1388/6/2 1389/6/2 1390/6/2
f 1384/6/2 1385/6/2 1399/6/2
f 1385/7/2 1387/7/2 1400/7/2
f 1399/6/2 1385/6/2 1400/6/2
f 1387/7/2 1388/7/2 1400/7/2
f 1388/6/2 1390/6/2 1401/6/2
f 1400/7/2 1388/7/2 1401/7/2
f 1390/7/2 1391/7/2 1402/7/2
f 1401/6/2 1390/6/2 1402/6/2
f 1391/6/2 1392/6/2 1403/6/2
f 1402/7/2 1391/7/2 1403/7/2
f 1403/6/2 1392/6/2 1404/6/2
f 1393/6/2 1394/6/2 1405/6/2
f 1394/7/2 1395/7/2 1406/7/2
f 1405/6/2 1394/6/2 1406/6/2
f 1395/6/2 1396/6/2 1407/6/2
f 1406/7/2 1395/7/2 1407/7/2
f 1396/7/2 1397/7/2 1408/7/2
f 1407/6/2 1396/6/2 1408/6/2
f 1397/6/2 1398/6/2 1409/6/2
f 1408/7/2 1397/7/2 1409/7/2
f 1409/6/2 1398/6/2 1410/6/2
f 1411/6/2 1412/6/2 1413/6/2
f 1413/6/2 1412/6/2 1414/6/2
f 1415/7/2 1416/7/2 1458/7/2
f 1416/6/2 1417/6/2 1459/6/2
f 1458/7/2 1416/7/2 1459/7/2
f 1417/7/2 1418/7/2 1460/7/2
f 1459/6/2 1417/6/2 1460/6/2
f 1418/6/2 1419/6/2 1461/6/2
f 1460/7/2 1418/7/2 1461/7/2
f 1419/7/2 1420/7/2 1462/7/2
f 1461/6/2 1419/6/2 1462/6/2
f 1420/6/2 1421/6/2 1463/6/2
f 1462/7/2 1420/7/2 1463/7/2
f 1421/7/2 1422/7/2 1464/7/2
f 1463/6/2 1421/6/2 1464/6/2
f 1422/6/2 1423/6/2 1465/6/2
f 1464/7/2 1422/7/2 1465/7/2
f 1423/7/2 1424/7/2 1466/7/2
f 1465/6/2 1423/6/2 1466/6/2
f 1424/6/2 1425/6/2 1467/6/2
f 1466/7/2 1424/7/2 1467/7/2
f 1425/7/2 1426/7/2 1468/7/2
f 1467/6/2 1425/6/2 1468/6/2
f 1426/6/2 1427/6/2 1469/6/2
f 1468/7/2 1426/7/2 1469/7/2
f 1427/7/2 1428/7/2 1470/7/2
f 1469/6/2 1427/6/2 1470/6/2
f 1428/6/2 1429/6/2 1471/6/2
f 1470/7/2 1428/7/2 1471/7/2
f 1429/7/2 1430/7/2 1472/7/2
f 1471/6/2 1429/6/2 1472/6/2
f 1430/6/2 1431/6/2 1473/6/2
f 1472/7/2 1430/7/2 1473/7/2
f 1431/7/2 1432/7/2 1474/7/2
f 1473/6/2 1431/6/2 1474/6/2
f 1432/6/2 1433/6/2 1475/6/2
f 1474/7/2 1432/7/2 1475/7/2
f 1433/7/2 1434/7/2 1476/7/2
f 1475/6/2 1433/6/2 1476/6/2
f 1434/6/2 1435/6/2 1477/6/2
f 1476/7/2 1434/7/2 1477/7/2
f 1435/7/2 1436/7/2 1478/7/2
f 1477/6/2 1435/6/2 1478/6/2
f 1436/6/2 1437/6/2 1479/6/2
f 1478/7/2 1436/7/2 1479/7/2
f 1437/7/2 1438/7/2 1480/7/2
f 1479/6/2 1437/6/2 1480/6/2
f 1438/6/2 1439/6/2 1481/6/2
f 1480/7/2 1438/7/2 1481/7/2
f 1439/7/2 1440/7/2 1482/7/2
f 1481/6/2 1439/6/2 1482/6/2
f 1440/6/2 1441/6/2 1483/6/2
f 1482/7/2 1440/7/2 1483/7/2
f 1441/7/2 1442/7/2 1484/7/2
f 1483/6/2 1441/6/2 1484/6/2
f 1442/6/2 1443/6/2 1485/6/2
f 1484/7/2 1442/7/2 1485/7/2
f 1443/7/2 1444/7/2 1486/7/2
f 1485/6/2 1443/6/2 1486/6/2
f 1444/6/2 1445/6/2 1487/6/2
f 1486/7/2 1444/7/2 1487/7/2
f 1445/7/2 1446/7/2 1488/7/2
f 1487/6/2 1445/6/2 1488/6/2
f 1446/6/2 1447/6/2 1489/6/2
f 1488/7/2 1446/7/2 1489/7/2
f 1447/7/2 1448/7/2 1490/7/2
f 1489/6/2 1447/6/2 1490/6/2
f 1448/6/2 1449/6/2 1491/6/2
f 1490/7/2 1448/7/2 1491/7/2
f 1449/7/2 1450/7/2 1492/7/2
f 1491/6/2 1449/6/2 1492/6/2
f 1450/6/2 1451/6/2 1493/6/2
f 1492/7/2 1450/7/2 1493/7/2
f 1452/6/2 1453/6/2 1494/6/2
f 1454/7/2 1455/7/2 1500/7/2
f 1455/6/2 1456/6/2 1501/6/2
f 1500/7/2 1455/7/2 1501/7/2
f 1456/7/2 1457/7/2 1502/7/2
f 1501/6/2 1456/6/2 1502/6/2
f 1457/6/2 1458/6/2 1503/6/2
f 1502/7/2 1457/7/2 1503/7/2
f 1458/6/2 1459/6/2 1503/6/2
f 1459/6/2 1460/6/2 1503/6/2
f 1460/6/2 1461/6/2 1503/6/2
f 1461/6/2 1462/6/2 1503/6/2
f 1462/6/2 1463/6/2 1503/6/2
f 1463/6/2 1464/6/2 1503/6/2
f 1492/6/2 1493/6/2 1503/6/2
f 1464/6/2 1465/6/2 1503/6/2
f 1465/6/2 1466/6/2 1503/6/2
f 1466/6/2 1467/6/2 1503/6/2
f 1467/6/2 1468/6/2 1503/6/2
f 1468/6/2 1469/6/2 1503/6/2
f 1491/6/2 1492/6/2 1503/6/2
f 1490/6/2 1491/6/2 1503/6/2
f 1489/6/2 1490/6/2 1503/6/2
f 1488/6/2 1489/6/2 1503/6/2
f 1487/6/2 1488/6/2 1503/6/2
f 1486/6/2 1487/6/2 1503/6/2
f 1485/6/2 1486/6/2 1503/6/2
f 1484/6/2 1485/6/2 1503/6/2
f 1483/6/2 1484/6/2 1503/6/2
f 1482/6/2 1483/6/2 1503/6/2
f 1481/6/2 1482/6/2 1503/6/2
f 1480/6/2 1481/6/2 1503/6/2
f 1479/6/2 1480/6/2 1503/6/2
f 1478/6/2 1479/6/2 1503/6/2
f 1477/6/2 1478/6/2 1503/6/2
f 1476/6/2 1477/6/2 1503/6/2
f 1475/6/2 1476/6/2 1503/6/2
f 1474/6/2 1475/6/2 1503/6/2
f 1473/6/2 1474/6/2 1503/6/2
f 1472/6/2 1473/6/2 1503/6/2
f 1471/6/2 1472/6/2 1503/6/2
f 1470/6/2 1471/6/2 1503/6/2
f 1469/6/2 1470/6/2 1503/6/2
f 1493/6/2 1451/6/2 1504/6/2
f 1503/6/2 1493/6/2 1504/6/2
f 1451/7/2 1452/7/2 1504/7/2
f 1452/6/2 1494/6/2 1505/6/2
f 1504/7/2 1452/7/2 1505/7/2
f 1494/7/2 1495/7/2 1506/7/2
f 1505/6/2 1494/6/2 1506/6/2
f 1495/6/2 1496/6/2 1507/6/2
f 1506/7/2 1495/7/2 1507/7/2
f 1507/6/2 1496/6/2 1508/6/2
f 1497/6/2 1498/6/2 1513/6/2
f 1498/7/2 1499/7/2 1514/7/2
f 1513/6/2 1498/6/2 1514/6/2
f 1500/6/2 1501/6/2 1515/6/2
f 1514/7/2 1499/7/2 1515/7/2
f 1501/6/2 1502/6/2 1515/6/2
f 1505/6/2 1506/6/2 1515/6/2
f 1504/6/2 1505/6/2 1515/6/2
f 1503/6/2 1504/6/2 1515/6/2
f 1507/6/2 1508/6/2 1515/6/2
f 1506/6/2 1507/6/2 1515/6/2
f 1502/6/2 1503/6/2 1515/6/2
f 1499/6/2 1500/6/2 1515/6/2
f 1508/7/2 1509/7/2 1516/7/2
f 1515/6/2 1508/6/2 1516/6/2
f 1509/6/2 1510/6/2 1517/6/2
f 1516/7/2 1509/7/2 1517/7/2
f 1510/7/2 1511/7/2 1518/7/2
f 1517/6/2 1510/6/2 1518/6/2
f 1518/7/2 1511/7/2 1519/7/2
f 1512/7/2 1513/7/2 1521/7/2
f 1513/6/2 1514/6/2 1522/6/2
f 1521/7/2 1513/7/2 1522/7/2
f 1516/6/2 1517/6/2 1522/6/2
f 1518/6/2 1519/6/2 1522/6/2
f 1517/6/2 1518/6/2 1522/6/2
f 1515/6/2 1516/6/2 1522/6/2
f 1519/6/2 1520/6/2 1522/6/2
f 1514/6/2 1515/6/2 1522/6/2
f 1522/6/2 1520/6/2 1523/6/2
f 1523/6/2 1520/6/2 1524/6/2
f 1523/6/2 1524/6/2 1526/6/2
f 1526/6/2 1524/6/2 1527/6/2
f 1524/7/2 1525/7/2 1528/7/2
f 1527/6/2 1524/6/2 1528/6/2
f 1528/7/2 1525/7/2 1529/7/2
f 1527/6/2 1528/6/2 1530/6/2
f 1528/6/2 1529/6/2 1530/6/2
f 1530/6/2 1529/6/2 1531/6/2
f 1531/7/2 1532/7/2 1533/7/2
f 1533/7/2 1532/7/2 1534/7/2
f 1534/6/2 1535/6/2 1537/6/2
f 1537/6/2 1535/6/2 1538/6/2
f 1536/6/2 1537/6/2 1541/6/2
f 1537/7/2 1538/7/2 1542/7/2
f 1541/6/2 1537/6/2 1542/6/2
f 1538/6/2 1539/6/2 1543/6/2
f 1542/7/2 1538/7/2 1543/7/2
f 1541/6/2 1542/6/2 1545/6/2
f 1540/6/2 1541/6/2 1545/6/2
f 1542/6/2 1543/6/2 1545/6/2
f 1545/6/2 1543/6/2 1546/6/2
f 1544/6/2 1545/6/2 1548/6/2
f 1545/7/2 1546/7/2 1549/7/2
f 1548/6/2 1545/6/2 1549/6/2
f 1546/6/2 1543/6/2 1550/6/2
f 1549/7/2 1546/7/2 1550/7/2
f 1543/6/2 1539/6/2 1551/6/2
f 1550/6/2 1543/6/2 1551/6/2
f 1551/6/2 1539/6/2 1552/6/2
f 1549/6/2 1550/6/2 1554/6/2
f 1548/6/2 1549/6/2 1554/6/2
f 1550/6/2 1551/6/2 1554/6/2
f 1547/6/2 1548/6/2 1554/6/2
f 1554/6/2 1551/6/2 1555/6/2
f 1555/6/2 1551/6/2 1556/6/2
f 1553/6/2 1554/6/2 1557/6/2
f 1554/6/2 1555/6/2 1557/6/2
f 1557/6/2 1555/6/2 1558/6/2
f 1559/6/2 1560/6/2 1564/6/2
f 1560/1/2 1561/1/2 1565/1/2
f 1564/6/2 1560/6/2 1565/6/2
f 1565/1/2 1561/1/2 1566/1/2
f 1562/6/2 1563/6/2 1567/6/2
f 1567/6/2 1563/6/2 1568/6/2
f 1564/1/2 1565/1/2 1569/1/2
f 1565/6/2 1566/6/2 1570/6/2
f 1569/1/2 1565/1/2 1570/1/2
f 1570/6/2 1566/6/2 1571/6/2
f 1569/6/2 1570/6/2 1572/6/2
f 1570/1/2 1571/1/2 1573/1/2
f 1572/6/2 1570/6/2 1573/6/2
f 1573/1/2 1571/1/2 1574/1/2
f 1572/2/2 1573/2/2 1575/2/2
f 1573/2/2 1574/2/2 1575/2/2
f 1575/2/2 1574/2/2 1576/2/2
f 1577/6/2 1578/6/2 1582/6/2
f 1578/2/2 1579/2/2 1583/2/2
f 1582/6/2 1578/6/2 1583/6/2
f 1583/2/2 1579/2/2 1584/2/2
f 1580/6/2 1581/6/2 1585/6/2
f 1585/6/2 1581/6/2 1586/6/2
f 1587/7/2 1588/7/2 1589/7/2
f 1589/7/2 1588/7/2 1590/7/2
f 1591/7/2 1592/7/2 1593/7/2
f 1593/7/2 1592/7/2 1594/7/2
f 1595/7/2 1596/7/2 1597/7/2
f 1597/7/2 1596/7/2 1598/7/2
f 1599/7/2 1600/7/2 1601/7/2
f 1601/7/2 1600/7/2 1602/7/2
f 1603/7/2 1604/7/2 1609/7/2
f 1609/7/2 1604/7/2 1610/7/2
f 1605/7/2 1606/7/2 1611/7/2
f 1611/7/2 1606/7/2 1612/7/2
f 1607/7/2 1608/7/2 1613/7/2
f 1613/7/2 1608/7/2 1614/7/2
f 1615/7/2 1616/7/2 1621/7/2
f 1621/7/2 1616/7/2 1622/7/2
f 1617/7/2 1618/7/2 1623/7/2
f 1623/7/2 1618/7/2 1624/7/2
f 1619/7/2 1620/7/2 1625/7/2
f 1625/7/2 1620/7/2 1626/7/2
f 1627/7/2 1628/7/2 1637/7/2
f 1637/7/2 1628/7/2 1638/7/2
f 1629/7/2 1630/7/2 1639/7/2
f 1639/7/2 1630/7/2 1640/7/2
f 1631/7/2 1632/7/2 1641/7/2
f 1641/7/2 1632/7/2 1642/7/2
f 1633/7/2 1634/7/2 1643/7/2
f 1643/7/2 1634/7/2 1644/7/2
f 1635/7/2 1636/7/2 1645/7/2
f 1645/7/2 1636/7/2 1646/7/2
f 1647/6/2 1648/6/2 1650/6/2
f 1650/6/2 1648/6/2 1651/6/2
f 1647/6/2 1650/6/2 1652/6/2
f 1650/2/2 1651/2/2 1652/2/2
f 1651/6/2 1648/6/2 1653/6/2
f 1652/2/2 1651/2/2 1653/2/2
f 1648/2/2 1649/2/2 1654/2/2
f 1653/6/2 1648/6/2 1654/6/2
f 1652/6/2 1653/6/2 1655/6/2
f 1647/6/2 1652/6/2 1655/6/2
f 1653/2/2 1654/2/2 1656/2/2
f 1655/6/2 1653/6/2 1656/6/2
f 1654/2/2 1649/2/2 1657/2/2
f 1656/2/2 1654/2/2 1657/2/2
f 1658/6/2 1659/6/2 1660/6/2
f 1660/6/2 1659/6/2 1661/6/2
f 1662/7/2 1663/7/2 1664/7/2
f 1664/7/2 1663/7/2 1665/7/2
f 1666/7/2 1667/7/2 1668/7/2
f 1668/7/2 1667/7/2 1669/7/2
f 1670/6/2 1671/6/2 1673/6/2
f 1672/6/2 1673/6/2 1675/6/2
f 1674/6/2 1675/6/2 1677/6/2
f 1676/6/2 1677/6/2 1679/6/2
f 1673/6/2 1671/6/2 1680/6/2
f 1675/6/2 1673/6/2 1680/6/2
f 1679/6/2 1677/6/2 1680/6/2
f 1677/6/2 1675/6/2 1680/6/2
f 1678/6/2 1679/6/2 1682/6/2
f 1680/6/2 1681/6/2 1682/6/2
f 1679/6/2 1680/6/2 1682/6/2
f 1682/6/2 1681/6/2 1683/6/2
f 1684/7/2 1685/7/2 1688/7/2
f 1688/7/2 1685/7/2 1689/7/2
f 1686/7/2 1687/7/2 1690/7/2
f 1690/7/2 1687/7/2 1691/7/2
f 1692/7/2 1693/7/2 1696/7/2
f 1696/7/2 1693/7/2 1697/7/2
f 1694/7/2 1695/7/2 1698/7/2
f 1698/7/2 1695/7/2 1699/7/2
f 1700/7/2 1701/7/2 1708/7/2
f 1708/7/2 1701/7/2 1709/7/2
f 1702/7/2 1703/7/2 1710/7/2
f 1710/7/2 1703/7/2 1711/7/2
f 1704/7/2 1705/7/2 1712/7/2
f 1712/7/2 1705/7/2 1713/7/2
f 1706/7/2 1707/7/2 1714/7/2
f 1714/7/2 1707/7/2 1715/7/2
f 1716/7/2 1717/7/2 1719/7/2
f 1717/6/2 1718/6/2 1720/6/2
f 1719/7/2 1717/7/2 1720/7/2
f 1720/6/2 1718/6/2 1721/6/2
f 1722/7/2 1723/7/2 1724/7/2
f 1724/7/2 1723/7/2 1725/7/2
f 1726/7/2 1727/7/2 1728/7/2
f 1728/7/2 1727/7/2 1729/7/2
f 1730/7/2 1731/7/2 1734/7/2
f 1734/7/2 1731/7/2 1735/7/2
f 1732/7/2 1733/7/2 1736/7/2
f 1736/7/2 1733/7/2 1737/7/2
f 1738/7/2 1739/7/2 1742/7/2
f 1742/7/2 1739/7/2 1743/7/2
f 1740/7/2 1741/7/2 1744/7/2
f 1744/7/2 1741/7/2 1745/7/2
f 1746/7/2 1747/7/2 1754/7/2
f 1754/7/2 1747/7/2 1755/7/2
f 1748/7/2 1749/7/2 1756/7/2
f 1756/7/2 1749/7/2 1757/7/2
f 1750/7/2 1751/7/2 1758/7/2
f 1758/7/2 1751/7/2 1759/7/2
f 1752/7/2 1753/7/2 1760/7/2
f 1760/7/2 1753/7/2 1761/7/2
f 1762/7/2 1763/7/2 1764/7/2
f 1764/7/2 1763/7/2 1765/7/2
f 1766/7/2 1767/7/2 1768/7/2
f 1768/7/2 1767/7/2 1769/7/2
f 1770/6/2 1771/6/2 1773/6/2
f 1773/6/2 1771/6/2 1774/6/2
f 1772/7/2 1773/7/2 1775/7/2
f 1775/7/2 1773/7/2 1776/7/2
f 1777/7/2 1778/7/2 1779/7/2
f 1779/7/2 1778/7/2 1780/7/2
f 1781/7/2 1782/7/2 1783/7/2
f 1783/7/2 1782/7/2 1784/7/2
f 1784/6/2 1785/6/2 1787/6/2
f 1786/7/2 1787/7/2 1788/7/2
f 1787/6/2 1785/6/2 1789/6/2
f 1788/7/2 1787/7/2 1789/7/2
f 1789/6/2 1785/6/2 1790/6/2
f 1789/6/2 1790/6/2 1792/6/2
f 1790/6/2 1791/6/2 1792/6/2
f 1792/6/2 1791/6/2 1793/6/2
f 1793/6/2 1791/6/2 1794/6/2
f 1794/6/2 1791/6/2 1795/6/2
f 1795/6/2 1791/6/2 1796/6/2
f 1793/7/2 1794/7/2 1802/7/2
f 1802/7/2 1794/7/2 1803/7/2
f 1795/7/2 1796/7/2 1804/7/2
f 1804/7/2 1796/7/2 1805/7/2
f 1797/7/2 1798/7/2 1806/7/2
f 1798/6/2 1799/6/2 1807/6/2
f 1806/7/2 1798/7/2 1807/7/2
f 1807/6/2 1799/6/2 1808/6/2
f 1808/6/2 1799/6/2 1809/6/2
f 1800/6/2 1801/6/2 1813/6/2
f 1813/6/2 1801/6/2 1814/6/2
f 1808/7/2 1809/7/2 1816/7/2
f 1816/7/2 1809/7/2 1817/7/2
f 1810/7/2 1811/7/2 1818/7/2
f 1818/7/2 1811/7/2 1819/7/2
f 1814/6/2 1815/6/2 1822/6/2
f 1813/6/2 1814/6/2 1822/6/2
f 1812/6/2 1813/6/2 1822/6/2
f 1822/6/2 1815/6/2 1823/6/2
f 1823/6/2 1815/6/2 1824/6/2
f 1824/6/2 1815/6/2 1825/6/2
f 1825/6/2 1815/6/2 1826/6/2
f 1826/6/2 1815/6/2 1827/6/2
f 1827/6/2 1815/6/2 1828/6/2
f 1820/7/2 1821/7/2 1830/7/2
f 1830/7/2 1821/7/2 1831/7/2
f 1822/7/2 1823/7/2 1832/7/2
f 1832/7/2 1823/7/2 1833/7/2
f 1824/7/2 1825/7/2 1834/7/2
f 1834/7/2 1825/7/2 1835/7/2
f 1826/7/2 1827/7/2 1836/7/2
f 1836/7/2 1827/7/2 1837/7/2
f 1828/7/2 1829/7/2 1838/7/2
f 1838/7/2 1829/7/2 1839/7/2
f 1840/6/2 1841/6/2 1842/6/2
f 1842/6/2 1841/6/2 1843/6/2
f 1844/6/2 1845/6/2 1846/6/2
f 1846/6/2 1845/6/2 1847/6/2
f 1847/6/2 1845/6/2 1848/6/2
f 1848/6/2 1845/6/2 1849/6/2
f 1846/1/2 1847/1/2 1850/1/2
f 1847/6/2 1848/6/2 1851/6/2
f 1850/1/2 1847/1/2 1851/1/2
f 1850/6/2 1851/6/2 1861/6/2
f 1851/6/2 1848/6/2 1862/6/2
f 1861/6/2 1851/6/2 1862/6/2
f 1852/6/2 1853/6/2 1863/6/2
f 1853/6/2 1854/6/2 1863/6/2
f 1854/6/2 1855/6/2 1863/6/2
f 1857/6/2 1858/6/2 1863/6/2
f 1856/6/2 1857/6/2 1863/6/2
f 1855/6/2 1856/6/2 1863/6/2
f 1863/6/2 1858/6/2 1864/6/2
f 1864/6/2 1858/6/2 1865/6/2
f 1859/6/2 1860/6/2 1872/6/2
f 1872/6/2 1860/6/2 1873/6/2
f 1861/1/2 1862/1/2 1874/1/2
f 1862/6/2 1848/6/2 1875/6/2
f 1874/1/2 1862/1/2 1875/1/2
f 1875/6/2 1848/6/2 1876/6/2
f 1869/6/2 1870/6/2 1877/6/2
f 1864/6/2 1865/6/2 1877/6/2
f 1865/6/2 1866/6/2 1877/6/2
f 1866/6/2 1867/6/2 1877/6/2
f 1868/6/2 1869/6/2 1877/6/2
f 1867/6/2 1868/6/2 1877/6/2
f 1877/6/2 1870/6/2 1878/6/2
f 1878/6/2 1870/6/2 1879/6/2
f 1871/6/2 1872/6/2 1884/6/2
f 1884/6/2 1872/6/2 1885/6/2
f 1875/2/2 1876/2/2 1886/2/2
f 1874/2/2 1875/2/2 1886/2/2
f 1886/2/2 1876/2/2 1887/2/2
f 1881/6/2 1882/6/2 1888/6/2
f 1878/6/2 1879/6/2 1888/6/2
f 1879/6/2 1880/6/2 1888/6/2
f 1880/6/2 1881/6/2 1888/6/2
f 1888/6/2 1882/6/2 1889/6/2
f 1883/6/2 1884/6/2 1890/6/2
f 1890/6/2 1884/6/2 1891/6/2
f 1892/6/2 1893/6/2 1894/6/2
f 1894/6/2 1893/6/2 1895/6/2
f 1895/6/2 1896/6/2 1902/6/2
f 1896/1/2 1897/1/2 1903/1/2
f 1902/6/2 1896/6/2 1903/6/2
f 1897/6/2 1898/6/2 1904/6/2
f 1903/1/2 1897/1/2 1904/1/2
f 1898/1/2 1899/1/2 1905/1/2
f 1904/6/2 1898/6/2 1905/6/2
f 1899/6/2 1900/6/2 1906/6/2
f 1905/1/2 1899/1/2 1906/1/2
f 1900/1/2 1901/1/2 1907/1/2
f 1906/6/2 1900/6/2 1907/6/2
f 1907/1/2 1901/1/2 1908/1/2
f 1908/6/2 1909/6/2 1917/6/2
f 1909/1/2 1910/1/2 1918/1/2
f 1917/6/2 1909/6/2 1918/6/2
f 1910/6/2 1911/6/2 1919/6/2
f 1918/1/2 1910/1/2 1919/1/2
f 1911/1/2 1912/1/2 1920/1/2
f 1919/6/2 1911/6/2 1920/6/2
f 1913/6/2 1914/6/2 1921/6/2
f 1920/1/2 1912/1/2 1921/1/2
f 1912/6/2 1913/6/2 1921/6/2
f 1921/6/2 1914/6/2 1922/6/2
f 1915/6/2 1916/6/2 1926/6/2
f 1926/6/2 1916/6/2 1927/6/2
f 1922/6/2 1923/6/2 1928/6/2
f 1923/1/2 1924/1/2 1929/1/2
f 1928/6/2 1923/6/2 1929/6/2
f 1924/6/2 1925/6/2 1930/6/2
f 1929/1/2 1924/1/2 1930/1/2
f 1930/6/2 1925/6/2 1931/6/2
f 1915/6/2 1926/6/2 1934/6/2
f 1934/6/2 1926/6/2 1935/6/2
f 1932/6/2 1933/6/2 1936/6/2
f 1933/6/2 1934/6/2 1936/6/2
f 1931/6/2 1932/6/2 1936/6/2
f 1936/6/2 1934/6/2 1937/6/2
f 1938/1/2 1939/1/2 1940/1/2
f 1940/1/2 1939/1/2 1941/1/2
f 1941/6/2 1942/6/2 1948/6/2
f 1942/1/2 1943/1/2 1949/1/2
f 1948/6/2 1942/6/2 1949/6/2
f 1943/6/2 1944/6/2 1950/6/2
f 1949/1/2 1943/1/2 1950/1/2
f 1944/1/2 1945/1/2 1951/1/2
f 1950/6/2 1944/6/2 1951/6/2
f 1945/6/2 1946/6/2 1952/6/2
f 1951/1/2 1945/1/2 1952/1/2
f 1946/1/2 1947/1/2 1953/1/2
f 1952/6/2 1946/6/2 1953/6/2
f 1953/1/2 1947/1/2 1954/1/2
f 1954/1/2 1955/1/2 1961/1/2
f 1955/6/2 1956/6/2 1962/6/2
f 1961/1/2 1955/1/2 1962/1/2
f 1956/1/2 1957/1/2 1963/1/2
f 1962/6/2 1956/6/2 1963/6/2
f 1957/6/2 1958/6/2 1964/6/2
f 1963/1/2 1957/1/2 1964/1/2
f 1958/1/2 1959/1/2 1965/1/2
f 1964/6/2 1958/6/2 1965/6/2
f 1959/6/2 1960/6/2 1966/6/2
f 1965/1/2 1959/1/2 1966/1/2
f 1966/6/2 1960/6/2 1967/6/2
f 1968/1/2 1969/1/2 1970/1/2
f 1967/1/2 1968/1/2 1970/1/2
f 1970/1/2 1969/1/2 1971/1/2
f 1971/1/2 1972/1/2 1976/1/2
f 1972/1/2 1973/1/2 1976/1/2
f 1974/6/2 1975/6/2 1977/6/2
f 1976/1/2 1973/1/2 1977/1/2
f 1973/6/2 1974/6/2 1977/6/2
f 1977/6/2 1975/6/2 1978/6/2
f 1979/6/2 1980/6/2 1989/6/2
f 1980/7/2 1981/7/2 1990/7/2
f 1989/6/2 1980/6/2 1990/6/2
f 1981/6/2 1982/6/2 1991/6/2
f 1990/7/2 1981/7/2 1991/7/2
f 1982/7/2 1983/7/2 1992/7/2
f 1991/6/2 1982/6/2 1992/6/2
f 1983/6/2 1984/6/2 1993/6/2
f 1992/7/2 1983/7/2 1993/7/2
f 1984/7/2 1985/7/2 1994/7/2
f 1993/6/2 1984/6/2 1994/6/2
f 1985/6/2 1986/6/2 1995/6/2
f 1994/7/2 1985/7/2 1995/7/2
f 1986/7/2 1987/7/2 1996/7/2
f 1995/6/2 1986/6/2 1996/6/2
f 1987/6/2 1988/6/2 1997/6/2
f 1996/7/2 1987/7/2 1997/7/2
f 1997/6/2 1988/6/2 1998/6/2
f 1999/7/2 2000/7/2 2042/7/2
f 2000/6/2 2001/6/2 2043/6/2
f 2042/7/2 2000/7/2 2043/7/2
f 2001/7/2 2002/7/2 2044/7/2
f 2043/6/2 2001/6/2 2044/6/2
f 2002/6/2 2003/6/2 2045/6/2
f 2044/7/2 2002/7/2 2045/7/2
f 2003/7/2 2004/7/2 2046/7/2
f 2045/6/2 2003/6/2 2046/6/2
f 2004/6/2 2005/6/2 2047/6/2
f 2046/7/2 2004/7/2 2047/7/2
f 2005/7/2 2006/7/2 2048/7/2
f 2047/6/2 2005/6/2 2048/6/2
f 2006/6/2 2007/6/2 2049/6/2
f 2048/7/2 2006/7/2 2049/7/2
f 2007/7/2 2008/7/2 2050/7/2
f 2049/6/2 2007/6/2 2050/6/2
f 2008/6/2 2009/6/2 2051/6/2
f 2050/7/2 2008/7/2 2051/7/2
f 2009/7/2 2010/7/2 2052/7/2
f 2051/6/2 2009/6/2 2052/6/2
f 2010/6/2 2011/6/2 2053/6/2
f 2052/7/2 2010/7/2 2053/7/2
f 2011/7/2 2012/7/2 2054/7/2
f 2053/6/2 2011/6/2 2054/6/2
f 2012/6/2 2013/6/2 2055/6/2
f 2054/7/2 2012/7/2 2055/7/2
f 2013/7/2 2014/7/2 2056/7/2
f 2055/6/2 2013/6/2 2056/6/2
f 2014/6/2 2015/6/2 2057/6/2
f 2056/7/2 2014/7/2 2057/7/2
f 2015/7/2 2016/7/2 2058/7/2
f 2057/6/2 2015/6/2 2058/6/2
f 2016/6/2 2017/6/2 2059/6/2
f 2058/7/2 2016/7/2 2059/7/2
f 2017/7/2 2018/7/2 2060/7/2
f 2059/6/2 2017/6/2 2060/6/2
f 2018/6/2 2019/6/2 2061/6/2
f 2060/7/2 2018/7/2 2061/7/2
f 2019/7/2 2020/7/2 2062/7/2
f 2061/6/2 2019/6/2 2062/6/2
f 2020/6/2 2021/6/2 2063/6/2
f 2062/7/2 2020/7/2 2063/7/2
f 2021/7/2 2022/7/2 2064/7/2
f 2063/6/2 2021/6/2 2064/6/2
f 2022/6/2 2023/6/2 2065/6/2
f 2064/7/2 2022/7/2 2065/7/2
f 2023/7/2 2024/7/2 2066/7/2
f 2065/6/2 2023/6/2 2066/6/2
f 2024/6/2 2025/6/2 2067/6/2
f 2066/7/2 2024/7/2 2067/7/2
f 2025/7/2 2026/7/2 2068/7/2
f 2067/6/2 2025/6/2 2068/6/2
f 2026/6/2 2027/6/2 2069/6/2
f 2068/7/2 2026/7/2 2069/7/2
f 2027/7/2 2028/7/2 2070/7/2
f 2069/6/2 2027/6/2 2070/6/2
f 2028/6/2 2029/6/2 2071/6/2
f 2070/7/2 2028/7/2 2071/7/2
f 2029/7/2 2030/7/2 2072/7/2
f 2071/6/2 2029/6/2 2072/6/2
f 2030/6/2 2031/6/2 2073/6/2
f 2072/7/2 2030/7/2 2073/7/2
f 2031/7/2 2032/7/2 2074/7/2
f 2073/6/2 2031/6/2 2074/6/2
f 2032/6/2 2033/6/2 2075/6/2
f 2074/7/2 2032/7/2 2075/7/2
f 2033/7/2 2034/7/2 2076/7/2
f 2075/6/2 2033/6/2 2076/6/2
f 2034/6/2 2035/6/2 2077/6/2
f 2076/7/2 2034/7/2 2077/7/2
f 2035/7/2 2036/7/2 2078/7/2
f 2077/6/2 2035/6/2 2078/6/2
f 2036/6/2 2037/6/2 2079/6/2
f 2078/7/2 2036/7/2 2079/7/2
f 2079/6/2 2037/6/2 2080/6/2
f 2038/7/2 2039/7/2 2086/7/2
f 2039/6/2 2040/6/2 2087/6/2
f 2086/7/2 2039/7/2 2087/7/2
f 2040/7/2 2041/7/2 2088/7/2
f 2087/6/2 2040/6/2 2088/6/2
f 2041/6/2 2042/6/2 2089/6/2
f 2088/7/2 2041/7/2 2089/7/2
f 2042/4/2 2043/4/2 2090/4/2
f 2043/4/2 2044/4/2 2090/4/2
f 2044/4/2 2045/4/2 2090/4/2
f 2090/4/2 2045/4/2 2091/4/2
f 2047/4/2 2048/4/2 2092/4/2
f 2048/4/2 2049/4/2 2092/4/2
f 2049/4/2 2050/4/2 2092/4/2
f 2092/4/2 2050/4/2 2093/4/2
f 2052/4/2 2053/4/2 2094/4/2
f 2053/4/2 2054/4/2 2094/4/2
f 2054/4/2 2055/4/2 2094/4/2
f 2094/4/2 2055/4/2 2095/4/2
f 2057/4/2 2058/4/2 2096/4/2
f 2058/4/2 2059/4/2 2096/4/2
f 2059/4/2 2060/4/2 2096/4/2
f 2096/4/2 2060/4/2 2097/4/2
f 2062/4/2 2063/4/2 2098/4/2
f 2063/4/2 2064/4/2 2098/4/2
f 2064/4/2 2065/4/2 2098/4/2
f 2098/4/2 2065/4/2 2099/4/2
f 2067/4/2 2068/4/2 2100/4/2
f 2068/4/2 2069/4/2 2100/4/2
f 2069/4/2 2070/4/2 2100/4/2
f 2100/4/2 2070/4/2 2101/4/2
f 2072/4/2 2073/4/2 2102/4/2
f 2073/4/2 2074/4/2 2102/4/2
f 2074/4/2 2075/4/2 2102/4/2
f 2102/4/2 2075/4/2 2103/4/2
f 2077/4/2 2078/4/2 2104/4/2
f 2078/4/2 2079/4/2 2104/4/2
f 2079/4/2 2080/4/2 2104/4/2
f 2104/4/2 2080/4/2 2105/4/2
f 2080/7/2 2081/7/2 2106/7/2
f 2105/4/2 2080/4/2 2106/4/2
f 2081/6/2 2082/6/2 2107/6/2
f 2106/7/2 2081/7/2 2107/7/2
f 2107/6/2 2082/6/2 2108/6/2
f 2083/6/2 2084/6/2 2113/6/2
f 2084/7/2 2085/7/2 2114/7/2
f 2113/6/2 2084/6/2 2114/6/2
f 2086/4/2 2087/4/2 2115/4/2
f 2114/7/2 2085/7/2 2115/7/2
f 2087/4/2 2088/4/2 2115/4/2
f 2085/4/2 2086/4/2 2115/4/2
f 2115/4/2 2088/4/2 2116/4/2
f 2116/4/2 2088/4/2 2117/4/2
f 2089/6/2 2042/6/2 2118/6/2
f 2088/6/2 2089/6/2 2118/6/2
f 2042/4/2 2090/4/2 2118/4/2
f 2090/5/2 2091/5/2 2119/5/2
f 2118/4/2 2090/4/2 2119/4/2
f 2091/4/2 2045/4/2 2120/4/2
f 2119/5/2 2091/5/2 2120/5/2
f 2045/6/2 2046/6/2 2121/6/2
f 2046/6/2 2047/6/2 2121/6/2
f 2047/4/2 2092/4/2 2121/4/2
f 2092/5/2 2093/5/2 2122/5/2
f 2121/4/2 2092/4/2 2122/4/2
f 2093/4/2 2050/4/2 2123/4/2
f 2122/5/2 2093/5/2 2123/5/2
f 2050/6/2 2051/6/2 2124/6/2
f 2051/6/2 2052/6/2 2124/6/2
f 2052/4/2 2094/4/2 2124/4/2
f 2094/5/2 2095/5/2 2125/5/2
f 2124/4/2 2094/4/2 2125/4/2
f 2095/4/2 2055/4/2 2126/4/2
f 2125/5/2 2095/5/2 2126/5/2
f 2055/6/2 2056/6/2 2127/6/2
f 2056/6/2 2057/6/2 2127/6/2
f 2057/4/2 2096/4/2 2127/4/2
f 2096/5/2 2097/5/2 2128/5/2
f 2127/4/2 2096/4/2 2128/4/2
f 2097/4/2 2060/4/2 2129/4/2
f 2128/5/2 2097/5/2 2129/5/2
f 2060/6/2 2061/6/2 2130/6/2
f 2061/6/2 2062/6/2 2130/6/2
f 2062/4/2 2098/4/2 2130/4/2
f 2098/5/2 2099/5/2 2131/5/2
f 2130/4/2 2098/4/2 2131/4/2
f 2099/4/2 2065/4/2 2132/4/2
f 2131/5/2 2099/5/2 2132/5/2
f 2065/6/2 2066/6/2 2133/6/2
f 2066/6/2 2067/6/2 2133/6/2
f 2067/4/2 2100/4/2 2133/4/2
f 2100/5/2 2101/5/2 2134/5/2
f 2133/4/2 2100/4/2 2134/4/2
f 2101/4/2 2070/4/2 2135/4/2
f 2134/5/2 2101/5/2 2135/5/2
f 2070/6/2 2071/6/2 2136/6/2
f 2071/6/2 2072/6/2 2136/6/2
f 2072/4/2 2102/4/2 2136/4/2
f 2102/5/2 2103/5/2 2137/5/2
f 2136/4/2 2102/4/2 2137/4/2
f 2103/4/2 2075/4/2 2138/4/2
f 2137/5/2 2103/5/2 2138/5/2
f 2077/4/2 2104/4/2 2139/4/2
f 2075/6/2 2076/6/2 2139/6/2
f 2076/6/2 2077/6/2 2139/6/2
f 2104/5/2 2105/5/2 2140/5/2
f 2139/4/2 2104/4/2 2140/4/2
f 2105/4/2 2106/4/2 2141/4/2
f 2140/5/2 2105/5/2 2141/5/2
f 2108/7/2 2109/7/2 2142/7/2
f 2107/6/2 2108/6/2 2142/6/2
f 2106/6/2 2107/6/2 2142/6/2
f 2109/6/2 2110/6/2 2143/6/2
f 2142/7/2 2109/7/2 2143/7/2
f 2110/7/2 2111/7/2 2144/7/2
f 2143/6/2 2110/6/2 2144/6/2
f 2144/7/2 2111/7/2 2145/7/2
f 2112/7/2 2113/7/2 2147/7/2
f 2113/6/2 2114/6/2 2148/6/2
f 2147/7/2 2113/7/2 2148/7/2
f 2114/6/2 2115/6/2 2148/6/2
f 2115/4/2 2116/4/2 2149/4/2
f 2148/6/2 2115/6/2 2149/6/2
f 2116/5/2 2117/5/2 2150/5/2
f 2149/4/2 2116/4/2 2150/4/2
f 2117/4/2 2088/4/2 2151/4/2
f 2150/5/2 2117/5/2 2151/5/2
f 2088/6/2 2118/6/2 2152/6/2
f 2151/4/2 2088/4/2 2152/4/2
f 2118/3/2 2119/3/2 2153/3/2
f 2152/6/2 2118/6/2 2153/6/2
f 2119/4/2 2120/4/2 2154/4/2
f 2153/3/2 2119/3/2 2154/3/2
f 2120/4/2 2045/4/2 2155/4/2
f 2154/4/2 2120/4/2 2155/4/2
f 2045/6/2 2121/6/2 2155/6/2
f 2121/3/2 2122/3/2 2156/3/2
f 2155/6/2 2121/6/2 2156/6/2
f 2122/4/2 2123/4/2 2157/4/2
f 2156/3/2 2122/3/2 2157/3/2
f 2123/4/2 2050/4/2 2158/4/2
f 2157/4/2 2123/4/2 2158/4/2
f 2050/6/2 2124/6/2 2158/6/2
f 2124/3/2 2125/3/2 2159/3/2
f 2158/6/2 2124/6/2 2159/6/2
f 2125/4/2 2126/4/2 2160/4/2
f 2159/3/2 2125/3/2 2160/3/2
f 2126/4/2 2055/4/2 2161/4/2
f 2160/4/2 2126/4/2 2161/4/2
f 2055/6/2 2127/6/2 2161/6/2
f 2127/3/2 2128/3/2 2162/3/2
f 2161/6/2 2127/6/2 2162/6/2
f 2128/4/2 2129/4/2 2163/4/2
f 2162/3/2 2128/3/2 2163/3/2
f 2129/4/2 2060/4/2 2164/4/2
f 2163/4/2 2129/4/2 2164/4/2
f 2060/6/2 2130/6/2 2164/6/2
f 2130/3/2 2131/3/2 2165/3/2
f 2164/6/2 2130/6/2 2165/6/2
f 2131/4/2 2132/4/2 2166/4/2
f 2165/3/2 2131/3/2 2166/3/2
f 2132/4/2 2065/4/2 2167/4/2
f 2166/4/2 2132/4/2 2167/4/2
f 2065/6/2 2133/6/2 2167/6/2
f 2133/3/2 2134/3/2 2168/3/2
f 2167/6/2 2133/6/2 2168/6/2
f 2134/4/2 2135/4/2 2169/4/2
f 2168/3/2 2134/3/2 2169/3/2
f 2070/6/2 2136/6/2 2170/6/2
f 2169/4/2 2135/4/2 2170/4/2
f 2135/4/2 2070/4/2 2170/4/2
f 2136/3/2 2137/3/2 2171/3/2
f 2170/6/2 2136/6/2 2171/6/2
f 2137/4/2 2138/4/2 2172/4/2
f 2171/3/2 2137/3/2 2172/3/2
f 2075/6/2 2139/6/2 2173/6/2
f 2172/4/2 2138/4/2 2173/4/2
f 2138/4/2 2075/4/2 2173/4/2
f 2139/3/2 2140/3/2 2174/3/2
f 2173/6/2 2139/6/2 2174/6/2
f 2140/4/2 2141/4/2 2175/4/2
f 2174/3/2 2140/3/2 2175/3/2
f 2141/4/2 2106/4/2 2176/4/2
f 2175/4/2 2141/4/2 2176/4/2
f 2106/6/2 2142/6/2 2176/6/2
f 2143/4/2 2144/4/2 2177/4/2
f 2176/6/2 2142/6/2 2177/6/2
f 2144/4/2 2145/4/2 2177/4/2
f 2142/4/2 2143/4/2 2177/4/2
f 2145/6/2 2146/6/2 2178/6/2
f 2177/4/2 2145/4/2 2178/4/2
f 2178/6/2 2146/6/2 2179/6/2
f 2189/6/2 2190/6/2 2199/6/2
f 2199/6/2 2190/6/2 2200/6/2
f 2200/6/2 2190/6/2 2201/6/2
f 2191/6/2 2192/6/2 2202/6/2
f 2202/6/2 2192/6/2 2203/6/2
f 2195/6/2 2196/6/2 2204/6/2
f 2204/6/2 2196/6/2 2205/6/2
f 2197/6/2 2198/6/2 2206/6/2
f 2206/6/2 2198/6/2 2207/6/2
f 2200/1/2 2201/1/2 2208/1/2
f 2208/1/2 2201/1/2 2209/1/2
f 2191/6/2 2202/6/2 2210/6/2
f 2202/1/2 2203/1/2 2211/1/2
f 2210/6/2 2202/6/2 2211/6/2
f 2203/6/2 2192/6/2 2212/6/2
f 2211/1/2 2203/1/2 2212/1/2
f 2212/6/2 2192/6/2 2213/6/2
f 2213/6/2 2192/6/2 2214/6/2
f 2214/6/2 2192/6/2 2215/6/2
f 2215/6/2 2192/6/2 2216/6/2
f 2193/6/2 2194/6/2 2217/6/2
f 2197/6/2 2206/6/2 2220/6/2
f 2220/6/2 2206/6/2 2221/6/2
f 2180/6/2 2181/6/2 2222/6/2
f 2181/6/2 2182/6/2 2222/6/2
f 2182/7/2 2183/7/2 2223/7/2
f 2222/6/2 2182/6/2 2223/6/2
f 2183/6/2 2184/6/2 2224/6/2
f 2223/7/2 2183/7/2 2224/7/2
f 2184/7/2 2185/7/2 2225/7/2
f 2224/6/2 2184/6/2 2225/6/2
f 2185/6/2 2186/6/2 2226/6/2
f 2225/7/2 2185/7/2 2226/7/2
f 2186/7/2 2187/7/2 2227/7/2
f 2226/6/2 2186/6/2 2227/6/2
f 2187/6/2 2188/6/2 2228/6/2
f 2227/7/2 2187/7/2 2228/7/2
f 2188/7/2 2189/7/2 2229/7/2
f 2228/6/2 2188/6/2 2229/6/2
f 2189/6/2 2199/6/2 2230/6/2
f 2229/7/2 2189/7/2 2230/7/2
f 2230/6/2 2199/6/2 2231/6/2
f 2213/6/2 2214/6/2 2232/6/2
f 2214/1/2 2215/1/2 2233/1/2
f 2232/6/2 2214/6/2 2233/6/2
f 2215/6/2 2216/6/2 2234/6/2
f 2233/1/2 2215/1/2 2234/1/2
f 2216/6/2 2217/6/2 2234/6/2
f 2217/6/2 2194/6/2 2235/6/2
f 2234/6/2 2217/6/2 2235/6/2
f 2235/6/2 2194/6/2 2236/6/2
f 2236/6/2 2194/6/2 2237/6/2
f 2218/6/2 2219/6/2 2238/6/2
f 2238/6/2 2219/6/2 2239/6/2
f 2197/6/2 2220/6/2 2240/6/2
f 2240/6/2 2220/6/2 2241/6/2
f 2235/6/2 2236/6/2 2242/6/2
f 2236/1/2 2237/1/2 2243/1/2
f 2242/6/2 2236/6/2 2243/6/2
f 2237/6/2 2194/6/2 2244/6/2
f 2243/1/2 2237/1/2 2244/1/2
f 2244/6/2 2194/6/2 2245/6/2
f 2245/6/2 2194/6/2 2246/6/2
f 2246/6/2 2194/6/2 2247/6/2
f 2197/6/2 2240/6/2 2249/6/2
f 2249/6/2 2240/6/2 2250/6/2
f 2245/6/2 2246/6/2 2251/6/2
f 2246/1/2 2247/1/2 2252/1/2
f 2251/6/2 2246/6/2 2252/6/2
f 2247/6/2 2248/6/2 2253/6/2
f 2252/1/2 2247/1/2 2253/1/2
f 2253/6/2 2248/6/2 2254/6/2
f 2255/6/2 2256/6/2 2260/6/2
f 2260/6/2 2256/6/2 2261/6/2
f 2261/6/2 2256/6/2 2262/6/2
f 2257/6/2 2258/6/2 2263/6/2
f 2263/6/2 2258/6/2 2264/6/2
f 2264/6/2 2258/6/2 2265/6/2
f 2259/6/2 2260/6/2 2268/6/2
f 2260/6/2 2261/6/2 2268/6/2
f 2265/6/2 2266/6/2 2269/6/2
f 2264/6/2 2265/6/2 2269/6/2
f 2267/6/2 2268/6/2 2271/6/2
f 2268/6/2 2261/6/2 2271/6/2
f 2271/6/2 2261/6/2 2272/6/2
f 2269/6/2 2270/6/2 2273/6/2
f 2264/6/2 2269/6/2 2273/6/2
f 2273/6/2 2270/6/2 2274/6/2
f 2267/6/2 2271/6/2 2275/6/2
f 2275/6/2 2271/6/2 2276/6/2
f 2276/6/2 2271/6/2 2277/6/2
f 2277/6/2 2278/6/2 2279/6/2
f 2276/6/2 2277/6/2 2279/6/2
f 2279/6/2 2278/6/2 2280/6/2
f 2280/6/2 2278/6/2 2281/6/2
f 2280/6/2 2281/6/2 2285/6/2
f 2281/6/2 2282/6/2 2285/6/2
f 2285/6/2 2282/6/2 2286/6/2
f 2286/6/2 2282/6/2 2287/6/2
f 2287/6/2 2282/6/2 2288/6/2
f 2288/6/2 2282/6/2 2289/6/2
f 2282/5/2 2283/5/2 2290/5/2
f 2289/6/2 2282/6/2 2290/6/2
f 2290/5/2 2283/5/2 2291/5/2
f 2291/5/2 2283/5/2 2292/5/2
f 2283/6/2 2284/6/2 2293/6/2
f 2292/5/2 2283/5/2 2293/5/2
f 2293/6/2 2284/6/2 2294/6/2
f 2286/4/2 2287/4/2 2295/4/2
f 2295/4/2 2287/4/2 2296/4/2
f 2288/4/2 2289/4/2 2297/4/2
f 2297/4/2 2289/4/2 2298/4/2
f 2290/5/2 2291/5/2 2299/5/2
f 2292/5/2 2293/5/2 2300/5/2
f 2299/5/2 2300/5/2 2301/5/2
f 2290/5/2 2299/5/2 2301/5/2
f 2300/5/2 2293/5/2 2302/5/2
f 2301/5/2 2300/5/2 2302/5/2
f 2290/5/2 2301/5/2 2303/5/2
f 2302/5/2 2293/5/2 2304/5/2
f 2290/5/2 2303/5/2 2305/5/2
f 2303/5/2 2304/5/2 2305/5/2
f 2304/5/2 2293/5/2 2306/5/2
f 2305/5/2 2304/5/2 2306/5/2
f 2307/6/2 2308/6/2 2316/6/2
f 2316/6/2 2308/6/2 2317/6/2
f 2309/6/2 2310/6/2 2320/6/2
f 2313/6/2 2314/6/2 2321/6/2
f 2321/6/2 2314/6/2 2322/6/2
f 2311/6/2 2312/6/2 2323/6/2
f 2325/6/2 2326/6/2 2327/6/2
f 2327/6/2 2326/6/2 2328/6/2
f 2323/6/2 2324/6/2 2331/6/2
f 2331/6/2 2324/6/2 2332/6/2
f 2317/6/2 2318/6/2 2333/6/2
f 2315/6/2 2316/6/2 2333/6/2
f 2316/6/2 2317/6/2 2333/6/2
f 2333/6/2 2318/6/2 2334/6/2
f 2329/6/2 2330/6/2 2335/6/2
f 2335/6/2 2330/6/2 2336/6/2
f 2323/6/2 2331/6/2 2337/6/2
f 2337/6/2 2331/6/2 2338/6/2
f 2334/6/2 2318/6/2 2339/6/2
f 2339/6/2 2318/6/2 2340/6/2
f 2319/6/2 2320/6/2 2341/6/2
f 2320/6/2 2310/6/2 2342/6/2
f 2341/6/2 2320/6/2 2342/6/2
f 2323/6/2 2337/6/2 2343/6/2
f 2311/6/2 2323/6/2 2343/6/2
f 2343/6/2 2337/6/2 2344/6/2
f 2345/5/2 2346/5/2 2347/5/2
f 2347/5/2 2346/5/2 2348/5/2
f 2345/5/2 2347/5/2 2353/5/2
f 2348/5/2 2346/5/2 2354/5/2
f 2345/5/2 2353/5/2 2355/5/2
f 2353/5/2 2354/5/2 2355/5/2
f 2354/5/2 2346/5/2 2356/5/2
f 2355/5/2 2354/5/2 2356/5/2
f 2345/5/2 2355/5/2 2357/5/2
f 2356/5/2 2346/5/2 2358/5/2
f 2345/5/2 2357/5/2 2359/5/2
f 2357/5/2 2358/5/2 2359/5/2
f 2358/5/2 2346/5/2 2360/5/2
f 2359/5/2 2358/5/2 2360/5/2
f 2349/7/2 2350/7/2 2361/7/2
f 2351/7/2 2352/7/2 2364/7/2
f 2345/5/2 2359/5/2 2365/5/2
f 2360/5/2 2346/5/2 2366/5/2
f 2361/7/2 2362/7/2 2367/7/2
f 2349/7/2 2361/7/2 2367/7/2
f 2367/7/2 2362/7/2 2368/7/2
f 2363/7/2 2364/7/2 2371/7/2
f 2364/7/2 2352/7/2 2372/7/2
f 2371/7/2 2364/7/2 2372/7/2
f 2365/5/2 2366/5/2 2373/5/2
f 2345/5/2 2365/5/2 2373/5/2
f 2366/5/2 2346/5/2 2374/5/2
f 2373/5/2 2366/5/2 2374/5/2
f 2368/4/2 2369/4/2 2375/4/2
f 2375/4/2 2369/4/2 2376/4/2
f 2370/4/2 2371/4/2 2377/4/2
f 2377/4/2 2371/4/2 2378/4/2
f 2379/7/2 2380/7/2 2383/7/2
f 2383/7/2 2380/7/2 2384/7/2
f 2381/7/2 2382/7/2 2385/7/2
f 2385/7/2 2382/7/2 2386/7/2
f 2383/6/2 2384/6/2 2387/6/2
f 2387/6/2 2384/6/2 2388/6/2
f 2385/6/2 2386/6/2 2389/6/2
f 2389/6/2 2386/6/2 2390/6/2
f 2391/4/2 2392/4/2 2395/4/2
f 2395/4/2 2392/4/2 2396/4/2
f 2393/4/2 2394/4/2 2397/4/2
f 2397/4/2 2394/4/2 2398/4/2
f 2399/7/2 2400/7/2 2403/7/2
f 2403/7/2 2400/7/2 2404/7/2
f 2401/7/2 2402/7/2 2405/7/2
f 2405/7/2 2402/7/2 2406/7/2
f 2403/6/2 2404/6/2 2413/6/2
f 2405/6/2 2406/6/2 2414/6/2
f 2407/2/2 2408/2/2 2421/2/2
f 2408/6/2 2409/6/2 2421/6/2
f 2409/1/2 2410/1/2 2422/1/2
f 2421/6/2 2409/6/2 2422/6/2
f 2410/6/2 2411/6/2 2423/6/2
f 2422/1/2 2410/1/2 2423/1/2
f 2411/1/2 2412/1/2 2424/1/2
f 2423/6/2 2411/6/2 2424/6/2
f 2415/1/2 2416/1/2 2425/1/2
f 2416/6/2 2417/6/2 2425/6/2
f 2417/1/2 2418/1/2 2426/1/2
f 2425/6/2 2417/6/2 2426/6/2
f 2418/6/2 2419/6/2 2427/6/2
f 2426/1/2 2418/1/2 2427/1/2
f 2419/2/2 2420/2/2 2428/2/2
f 2427/6/2 2419/6/2 2428/6/2
f 2407/2/2 2421/2/2 2429/2/2
f 2421/1/2 2422/1/2 2430/1/2
f 2429/2/2 2421/2/2 2430/2/2
f 2422/6/2 2423/6/2 2431/6/2
f 2430/1/2 2422/1/2 2431/1/2
f 2423/1/2 2424/1/2 2432/1/2
f 2431/6/2 2423/6/2 2432/6/2
f 2412/6/2 2413/6/2 2433/6/2
f 2432/1/2 2424/1/2 2433/1/2
f 2424/1/2 2412/1/2 2433/1/2
f 2413/6/2 2404/6/2 2434/6/2
f 2433/6/2 2413/6/2 2434/6/2
f 2405/6/2 2414/6/2 2439/6/2
f 2414/6/2 2415/6/2 2439/6/2
f 2425/1/2 2426/1/2 2440/1/2
f 2439/6/2 2415/6/2 2440/6/2
f 2415/1/2 2425/1/2 2440/1/2
f 2426/6/2 2427/6/2 2441/6/2
f 2440/1/2 2426/1/2 2441/1/2
f 2427/1/2 2428/1/2 2442/1/2
f 2441/6/2 2427/6/2 2442/6/2
f 2428/2/2 2420/2/2 2443/2/2
f 2442/1/2 2428/1/2 2443/1/2
f 2443/2/2 2420/2/2 2444/2/2
f 2435/6/2 2436/6/2 2451/6/2
f 2437/6/2 2438/6/2 2452/6/2
f 2445/2/2 2446/2/2 2459/2/2
f 2446/6/2 2447/6/2 2459/6/2
f 2447/1/2 2448/1/2 2460/1/2
f 2459/6/2 2447/6/2 2460/6/2
f 2448/6/2 2449/6/2 2461/6/2
f 2460/1/2 2448/1/2 2461/1/2
f 2449/1/2 2450/1/2 2462/1/2
f 2461/6/2 2449/6/2 2462/6/2
f 2453/1/2 2454/1/2 2463/1/2
f 2454/6/2 2455/6/2 2463/6/2
f 2455/1/2 2456/1/2 2464/1/2
f 2463/6/2 2455/6/2 2464/6/2
f 2456/6/2 2457/6/2 2465/6/2
f 2464/1/2 2456/1/2 2465/1/2
f 2457/2/2 2458/2/2 2466/2/2
f 2465/6/2 2457/6/2 2466/6/2
f 2445/2/2 2459/2/2 2467/2/2
f 2459/1/2 2460/1/2 2468/1/2
f 2467/2/2 2459/2/2 2468/2/2
f 2460/6/2 2461/6/2 2469/6/2
f 2468/1/2 2460/1/2 2469/1/2
f 2461/1/2 2462/1/2 2470/1/2
f 2469/6/2 2461/6/2 2470/6/2
f 2450/6/2 2451/6/2 2471/6/2
f 2470/1/2 2462/1/2 2471/1/2
f 2462/1/2 2450/1/2 2471/1/2
f 2451/6/2 2436/6/2 2472/6/2
f 2471/6/2 2451/6/2 2472/6/2
f 2437/6/2 2452/6/2 2473/6/2
f 2452/6/2 2453/6/2 2473/6/2
f 2463/1/2 2464/1/2 2474/1/2
f 2473/6/2 2453/6/2 2474/6/2
f 2453/1/2 2463/1/2 2474/1/2
f 2464/6/2 2465/6/2 2475/6/2
f 2474/1/2 2464/1/2 2475/1/2
f 2465/1/2 2466/1/2 2476/1/2
f 2475/6/2 2465/6/2 2476/6/2
f 2466/2/2 2458/2/2 2477/2/2
f 2476/1/2 2466/1/2 2477/1/2
f 2477/2/2 2458/2/2 2478/2/2
f 2472/6/2 2436/6/2 2479/6/2
f 2479/6/2 2436/6/2 2480/6/2
f 2437/6/2 2473/6/2 2481/6/2
f 2481/6/2 2473/6/2 2482/6/2
f 2483/7/2 2484/7/2 2485/7/2
f 2485/7/2 2484/7/2 2486/7/2
f 2486/7/2 2484/7/2 2487/7/2
f 2487/7/2 2484/7/2 2488/7/2
f 2488/7/2 2484/7/2 2489/7/2
f 2489/7/2 2484/7/2 2490/7/2
f 2483/7/2 2485/7/2 2491/7/2
f 2485/6/2 2486/6/2 2491/6/2
f 2486/7/2 2487/7/2 2492/7/2
f 2491/6/2 2486/6/2 2492/6/2
f 2487/6/2 2488/6/2 2493/6/2
f 2492/7/2 2487/7/2 2493/7/2
f 2488/7/2 2489/7/2 2494/7/2
f 2493/6/2 2488/6/2 2494/6/2
f 2489/6/2 2490/6/2 2495/6/2
f 2494/7/2 2489/7/2 2495/7/2
f 2490/7/2 2484/7/2 2496/7/2
f 2495/6/2 2490/6/2 2496/6/2
f 2494/7/2 2495/7/2 2497/7/2
f 2493/7/2 2494/7/2 2497/7/2
f 2495/7/2 2496/7/2 2497/7/2
f 2492/7/2 2493/7/2 2497/7/2
f 2491/7/2 2492/7/2 2497/7/2
f 2483/7/2 2491/7/2 2497/7/2
f 2497/7/2 2496/7/2 2498/7/2
f 2498/7/2 2496/7/2 2499/7/2
f 2499/7/2 2496/7/2 2500/7/2
f 2500/7/2 2496/7/2 2501/7/2
f 2496/7/2 2484/7/2 2502/7/2
f 2501/7/2 2496/7/2 2502/7/2
f 2498/7/2 2499/7/2 2503/7/2
f 2499/6/2 2500/6/2 2503/6/2
f 2500/7/2 2501/7/2 2504/7/2
f 2503/6/2 2500/6/2 2504/6/2
f 2498/7/2 2503/7/2 2505/7/2
f 2503/7/2 2504/7/2 2505/7/2
f 2505/7/2 2504/7/2 2506/7/2
f 2506/7/2 2504/7/2 2507/7/2
f 2507/7/2 2504/7/2 2508/7/2
f 2508/7/2 2504/7/2 2509/7/2
f 2509/7/2 2504/7/2 2510/7/2
f 2510/7/2 2504/7/2 2511/7/2
f 2511/7/2 2504/7/2 2512/7/2
f 2512/7/2 2504/7/2 2513/7/2
f 2513/7/2 2504/7/2 2514/7/2
f 2514/7/2 2504/7/2 2515/7/2
f 2515/7/2 2504/7/2 2516/7/2
f 2504/7/2 2501/7/2 2517/7/2
f 2516/7/2 2504/7/2 2517/7/2
f 2517/7/2 2501/7/2 2518/7/2
f 2505/4/2 2506/4/2 2519/4/2
f 2507/4/2 2508/4/2 2520/4/2
f 2520/4/2 2508/4/2 2521/4/2
f 2509/4/2 2510/4/2 2522/4/2
f 2522/4/2 2510/4/2 2523/4/2
f 2511/4/2 2512/4/2 2524/4/2
f 2524/4/2 2512/4/2 2525/4/2
f 2513/4/2 2514/4/2 2526/4/2
f 2526/4/2 2514/4/2 2527/4/2
f 2515/4/2 2516/4/2 2528/4/2
f 2528/4/2 2516/4/2 2529/4/2
f 2517/4/2 2518/4/2 2530/4/2
f 2526/4/2 2527/4/2 2531/4/2
f 2529/4/2 2530/4/2 2531/4/2
f 2528/4/2 2529/4/2 2531/4/2
f 2505/4/2 2519/4/2 2531/4/2
f 2527/4/2 2528/4/2 2531/4/2
f 2524/4/2 2525/4/2 2531/4/2
f 2525/4/2 2526/4/2 2531/4/2
f 2520/4/2 2521/4/2 2531/4/2
f 2523/4/2 2524/4/2 2531/4/2
f 2522/4/2 2523/4/2 2531/4/2
f 2521/4/2 2522/4/2 2531/4/2
f 2519/4/2 2520/4/2 2531/4/2
f 2530/4/2 2518/4/2 2532/4/2
f 2531/4/2 2530/4/2 2532/4/2
f 2541/7/3 2534/7/3 2533/7/3
f 2542/7/3 2534/7/3 2541/7/3
f 2543/7/3 2536/7/3 2535/7/3
f 2544/7/3 2536/7/3 2543/7/3
f 2545/7/3 2538/7/3 2537/7/3
f 2546/7/3 2538/7/3 2545/7/3
f 2547/7/3 2540/7/3 2539/7/3
f 2548/7/3 2540/7/3 2547/7/3
f 2553/7/3 2550/7/3 2549/7/3
f 2554/7/3 2550/7/3 2553/7/3
f 2555/7/3 2552/7/3 2551/7/3
f 2556/7/3 2552/7/3 2555/7/3
f 2561/7/3 2558/7/3 2557/7/3
f 2562/7/3 2558/7/3 2561/7/3
f 2563/7/3 2560/7/3 2559/7/3
f 2564/7/3 2560/7/3 2563/7/3
f 2569/7/3 2566/7/3 2565/7/3
f 2570/7/3 2566/7/3 2569/7/3
f 2571/7/3 2568/7/3 2567/7/3
f 2572/7/3 2568/7/3 2571/7/3
f 2581/7/3 2574/7/3 2573/7/3
f 2582/7/3 2574/7/3 2581/7/3
f 2583/7/3 2576/7/3 2575/7/3
f 2584/7/3 2576/7/3 2583/7/3
f 2585/7/3 2578/7/3 2577/7/3
f 2586/7/3 2578/7/3 2585/7/3
f 2587/7/3 2580/7/3 2579/7/3
f 2588/7/3 2580/7/3 2587/7/3
f 2592/6/3 2590/6/3 2589/6/3
f 2593/6/3 2590/6/3 2592/6/3
f 2594/6/3 2590/6/3 2593/6/3
f 2595/6/3 2590/6/3 2594/6/3
f 2596/6/3 2590/6/3 2595/6/3
f 2597/6/3 2590/6/3 2596/6/3
f 2601/6/3 2592/6/3 2591/6/3
f 2602/6/3 2594/6/3 2593/6/3
f 2603/6/3 2594/6/3 2602/6/3
f 2604/6/3 2596/6/3 2595/6/3
f 2605/6/3 2596/6/3 2604/6/3
f 2606/6/3 2598/6/3 2597/6/3
f 2607/6/3 2598/6/3 2606/6/3
f 2608/6/3 2600/6/3 2599/6/3
f 2609/6/3 2607/6/3 2606/6/3
f 2609/6/3 2608/6/3 2607/6/3
f 2609/6/3 2605/6/3 2604/6/3
f 2609/6/3 2601/6/3 2591/6/3
f 2609/6/3 2606/6/3 2605/6/3
f 2609/6/3 2603/6/3 2602/6/3
f 2609/6/3 2604/6/3 2603/6/3
f 2609/6/3 2602/6/3 2601/6/3
f 2610/6/3 2608/6/3 2609/6/3
f 2611/6/3 2608/6/3 2610/6/3
f 2612/6/3 2600/6/3 2608/6/3
f 2612/6/3 2608/6/3 2611/6/3
f 2613/6/3 2609/6/3 2591/6/3
f 2614/6/3 2611/6/3 2610/6/3
f 2615/6/3 2611/6/3 2614/6/3
f 2616/6/3 2600/6/3 2612/6/3
f 2617/6/3 2613/6/3 2591/6/3
f 2617/6/3 2616/6/3 2615/6/3
f 2617/6/3 2615/6/3 2614/6/3
f 2617/6/3 2614/6/3 2613/6/3
f 2618/6/3 2616/6/3 2617/6/3
f 2619/6/3 2616/6/3 2618/6/3
f 2620/6/3 2600/6/3 2616/6/3
f 2620/6/3 2616/6/3 2619/6/3
f 2621/6/3 2617/6/3 2591/6/3
f 2622/6/3 2619/6/3 2618/6/3
f 2623/6/3 2619/6/3 2622/6/3
f 2624/6/3 2600/6/3 2620/6/3
f 2625/6/3 2621/6/3 2591/6/3
f 2625/6/3 2624/6/3 2623/6/3
f 2625/6/3 2623/6/3 2622/6/3
f 2625/6/3 2622/6/3 2621/6/3
f 2626/6/3 2624/6/3 2625/6/3
f 2627/6/3 2624/6/3 2626/6/3
f 2628/6/3 2600/6/3 2624/6/3
f 2628/6/3 2624/6/3 2627/6/3
f 2629/6/3 2625/6/3 2591/6/3
f 2630/6/3 2627/6/3 2626/6/3
f 2631/6/3 2627/6/3 2630/6/3
f 2632/6/3 2600/6/3 2628/6/3
f 2633/6/3 2629/6/3 2591/6/3
f 2633/6/3 2632/6/3 2631/6/3
f 2633/6/3 2631/6/3 2630/6/3
f 2633/6/3 2630/6/3 2629/6/3
f 2634/6/3 2632/6/3 2633/6/3
f 2635/6/3 2632/6/3 2634/6/3
f 2636/6/3 2632/6/3 2635/6/3
f 2637/6/3 2632/6/3 2636/6/3
f 2638/6/3 2632/6/3 2637/6/3
f 2639/6/3 2632/6/3 2638/6/3
f 2640/6/3 2600/6/3 2632/6/3
f 2640/6/3 2632/6/3 2639/6/3
f 2641/6/3 2633/6/3 2591/6/3
f 2642/6/3 2633/6/3 2641/6/3
f 2643/6/3 2635/6/3 2634/6/3
f 2644/6/3 2635/6/3 2643/6/3
f 2645/6/3 2637/6/3 2636/6/3
f 2646/6/3 2637/6/3 2645/6/3
f 2647/6/3 2639/6/3 2638/6/3
f 2648/6/3 2639/6/3 2647/6/3
f 2649/6/3 2600/6/3 2640/6/3
f 2650/6/3 2600/6/3 2649/6/3
f 2651/6/3 2646/6/3 2645/6/3
f 2651/6/3 2644/6/3 2643/6/3
f 2651/6/3 2647/6/3 2646/6/3
f 2651/6/3 2645/6/3 2644/6/3
f 2651/6/3 2643/6/3 2642/6/3
f 2652/6/3 2647/6/3 2651/6/3
f 2657/6/3 2656/6/3 2655/6/3
f 2659/6/3 2657/6/3 2655/6/3
f 2659/6/3 2658/6/3 2657/6/3
f 2660/6/3 2658/6/3 2659/6/3
f 2661/6/3 2659/6/3 2655/6/3
f 2662/6/3 2659/6/3 2661/6/3
f 2663/6/3 2654/6/3 2653/6/3
f 2665/6/3 2663/6/3 2653/6/3
f 2665/6/3 2664/6/3 2663/6/3
f 2666/6/3 2664/6/3 2665/6/3
f 2669/7/3 2668/7/3 2667/7/3
f 2670/7/3 2668/7/3 2669/7/3
f 2675/7/3 2672/7/3 2671/7/3
f 2676/7/3 2672/7/3 2675/7/3
f 2677/6/3 2674/6/3 2673/6/3
f 2678/6/3 2674/6/3 2677/6/3
f 2681/6/3 2680/6/3 2679/6/3
f 2683/6/3 2681/6/3 2679/6/3
f 2683/6/3 2682/6/3 2681/6/3
f 2684/6/3 2682/6/3 2683/6/3
f 2685/6/3 2683/6/3 2679/6/3
f 2686/6/3 2683/6/3 2685/6/3
f 2687/6/3 2677/6/3 2673/6/3
f 2688/6/3 2677/6/3 2687/6/3
f 2693/6/3 2690/6/3 2689/6/3
f 2694/6/3 2692/6/3 2691/6/3
f 2695/6/3 2694/6/3 2691/6/3
f 2696/6/3 2694/6/3 2695/6/3
f 2697/6/3 2693/6/3 2689/6/3
f 2698/6/3 2697/6/3 2689/6/3
f 2699/6/3 2697/6/3 2698/6/3
f 2702/7/3 2701/7/3 2700/7/3
f 2703/7/3 2701/7/3 2702/7/3
f 2706/7/3 2705/7/3 2704/7/3
f 2707/7/3 2705/7/3 2706/7/3
f 2710/6/3 2709/6/3 2708/6/3
f 2713/6/3 2710/6/3 2708/6/3
f 2714/6/3 2712/6/3 2711/6/3
f 2715/6/3 2713/6/3 2708/6/3
f 2716/6/3 2713/6/3 2715/6/3
f 2717/6/3 2714/6/3 2711/6/3
f 2718/6/3 2714/6/3 2717/6/3
f 2723/6/3 2720/6/3 2719/6/3
f 2724/6/3 2720/6/3 2723/6/3
f 2725/6/3 2722/6/3 2721/6/3
f 2726/6/3 2722/6/3 2725/6/3
f 2727/6/3 2725/6/3 2721/6/3
f 2727/7/3 2726/7/3 2725/7/3
f 2728/7/3 2726/7/3 2727/7/3
f 2731/7/3 2730/7/3 2729/7/3
f 2732/7/3 2730/7/3 2731/7/3
f 2735/7/3 2734/7/3 2733/7/3
f 2736/7/3 2734/7/3 2735/7/3
f 2737/6/3 2728/6/3 2727/6/3
f 2737/6/3 2727/6/3 2721/6/3
f 2738/6/3 2728/6/3 2737/6/3
f 2739/6/3 2737/6/3 2721/6/3
f 2739/7/3 2738/7/3 2737/7/3
f 2740/7/3 2738/7/3 2739/7/3
f 2741/6/3 2739/6/3 2721/6/3
f 2741/6/3 2740/6/3 2739/6/3
f 2742/6/3 2740/6/3 2741/6/3
f 2745/6/3 2744/6/3 2743/6/3
f 2746/6/3 2744/6/3 2745/6/3
f 2749/6/3 2748/6/3 2747/6/3
f 2750/6/3 2748/6/3 2749/6/3
f 2755/6/3 2754/6/3 2753/6/3
f 2757/6/3 2755/6/3 2753/6/3
f 2757/6/3 2756/6/3 2755/6/3
f 2758/6/3 2756/6/3 2757/6/3
f 2759/7/3 2752/7/3 2751/7/3
f 2760/7/3 2752/7/3 2759/7/3
f 2761/6/3 2756/6/3 2758/6/3
f 2762/6/3 2756/6/3 2761/6/3
f 2765/7/3 2764/7/3 2763/7/3
f 2766/7/3 2764/7/3 2765/7/3
f 2769/7/3 2768/7/3 2767/7/3
f 2770/7/3 2768/7/3 2769/7/3
f 2776/6/3 2772/6/3 2771/6/3
f 2777/6/3 2772/6/3 2776/6/3
f 2777/6/3 2776/6/3 2775/6/3
f 2778/6/3 2772/6/3 2777/6/3
f 2779/6/3 2777/6/3 2775/6/3
f 2780/6/3 2777/6/3 2779/6/3
f 2781/7/3 2774/7/3 2773/7/3
f 2782/7/3 2774/7/3 2781/7/3
f 2785/6/3 2784/6/3 2783/6/3
f 2786/6/3 2784/6/3 2785/6/3
f 2789/6/3 2788/6/3 2787/6/3
f 2790/6/3 2788/6/3 2789/6/3
f 2793/6/3 2792/6/3 2791/6/3
f 2794/6/3 2792/6/3 2793/6/3
f 2797/7/3 2796/7/3 2795/7/3
f 2798/7/3 2796/7/3 2797/7/3
f 2801/7/3 2800/7/3 2799/7/3
f 2802/7/3 2800/7/3 2801/7/3
f 2805/6/3 2804/6/3 2803/6/3
f 2806/6/3 2804/6/3 2805/6/3
f 2809/6/3 2808/6/3 2807/6/3
f 2810/6/3 2808/6/3 2809/6/3
f 2813/6/3 2812/6/3 2811/6/3
f 2814/6/3 2812/6/3 2813/6/3
f 2817/7/3 2816/7/3 2815/7/3
f 2818/7/3 2816/7/3 2817/7/3
f 2821/7/3 2820/7/3 2819/7/3
f 2822/7/3 2820/7/3 2821/7/3
f 2825/7/3 2824/7/3 2823/7/3
f 2828/7/3 2825/7/3 2823/7/3
f 2829/7/3 2825/7/3 2828/7/3
f 2830/6/3 2827/6/3 2826/6/3
f 2831/6/3 2827/6/3 2830/6/3
f 2834/7/3 2833/7/3 2832/7/3
f 2835/7/3 2833/7/3 2834/7/3
f 2838/7/3 2837/7/3 2836/7/3
f 2839/7/3 2837/7/3 2838/7/3
f 2844/6/3 2841/6/3 2840/6/3
f 2845/6/3 2841/6/3 2844/6/3
f 2846/7/3 2843/7/3 2842/7/3
f 2847/7/3 2846/7/3 2842/7/3
f 2848/7/3 2846/7/3 2847/7/3
f 2851/7/3 2850/7/3 2849/7/3
f 2852/7/3 2850/7/3 2851/7/3
f 2855/7/3 2854/7/3 2853/7/3
f 2856/7/3 2854/7/3 2855/7/3
f 2859/7/3 2858/7/3 2857/7/3
f 2860/7/3 2858/7/3 2859/7/3
f 2863/7/3 2862/7/3 2861/7/3
f 2864/7/3 2862/7/3 2863/7/3
f 2867/2/3 2866/2/3 2865/2/3
f 2868/2/3 2866/2/3 2867/2/3
f 2871/6/3 2870/6/3 2869/6/3
f 2872/6/3 2870/6/3 2871/6/3
f 2873/7/3 2872/7/3 2871/7/3
f 2874/7/3 2872/7/3 2873/7/3
f 2877/7/3 2876/7/3 2875/7/3
f 2878/7/3 2876/7/3 2877/7/3
f 2879/6/3 2878/6/3 2877/6/3
f 2880/6/3 2878/6/3 2879/6/3
f 2883/2/3 2882/2/3 2881/2/3
f 2884/2/3 2882/2/3 2883/2/3
f 2892/1/3 2888/1/3 2887/1/3
f 2893/6/3 2889/6/3 2888/6/3
f 2893/1/3 2888/1/3 2892/1/3
f 2894/1/3 2890/1/3 2889/1/3
f 2894/6/3 2889/6/3 2893/6/3
f 2895/2/3 2891/2/3 2890/2/3
f 2895/1/3 2890/1/3 2894/1/3
f 2896/7/3 2886/7/3 2885/7/3
f 2897/7/3 2886/7/3 2896/7/3
f 2898/6/3 2893/6/3 2892/6/3
f 2899/1/3 2894/1/3 2893/1/3
f 2899/6/3 2893/6/3 2898/6/3
f 2900/6/3 2895/6/3 2894/6/3
f 2900/1/3 2894/1/3 2899/1/3
f 2901/2/3 2891/2/3 2895/2/3
f 2901/6/3 2895/6/3 2900/6/3
f 2902/2/3 2891/2/3 2901/2/3
f 2910/6/3 2906/6/3 2905/6/3
f 2911/1/3 2907/1/3 2906/1/3
f 2911/6/3 2906/6/3 2910/6/3
f 2912/6/3 2908/6/3 2907/6/3
f 2912/1/3 2907/1/3 2911/1/3
f 2913/2/3 2909/2/3 2908/2/3
f 2913/6/3 2908/6/3 2912/6/3
f 2914/1/3 2911/1/3 2910/1/3
f 2915/6/3 2912/6/3 2911/6/3
f 2915/1/3 2911/1/3 2914/1/3
f 2916/1/3 2913/1/3 2912/1/3
f 2916/6/3 2912/6/3 2915/6/3
f 2917/2/3 2909/2/3 2913/2/3
f 2917/1/3 2913/1/3 2916/1/3
f 2918/2/3 2909/2/3 2917/2/3
f 2919/7/3 2904/7/3 2903/7/3
f 2920/7/3 2904/7/3 2919/7/3
f 2924/6/3 2922/6/3 2921/6/3
f 2924/7/3 2923/7/3 2922/7/3
f 2925/7/3 2923/7/3 2924/7/3
f 2926/6/3 2924/6/3 2921/6/3
f 2928/6/3 2926/6/3 2921/6/3
f 2929/7/3 2927/7/3 2926/7/3
f 2929/6/3 2926/6/3 2928/6/3
f 2930/7/3 2927/7/3 2929/7/3
f 2933/2/3 2932/2/3 2931/2/3
f 2934/2/3 2932/2/3 2933/2/3
f 2937/7/3 2936/7/3 2935/7/3
f 2938/7/3 2936/7/3 2937/7/3
f 2941/7/3 2940/7/3 2939/7/3
f 2942/7/3 2940/7/3 2941/7/3
f 2945/2/3 2944/2/3 2943/2/3
f 2946/2/3 2944/2/3 2945/2/3
f 2949/7/3 2948/7/3 2947/7/3
f 2950/7/3 2948/7/3 2949/7/3
f 2953/7/3 2952/7/3 2951/7/3
f 2954/7/3 2952/7/3 2953/7/3
f 2958/6/3 2957/6/3 2956/6/3
f 2960/7/3 2956/7/3 2955/7/3
f 2960/6/3 2959/6/3 2958/6/3
f 2960/6/3 2958/6/3 2956/6/3
f 2961/6/3 2959/6/3 2960/6/3
f 2962/7/3 2960/7/3 2955/7/3
f 2962/7/3 2961/7/3 2960/7/3
f 2963/7/3 2961/7/3 2962/7/3
f 2964/7/3 2961/7/3 2963/7/3
f 2965/6/3 2963/6/3 2962/6/3
f 2966/6/3 2963/6/3 2965/6/3
f 2969/7/3 2968/7/3 2967/7/3
f 2970/7/3 2968/7/3 2969/7/3
f 2973/7/3 2972/7/3 2971/7/3
f 2974/7/3 2972/7/3 2973/7/3
f 2977/6/3 2976/6/3 2975/6/3
f 2978/6/3 2976/6/3 2977/6/3
f 2980/7/3 2978/7/3 2977/7/3
f 2980/7/3 2979/7/3 2978/7/3
f 2981/7/3 2979/7/3 2980/7/3
f 2982/6/3 2981/6/3 2980/6/3
f 2983/6/3 2981/6/3 2982/6/3
f 2984/7/3 2980/7/3 2977/7/3
f 2985/6/3 2982/6/3 2980/6/3
f 2985/7/3 2980/7/3 2984/7/3
f 2986/6/3 2982/6/3 2985/6/3
f 2990/7/3 2988/7/3 2987/7/3
f 2991/6/3 2989/6/3 2988/6/3
f 2991/7/3 2988/7/3 2990/7/3
f 2992/6/3 2989/6/3 2991/6/3
f 2995/7/3 2994/7/3 2993/7/3
f 2996/7/3 2994/7/3 2995/7/3
f 2999/7/3 2998/7/3 2997/7/3
f 3000/7/3 2998/7/3 2999/7/3
f 3004/7/3 3002/7/3 3001/7/3
f 3005/6/3 3003/6/3 3002/6/3
f 3005/7/3 3002/7/3 3004/7/3
f 3006/6/3 3003/6/3 3005/6/3
f 3009/7/3 3008/7/3 3007/7/3
f 3010/7/3 3008/7/3 3009/7/3
f 3011/7/3 3008/7/3 3010/7/3
f 3014/7/3 3013/7/3 3012/7/3
f 3015/7/3 3013/7/3 3014/7/3
f 3018/7/3 3017/7/3 3016/7/3
f 3019/7/3 3017/7/3 3018/7/3
f 3023/7/3 3021/7/3 3020/7/3
f 3023/7/3 3022/7/3 3021/7/3
f 3024/7/3 3022/7/3 3023/7/3
f 3027/7/3 3026/7/3 3025/7/3
f 3028/7/3 3026/7/3 3027/7/3
f 3031/7/3 3030/7/3 3029/7/3
f 3032/7/3 3030/7/3 3031/7/3
f 3035/7/3 3034/7/3 3033/7/3
f 3036/7/3 3034/7/3 3035/7/3
f 3039/7/3 3038/7/3 3037/7/3
f 3040/7/3 3038/7/3 3039/7/3
f 3045/6/3 3044/6/3 3043/6/3
f 3046/6/3 3042/6/3 3041/6/3
f 3048/6/3 3044/6/3 3045/6/3
f 3049/6/3 3047/6/3 3046/6/3
f 3049/6/3 3048/6/3 3047/6/3
f 3049/6/3 3046/6/3 3041/6/3
f 3050/6/3 3044/6/3 3048/6/3
f 3050/6/3 3048/6/3 3049/6/3
f 3053/6/3 3052/6/3 3051/6/3
f 3054/6/3 3052/6/3 3053/6/3
f 3057/7/3 3056/7/3 3055/7/3
f 3058/7/3 3056/7/3 3057/7/3
f 3061/7/3 3060/7/3 3059/7/3
f 3062/7/3 3060/7/3 3061/7/3
f 3065/6/3 3064/6/3 3063/6/3
f 3066/6/3 3064/6/3 3065/6/3
f 3069/6/3 3068/6/3 3067/6/3
f 3070/6/3 3068/6/3 3069/6/3
f 3071/6/3 3068/6/3 3070/6/3
f 3072/6/3 3068/6/3 3071/6/3
f 3073/6/3 3069/6/3 3067/6/3
f 3074/6/3 3069/6/3 3073/6/3
f 3075/6/3 3068/6/3 3072/6/3
f 3076/6/3 3068/6/3 3075/6/3
f 3079/6/3 3078/6/3 3077/6/3
f 3080/6/3 3078/6/3 3079/6/3
f 3082/7/3 3081/7/3 3080/7/3
f 3083/7/3 3081/7/3 3082/7/3
f 3087/7/3 3085/7/3 3084/7/3
f 3088/7/3 3085/7/3 3087/7/3
f 3089/6/3 3087/6/3 3086/6/3
f 3090/6/3 3087/6/3 3089/6/3
f 3093/1/3 3092/1/3 3091/1/3
f 3094/1/3 3092/1/3 3093/1/3
f 3095/6/3 3094/6/3 3093/6/3
f 3096/6/3 3094/6/3 3095/6/3
f 3098/6/3 3097/6/3 3096/6/3
f 3099/6/3 3097/6/3 3098/6/3
f 3100/1/3 3099/1/3 3098/1/3
f 3101/1/3 3099/1/3 3100/1/3
f 3103/6/3 3102/6/3 3101/6/3
f 3104/6/3 3102/6/3 3103/6/3
f 3107/6/3 3106/6/3 3105/6/3
f 3108/6/3 3106/6/3 3107/6/3
f 3112/6/3 3110/6/3 3109/6/3
f 3113/6/3 3110/6/3 3112/6/3
f 3114/1/3 3112/1/3 3111/1/3
f 3115/1/3 3112/1/3 3114/1/3
f 3117/6/3 3115/6/3 3114/6/3
f 3118/6/3 3115/6/3 3117/6/3
f 3119/6/3 3117/6/3 3116/6/3
f 3120/6/3 3117/6/3 3119/6/3
f 3121/1/3 3120/1/3 3119/1/3
f 3122/1/3 3120/1/3 3121/1/3
f 3126/7/3 3124/7/3 3123/7/3
f 3127/7/3 3124/7/3 3126/7/3
f 3128/4/3 3125/4/3 3124/4/3
f 3128/7/3 3124/7/3 3127/7/3
f 3129/4/3 3125/4/3 3128/4/3
f 3130/7/3 3128/7/3 3127/7/3
f 3131/4/3 3125/4/3 3129/4/3
f 3132/7/3 3130/7/3 3127/7/3
f 3132/4/3 3131/4/3 3130/4/3
f 3133/4/3 3125/4/3 3131/4/3
f 3133/4/3 3131/4/3 3132/4/3
f 3134/7/3 3132/7/3 3127/7/3
f 3135/7/3 3132/7/3 3134/7/3
f 3136/4/3 3125/4/3 3133/4/3
f 3137/4/3 3136/4/3 3135/4/3
f 3138/4/3 3125/4/3 3136/4/3
f 3138/4/3 3136/4/3 3137/4/3
f 3140/4/3 3125/4/3 3138/4/3
f 3141/4/3 3140/4/3 3139/4/3
f 3142/4/3 3125/4/3 3140/4/3
f 3142/4/3 3140/4/3 3141/4/3
f 3143/4/3 3125/4/3 3142/4/3
f 3146/6/3 3145/6/3 3144/6/3
f 3147/6/3 3145/6/3 3146/6/3
f 3151/4/3 3149/4/3 3148/4/3
f 3151/4/3 3150/4/3 3149/4/3
f 3152/4/3 3150/4/3 3151/4/3
f 3154/4/3 3150/4/3 3152/4/3
f 3156/4/3 3154/4/3 3153/4/3
f 3157/4/3 3150/4/3 3154/4/3
f 3157/4/3 3154/4/3 3156/4/3
f 3158/7/3 3156/7/3 3155/7/3
f 3159/4/3 3150/4/3 3157/4/3
f 3160/7/3 3158/7/3 3155/7/3
f 3160/4/3 3159/4/3 3158/4/3
f 3161/4/3 3150/4/3 3159/4/3
f 3161/4/3 3159/4/3 3160/4/3
f 3163/7/3 3160/7/3 3155/7/3
f 3164/7/3 3160/7/3 3163/7/3
f 3165/4/3 3150/4/3 3161/4/3
f 3166/7/3 3164/7/3 3163/7/3
f 3166/7/3 3163/7/3 3162/7/3
f 3167/4/3 3165/4/3 3164/4/3
f 3167/7/3 3164/7/3 3166/7/3
f 3168/4/3 3150/4/3 3165/4/3
f 3168/4/3 3165/4/3 3167/4/3
f 3171/6/3 3170/6/3 3169/6/3
f 3172/6/3 3170/6/3 3171/6/3
f 3175/4/3 3174/4/3 3173/4/3
f 3176/4/3 3174/4/3 3175/4/3
f 3179/6/3 3178/6/3 3177/6/3
f 3180/6/3 3178/6/3 3179/6/3
f 3183/4/3 3182/4/3 3181/4/3
f 3184/4/3 3182/4/3 3183/4/3
f 3187/4/3 3186/4/3 3185/4/3
f 3188/4/3 3186/4/3 3187/4/3
f 3191/4/3 3190/4/3 3189/4/3
f 3192/4/3 3190/4/3 3191/4/3
f 3195/4/3 3194/4/3 3193/4/3
f 3196/4/3 3194/4/3 3195/4/3
f 3199/6/3 3198/6/3 3197/6/3
f 3200/6/3 3198/6/3 3199/6/3
f 3202/1/3 3201/1/3 3200/1/3
f 3203/1/3 3201/1/3 3202/1/3
f 3205/6/3 3204/6/3 3203/6/3
f 3206/6/3 3204/6/3 3205/6/3
f 3210/6/3 3208/6/3 3207/6/3
f 3211/6/3 3208/6/3 3210/6/3
f 3213/1/3 3210/1/3 3209/1/3
f 3214/1/3 3210/1/3 3213/1/3
f 3215/6/3 3213/6/3 3212/6/3
f 3216/6/3 3213/6/3 3215/6/3
f 3219/4/3 3218/4/3 3217/4/3
f 3220/4/3 3218/4/3 3219/4/3
f 3223/4/3 3222/4/3 3221/4/3
f 3224/4/3 3222/4/3 3223/4/3
f 3227/4/3 3226/4/3 3225/4/3
f 3228/4/3 3226/4/3 3227/4/3
f 3231/4/3 3230/4/3 3229/4/3
f 3232/4/3 3230/4/3 3231/4/3
f 3235/4/3 3234/4/3 3233/4/3
f 3236/4/3 3234/4/3 3235/4/3
f 3239/4/3 3238/4/3 3237/4/3
f 3240/4/3 3238/4/3 3239/4/3
f 3243/4/3 3241/4/3 3240/4/3
f 3244/4/3 3243/4/3 3242/4/3
f 3245/4/3 3241/4/3 3243/4/3
f 3245/4/3 3243/4/3 3244/4/3
f 3247/4/3 3241/4/3 3245/4/3
f 3248/4/3 3247/4/3 3246/4/3
f 3249/4/3 3241/4/3 3247/4/3
f 3249/4/3 3247/4/3 3248/4/3
f 3251/4/3 3241/4/3 3249/4/3
f 3252/4/3 3251/4/3 3250/4/3
f 3253/4/3 3241/4/3 3251/4/3
f 3253/4/3 3251/4/3 3252/4/3
f 3256/4/3 3255/4/3 3254/4/3
f 3257/4/3 3255/4/3 3256/4/3
f 3259/4/3 3255/4/3 3257/4/3
f 3260/4/3 3259/4/3 3258/4/3
f 3261/4/3 3255/4/3 3259/4/3
f 3261/4/3 3259/4/3 3260/4/3
f 3263/4/3 3255/4/3 3261/4/3
f 3264/4/3 3263/4/3 3262/4/3
f 3265/4/3 3255/4/3 3263/4/3
f 3265/4/3 3263/4/3 3264/4/3
f 3267/4/3 3255/4/3 3265/4/3
f 3268/4/3 3255/4/3 3267/4/3
f 3269/4/3 3267/4/3 3266/4/3
f 3270/4/3 3267/4/3 3269/4/3
f 3273/6/3 3272/6/3 3271/6/3
f 3274/6/3 3272/6/3 3273/6/3
f 3275/1/3 3274/1/3 3273/1/3
f 3276/1/3 3274/1/3 3275/1/3
f 3278/1/3 3277/1/3 3276/1/3
f 3279/1/3 3277/1/3 3278/1/3
f 3280/1/3 3277/1/3 3279/1/3
f 3282/6/3 3281/6/3 3280/6/3
f 3283/6/3 3281/6/3 3282/6/3
f 3287/6/3 3285/6/3 3284/6/3
f 3288/6/3 3285/6/3 3287/6/3
f 3289/1/3 3287/1/3 3286/1/3
f 3291/1/3 3287/1/3 3289/1/3
f 3292/1/3 3287/1/3 3291/1/3
f 3293/1/3 3291/1/3 3290/1/3
f 3294/1/3 3291/1/3 3293/1/3
f 3295/6/3 3294/6/3 3293/6/3
f 3296/6/3 3294/6/3 3295/6/3
f 3299/6/3 3298/6/3 3297/6/3
f 3300/6/3 3298/6/3 3299/6/3
f 3301/1/3 3300/1/3 3299/1/3
f 3302/1/3 3300/1/3 3301/1/3
f 3304/1/3 3303/1/3 3302/1/3
f 3305/1/3 3303/1/3 3304/1/3
f 3306/6/3 3305/6/3 3304/6/3
f 3307/6/3 3305/6/3 3306/6/3
f 3309/6/3 3308/6/3 3307/6/3
f 3310/6/3 3308/6/3 3309/6/3
f 3314/6/3 3312/6/3 3311/6/3
f 3315/6/3 3312/6/3 3314/6/3
f 3316/6/3 3314/6/3 3313/6/3
f 3317/6/3 3314/6/3 3316/6/3
f 3319/1/3 3317/1/3 3316/1/3
f 3320/1/3 3317/1/3 3319/1/3
f 3321/1/3 3319/1/3 3318/1/3
f 3322/1/3 3319/1/3 3321/1/3
f 3323/6/3 3322/6/3 3321/6/3
f 3324/6/3 3322/6/3 3323/6/3
f 3327/5/3 3326/5/3 3325/5/3
f 3328/5/3 3326/5/3 3327/5/3
f 3331/5/3 3330/5/3 3329/5/3
f 3332/5/3 3330/5/3 3331/5/3
f 3335/5/3 3334/5/3 3333/5/3
f 3336/5/3 3334/5/3 3335/5/3
f 3339/5/3 3338/5/3 3337/5/3
f 3340/5/3 3338/5/3 3339/5/3
f 3345/5/3 3342/5/3 3341/5/3
f 3346/5/3 3342/5/3 3345/5/3
f 3347/5/3 3344/5/3 3343/5/3
f 3348/5/3 3344/5/3 3347/5/3
f 3353/5/3 3350/5/3 3349/5/3
f 3354/5/3 3350/5/3 3353/5/3
f 3355/5/3 3352/5/3 3351/5/3
f 3356/5/3 3352/5/3 3355/5/3
f 3363/5/3 3358/5/3 3357/5/3
f 3364/5/3 3358/5/3 3363/5/3
f 3365/5/3 3360/5/3 3359/5/3
f 3366/5/3 3360/5/3 3365/5/3
f 3367/5/3 3362/5/3 3361/5/3
f 3368/5/3 3362/5/3 3367/5/3
f 3375/5/3 3370/5/3 3369/5/3
f 3376/5/3 3370/5/3 3375/5/3
f 3377/5/3 3372/5/3 3371/5/3
f 3378/5/3 3372/5/3 3377/5/3
f 3379/5/3 3374/5/3 3373/5/3
f 3380/5/3 3374/5/3 3379/5/3
f 3381/7/4 3382/7/4 3383/7/4
f 3383/7/4 3382/7/4 3384/7/4
f 3385/7/4 3386/7/4 3387/7/4
f 3387/7/4 3386/7/4 3388/7/4
f 3389/7/4 3390/7/4 3391/7/4
f 3391/7/4 3390/7/4 3392/7/4
f 3393/7/4 3394/7/4 3395/7/4
f 3395/7/4 3394/7/4 3396/7/4
f 3397/7/4 3398/7/4 3399/7/4
f 3399/7/4 3398/7/4 3400/7/4
f 3401/7/4 3402/7/4 3403/7/4
f 3403/7/4 3402/7/4 3404/7/4
f 3405/7/4 3406/7/4 3407/7/4
f 3407/7/4 3406/7/4 3408/7/4
f 3409/7/4 3410/7/4 3411/7/4
f 3411/7/4 3410/7/4 3412/7/4
f 3413/7/4 3414/7/4 3415/7/4
f 3415/7/4 3414/7/4 3416/7/4
f 3417/7/4 3418/7/4 3419/7/4
f 3419/7/4 3418/7/4 3420/7/4
f 3421/7/4 3422/7/4 3423/7/4
f 3423/7/4 3422/7/4 3424/7/4
f 3425/7/4 3426/7/4 3427/7/4
f 3427/7/4 3426/7/4 3428/7/4
f 3429/7/4 3430/7/4 3431/7/4
f 3431/7/4 3430/7/4 3432/7/4
f 3433/7/4 3434/7/4 3435/7/4
f 3435/7/4 3434/7/4 3436/7/4
f 3437/7/4 3438/7/4 3439/7/4
f 3439/7/4 3438/7/4 3440/7/4
f 3441/7/4 3442/7/4 3443/7/4
f 3443/7/4 3442/7/4 3444/7/4
f 3445/6/4 3446/6/4 3447/6/4
f 3447/6/4 3446/6/4 3448/6/4
f 3449/7/4 3450/7/4 3451/7/4
f 3451/7/4 3450/7/4 3452/7/4
f 3453/7/4 3454/7/4 3455/7/4
f 3455/7/4 3454/7/4 3456/7/4
f 3457/6/4 3458/6/4 3459/6/4
f 3459/6/4 3458/6/4 3460/6/4
f 3461/6/4 3462/6/4 3464/6/4
f 3464/6/4 3462/6/4 3465/6/4
f 3465/6/4 3462/6/4 3466/6/4
f 3462/2/4 3463/2/4 3467/2/4
f 3466/6/4 3462/6/4 3467/6/4
f 3464/1/4 3465/1/4 3468/1/4
f 3465/6/4 3466/6/4 3469/6/4
f 3468/1/4 3465/1/4 3469/1/4
f 3466/1/4 3467/1/4 3470/1/4
f 3469/6/4 3466/6/4 3470/6/4
f 3467/2/4 3463/2/4 3471/2/4
f 3470/1/4 3467/1/4 3471/1/4
f 3471/2/4 3463/2/4 3472/2/4
f 3473/7/4 3474/7/4 3475/7/4
f 3475/7/4 3474/7/4 3476/7/4
f 3477/7/4 3478/7/4 3479/7/4
f 3479/7/4 3478/7/4 3480/7/4
f 3481/1/4 3482/1/4 3486/1/4
f 3482/6/4 3483/6/4 3487/6/4
f 3486/1/4 3482/1/4 3487/1/4
f 3483/1/4 3484/1/4 3488/1/4
f 3487/6/4 3483/6/4 3488/6/4
f 3484/2/4 3485/2/4 3489/2/4
f 3488/1/4 3484/1/4 3489/1/4
f 3487/6/4 3488/6/4 3490/6/4
f 3486/6/4 3487/6/4 3490/6/4
f 3488/6/4 3489/6/4 3490/6/4
f 3489/2/4 3485/2/4 3491/2/4
f 3490/6/4 3489/6/4 3491/6/4
f 3491/2/4 3485/2/4 3492/2/4
f 3493/6/4 3494/6/4 3495/6/4
f 3495/6/4 3494/6/4 3496/6/4
f 3497/7/4 3498/7/4 3499/7/4
f 3499/7/4 3498/7/4 3500/7/4
f 3501/7/4 3502/7/4 3503/7/4
f 3503/7/4 3502/7/4 3504/7/4
f 3505/6/4 3506/6/4 3507/6/4
f 3507/6/4 3506/6/4 3508/6/4
f 3509/7/4 3510/7/4 3511/7/4
f 3511/7/4 3510/7/4 3512/7/4
f 3513/7/4 3514/7/4 3515/7/4
f 3515/7/4 3514/7/4 3516/7/4
f 3517/6/4 3518/6/4 3519/6/4
f 3519/6/4 3518/6/4 3520/6/4
f 3521/7/4 3522/7/4 3523/7/4
f 3523/7/4 3522/7/4 3524/7/4
f 3525/7/4 3526/7/4 3527/7/4
f 3527/7/4 3526/7/4 3528/7/4
f 3529/6/4 3530/6/4 3531/6/4
f 3531/6/4 3530/6/4 3532/6/4
f 3533/7/4 3534/7/4 3535/7/4
f 3535/7/4 3534/7/4 3536/7/4
f 3537/7/4 3538/7/4 3539/7/4
f 3539/7/4 3538/7/4 3540/7/4
f 3541/7/4 3542/7/4 3543/7/4
f 3543/7/4 3542/7/4 3544/7/4
f 3545/7/4 3546/7/4 3547/7/4
f 3547/7/4 3546/7/4 3548/7/4
f 3549/7/4 3550/7/4 3551/7/4
f 3551/7/4 3550/7/4 3552/7/4
f 3553/7/4 3554/7/4 3555/7/4
f 3555/7/4 3554/7/4 3556/7/4
f 3557/6/4 3558/6/4 3559/6/4
f 3559/6/4 3558/6/4 3560/6/4
f 3559/6/4 3560/6/4 3562/6/4
f 3560/6/4 3561/6/4 3562/6/4
f 3562/6/4 3561/6/4 3563/6/4
f 3563/6/4 3561/6/4 3564/6/4
f 3564/6/4 3561/6/4 3565/6/4
f 3565/6/4 3561/6/4 3566/6/4
f 3564/6/4 3565/6/4 3567/6/4
f 3567/6/4 3565/6/4 3568/6/4
f 3569/7/4 3570/7/4 3571/7/4
f 3571/7/4 3570/7/4 3572/7/4
f 3573/7/4 3574/7/4 3575/7/4
f 3575/7/4 3574/7/4 3576/7/4
f 3577/6/4 3578/6/4 3579/6/4
f 3579/6/4 3578/6/4 3580/6/4
f 3579/6/4 3580/6/4 3583/6/4
f 3580/6/4 3581/6/4 3583/6/4
f 3582/6/4 3583/6/4 3584/6/4
f 3583/6/4 3581/6/4 3585/6/4
f 3584/6/4 3583/6/4 3585/6/4
f 3585/6/4 3581/6/4 3586/6/4
f 3584/6/4 3585/6/4 3587/6/4
f 3587/6/4 3585/6/4 3588/6/4
f 3589/4/4 3590/4/4 3591/4/4
f 3591/4/4 3590/4/4 3592/4/4
f 3592/4/4 3593/4/4 3595/4/4
f 3594/4/4 3595/4/4 3596/4/4
f 3595/4/4 3593/4/4 3597/4/4
f 3596/4/4 3595/4/4 3597/4/4
f 3597/4/4 3593/4/4 3599/4/4
f 3598/4/4 3599/4/4 3600/4/4
f 3599/4/4 3593/4/4 3601/4/4
f 3600/4/4 3599/4/4 3601/4/4
f 3601/4/4 3593/4/4 3603/4/4
f 3602/4/4 3603/4/4 3604/4/4
f 3603/4/4 3593/4/4 3605/4/4
f 3604/4/4 3603/4/4 3605/4/4
f 3606/4/4 3607/4/4 3608/4/4
f 3608/4/4 3607/4/4 3609/4/4
f 3609/4/4 3607/4/4 3611/4/4
f 3610/4/4 3611/4/4 3612/4/4
f 3611/4/4 3607/4/4 3613/4/4
f 3612/4/4 3611/4/4 3613/4/4
f 3613/4/4 3607/4/4 3615/4/4
f 3614/4/4 3615/4/4 3616/4/4
f 3615/4/4 3607/4/4 3617/4/4
f 3616/4/4 3615/4/4 3617/4/4
f 3617/4/4 3607/4/4 3619/4/4
f 3619/4/4 3607/4/4 3620/4/4
f 3618/4/4 3619/4/4 3621/4/4
f 3621/4/4 3619/4/4 3622/4/4
f 3623/4/4 3624/4/4 3625/4/4
f 3625/4/4 3624/4/4 3626/4/4
f 3627/4/4 3628/4/4 3629/4/4
f 3629/4/4 3628/4/4 3630/4/4
f 3631/4/4 3632/4/4 3633/4/4
f 3633/4/4 3632/4/4 3634/4/4
f 3635/4/4 3636/4/4 3637/4/4
f 3637/4/4 3636/4/4 3638/4/4
f 3639/4/4 3640/4/4 3641/4/4
f 3641/4/4 3640/4/4 3642/4/4
f 3643/4/4 3644/4/4 3645/4/4
f 3645/4/4 3644/4/4 3646/4/4
f 3647/4/4 3648/4/4 3649/4/4
f 3649/4/4 3648/4/4 3650/4/4
f 3651/4/4 3652/4/4 3653/4/4
f 3653/4/4 3652/4/4 3654/4/4
f 3655/4/4 3656/4/4 3657/4/4
f 3657/4/4 3656/4/4 3658/4/4
f 3659/4/4 3660/4/4 3661/4/4
f 3661/4/4 3660/4/4 3662/4/4
f 3663/7/4 3664/7/4 3666/7/4
f 3666/7/4 3664/7/4 3667/7/4
f 3664/4/4 3665/4/4 3668/4/4
f 3667/7/4 3664/7/4 3668/7/4
f 3668/4/4 3665/4/4 3669/4/4
f 3667/7/4 3668/7/4 3670/7/4
f 3669/4/4 3665/4/4 3671/4/4
f 3667/7/4 3670/7/4 3672/7/4
f 3670/4/4 3671/4/4 3672/4/4
f 3671/4/4 3665/4/4 3673/4/4
f 3672/4/4 3671/4/4 3673/4/4
f 3667/7/4 3672/7/4 3674/7/4
f 3674/7/4 3672/7/4 3675/7/4
f 3673/4/4 3665/4/4 3676/4/4
f 3675/4/4 3676/4/4 3677/4/4
f 3676/4/4 3665/4/4 3678/4/4
f 3677/4/4 3676/4/4 3678/4/4
f 3678/4/4 3665/4/4 3680/4/4
f 3679/4/4 3680/4/4 3681/4/4
f 3680/4/4 3665/4/4 3682/4/4
f 3681/4/4 3680/4/4 3682/4/4
f 3683/4/4 3684/4/4 3685/4/4
f 3685/4/4 3684/4/4 3686/4/4
f 3686/4/4 3684/4/4 3688/4/4
f 3687/4/4 3688/4/4 3690/4/4
f 3688/4/4 3684/4/4 3691/4/4
f 3690/4/4 3688/4/4 3691/4/4
f 3689/7/4 3690/7/4 3692/7/4
f 3691/4/4 3684/4/4 3693/4/4
f 3689/7/4 3692/7/4 3694/7/4
f 3692/4/4 3693/4/4 3694/4/4
f 3693/4/4 3684/4/4 3695/4/4
f 3694/4/4 3693/4/4 3695/4/4
f 3689/7/4 3694/7/4 3697/7/4
f 3697/7/4 3694/7/4 3698/7/4
f 3695/4/4 3684/4/4 3699/4/4
f 3697/7/4 3698/7/4 3700/7/4
f 3696/7/4 3697/7/4 3700/7/4
f 3698/4/4 3699/4/4 3701/4/4
f 3700/7/4 3698/7/4 3701/7/4
f 3699/4/4 3684/4/4 3702/4/4
f 3701/4/4 3699/4/4 3702/4/4
f 3705/6/4 3706/6/4 3707/6/4
f 3703/6/4 3704/6/4 3708/6/4
f 3707/6/4 3706/6/4 3710/6/4
f 3708/6/4 3709/6/4 3711/6/4
f 3709/6/4 3710/6/4 3711/6/4
f 3703/6/4 3708/6/4 3711/6/4
f 3710/6/4 3706/6/4 3712/6/4
f 3711/6/4 3710/6/4 3712/6/4
f 3713/6/4 3714/6/4 3715/6/4
f 3715/6/4 3714/6/4 3716/6/4
f 3716/6/4 3714/6/4 3717/6/4
f 3717/6/4 3714/6/4 3718/6/4
f 3713/6/4 3715/6/4 3719/6/4
f 3719/6/4 3715/6/4 3720/6/4
f 3718/6/4 3714/6/4 3721/6/4
f 3721/6/4 3714/6/4 3722/6/4
f 3723/7/4 3724/7/4 3725/7/4
f 3725/7/4 3724/7/4 3726/7/4
f 3727/7/4 3728/7/4 3729/7/4
f 3729/7/4 3728/7/4 3730/7/4
f 3731/7/4 3732/7/4 3733/7/4
f 3733/7/4 3732/7/4 3734/7/4
f 3734/7/4 3732/7/4 3735/7/4
f 3736/7/4 3737/7/4 3739/7/4
f 3737/7/4 3738/7/4 3739/7/4
f 3739/7/4 3738/7/4 3740/7/4
f 3741/7/4 3742/7/4 3744/7/4
f 3742/6/4 3743/6/4 3745/6/4
f 3744/7/4 3742/7/4 3745/7/4
f 3745/6/4 3743/6/4 3746/6/4
f 3747/7/4 3748/7/4 3750/7/4
f 3748/6/4 3749/6/4 3751/6/4
f 3750/7/4 3748/7/4 3751/7/4
f 3751/6/4 3749/6/4 3752/6/4
f 3754/6/4 3755/6/4 3756/6/4
f 3753/7/4 3754/7/4 3758/7/4
f 3756/6/4 3757/6/4 3758/6/4
f 3754/6/4 3756/6/4 3758/6/4
f 3758/6/4 3757/6/4 3759/6/4
f 3753/7/4 3758/7/4 3760/7/4
f 3758/7/4 3759/7/4 3760/7/4
f 3760/7/4 3759/7/4 3761/7/4
f 3761/7/4 3759/7/4 3762/7/4
f 3760/6/4 3761/6/4 3763/6/4
f 3763/6/4 3761/6/4 3764/6/4
f 3765/6/4 3766/6/4 3767/6/4
f 3767/6/4 3766/6/4 3768/6/4
f 3767/7/4 3768/7/4 3770/7/4
f 3768/7/4 3769/7/4 3770/7/4
f 3770/7/4 3769/7/4 3771/7/4
f 3770/6/4 3771/6/4 3772/6/4
f 3772/6/4 3771/6/4 3773/6/4
f 3767/7/4 3770/7/4 3774/7/4
f 3770/6/4 3772/6/4 3775/6/4
f 3774/7/4 3770/7/4 3775/7/4
f 3775/6/4 3772/6/4 3776/6/4
f 3777/5/4 3778/5/4 3781/5/4
f 3781/5/4 3778/5/4 3782/5/4
f 3779/5/4 3780/5/4 3783/5/4
f 3783/5/4 3780/5/4 3784/5/4
f 3785/6/4 3786/6/4 3787/6/4
f 3787/6/4 3786/6/4 3788/6/4
f 3787/1/4 3788/1/4 3789/1/4
f 3789/1/4 3788/1/4 3790/1/4
f 3789/6/4 3790/6/4 3792/6/4
f 3790/6/4 3791/6/4 3792/6/4
f 3792/6/4 3791/6/4 3793/6/4
f 3793/6/4 3791/6/4 3794/6/4
f 3794/6/4 3795/6/4 3796/6/4
f 3796/6/4 3795/6/4 3797/6/4
f 3798/7/4 3799/7/4 3800/7/4
f 3800/7/4 3799/7/4 3801/7/4
f 3802/6/4 3803/6/4 3805/6/4
f 3805/6/4 3803/6/4 3806/6/4
f 3804/6/4 3805/6/4 3807/6/4
f 3807/6/4 3805/6/4 3808/6/4
f 3808/6/4 3805/6/4 3809/6/4
f 3809/6/4 3805/6/4 3810/6/4
f 3808/1/4 3809/1/4 3811/1/4
f 3811/1/4 3809/1/4 3812/1/4
f 3811/6/4 3812/6/4 3817/6/4
f 3817/6/4 3812/6/4 3818/6/4
f 3813/5/4 3814/5/4 3819/5/4
f 3819/5/4 3814/5/4 3820/5/4
f 3815/5/4 3816/5/4 3821/5/4
f 3821/5/4 3816/5/4 3822/5/4
f 3823/2/4 3824/2/4 3825/2/4
f 3825/2/4 3824/2/4 3826/2/4
f 3827/6/4 3828/6/4 3829/6/4
f 3829/6/4 3828/6/4 3830/6/4
f 3830/6/4 3831/6/4 3833/6/4
f 3833/6/4 3831/6/4 3834/6/4
f 3832/6/4 3833/6/4 3835/6/4
f 3835/6/4 3833/6/4 3836/6/4
f 3837/2/4 3838/2/4 3839/2/4
f 3839/2/4 3838/2/4 3840/2/4
f 3841/5/4 3842/5/4 3847/5/4
f 3847/5/4 3842/5/4 3848/5/4
f 3843/5/4 3844/5/4 3849/5/4
f 3849/5/4 3844/5/4 3850/5/4
f 3845/5/4 3846/5/4 3851/5/4
f 3851/5/4 3846/5/4 3852/5/4
f 3853/6/4 3854/6/4 3855/6/4
f 3855/6/4 3854/6/4 3856/6/4
f 3856/6/4 3857/6/4 3858/6/4
f 3858/6/4 3857/6/4 3859/6/4
f 3859/6/4 3857/6/4 3861/6/4
f 3861/6/4 3857/6/4 3862/6/4
f 3860/6/4 3861/6/4 3863/6/4
f 3863/6/4 3861/6/4 3864/6/4
f 3865/5/4 3866/5/4 3871/5/4
f 3871/5/4 3866/5/4 3872/5/4
f 3867/5/4 3868/5/4 3873/5/4
f 3873/5/4 3868/5/4 3874/5/4
f 3869/5/4 3870/5/4 3875/5/4
f 3875/5/4 3870/5/4 3876/5/4
f 3877/5/4 3878/5/4 3879/5/4
f 3879/5/4 3878/5/4 3880/5/4
f 3881/6/4 3882/6/4 3883/6/4
f 3883/6/4 3882/6/4 3884/6/4
f 3885/6/4 3886/6/4 3887/6/4
f 3887/6/4 3886/6/4 3888/6/4
f 3889/6/4 3890/6/4 3891/6/4
f 3891/6/4 3890/6/4 3892/6/4
f 3893/5/4 3894/5/4 3895/5/4
f 3895/5/4 3894/5/4 3896/5/4
f 3897/2/4 3898/2/4 3899/2/4
f 3899/2/4 3898/2/4 3900/2/4
f 3901/6/4 3902/6/4 3903/6/4
f 3903/6/4 3902/6/4 3904/6/4
f 3905/6/4 3906/6/4 3907/6/4
f 3907/6/4 3906/6/4 3908/6/4
f 3909/2/4 3910/2/4 3911/2/4
f 3911/2/4 3910/2/4 3912/2/4
f 3913/5/4 3914/5/4 3915/5/4
f 3915/5/4 3914/5/4 3916/5/4
f 3917/6/4 3918/6/4 3919/6/4
f 3919/6/4 3918/6/4 3920/6/4
f 3921/6/4 3922/6/4 3923/6/4
f 3923/6/4 3922/6/4 3924/6/4
f 3925/5/4 3926/5/4 3927/5/4
f 3927/5/4 3926/5/4 3928/5/4
f 3931/6/4 3932/6/4 3933/6/4
f 3933/6/4 3932/6/4 3934/6/4
f 3929/6/4 3930/6/4 3935/6/4
f 3935/6/4 3930/6/4 3936/6/4
f 3939/6/4 3940/6/4 3941/6/4
f 3941/6/4 3940/6/4 3942/6/4
f 3937/6/4 3938/6/4 3943/6/4
f 3943/6/4 3938/6/4 3944/6/4
f 3945/6/4 3946/6/4 3947/6/4
f 3947/6/4 3946/6/4 3948/6/4
f 3949/6/4 3950/6/4 3951/6/4
f 3951/6/4 3950/6/4 3952/6/4
f 3953/6/4 3954/6/4 3955/6/4
f 3955/6/4 3954/6/4 3956/6/4
f 3957/6/4 3958/6/4 3961/6/4
f 3959/6/4 3960/6/4 3963/6/4
f 3963/6/4 3960/6/4 3964/6/4
f 3961/6/4 3962/6/4 3965/6/4
f 3957/6/4 3961/6/4 3965/6/4
f 3965/6/4 3962/6/4 3966/6/4
f 3966/6/4 3962/6/4 3967/6/4
f 3957/6/4 3965/6/4 3968/6/4
f 3957/6/4 3968/6/4 3971/6/4
f 3969/6/4 3970/6/4 3971/6/4
f 3968/6/4 3969/6/4 3971/6/4
f 3971/6/4 3970/6/4 3972/6/4
f 3973/6/4 3974/6/4 3975/6/4
f 3975/6/4 3974/6/4 3976/6/4
f 3957/6/4 3971/6/4 3977/6/4
f 3977/6/4 3971/6/4 3978/6/4
f 3979/6/4 3980/6/4 3985/6/4
f 3985/6/4 3980/6/4 3986/6/4
f 3981/6/4 3982/6/4 3987/6/4
f 3987/6/4 3982/6/4 3988/6/4
f 3987/1/4 3988/1/4 3989/1/4
f 3989/1/4 3988/1/4 3990/1/4
f 3989/2/4 3990/2/4 3991/2/4
f 3991/2/4 3990/2/4 3992/2/4
f 3991/6/4 3992/6/4 3995/6/4
f 3993/6/4 3994/6/4 3996/6/4
f 3996/6/4 3994/6/4 3997/6/4
f 3991/6/4 3995/6/4 3998/6/4
f 3998/6/4 3995/6/4 3999/6/4
f 3998/1/4 3999/1/4 4000/1/4
f 4000/1/4 3999/1/4 4001/1/4
f 4000/6/4 4001/6/4 4002/6/4
f 4000/6/4 4002/6/4 4003/6/4
f 4003/6/4 4002/6/4 4004/6/4
f 4003/2/4 4004/2/4 4005/2/4
f 4005/2/4 4004/2/4 4006/2/4
f 4005/1/4 4006/1/4 4007/1/4
f 4007/1/4 4006/1/4 4008/1/4
f 4007/6/4 4008/6/4 4009/6/4
f 4009/6/4 4008/6/4 4010/6/4
f 3983/6/4 3984/6/4 4011/6/4
f 4011/6/4 3984/6/4 4012/6/4
f 4015/6/4 4016/6/4 4017/6/4
f 4017/6/4 4016/6/4 4018/6/4
f 4013/6/4 4014/6/4 4019/6/4
f 4019/6/4 4014/6/4 4020/6/4
f 4021/7/4 4022/7/4 4023/7/4
f 4023/7/4 4022/7/4 4024/7/4
f 4025/6/4 4026/6/4 4029/6/4
f 4029/6/4 4026/6/4 4030/6/4
f 4029/1/4 4030/1/4 4033/1/4
f 4033/1/4 4030/1/4 4034/1/4
f 4031/1/4 4032/1/4 4035/1/4
f 4035/1/4 4032/1/4 4036/1/4
f 4033/6/4 4034/6/4 4037/6/4
f 4037/6/4 4034/6/4 4038/6/4
f 4037/1/4 4038/1/4 4039/1/4
f 4039/1/4 4038/1/4 4040/1/4
f 4039/6/4 4040/6/4 4041/6/4
f 4041/6/4 4040/6/4 4042/6/4
f 4041/1/4 4042/1/4 4043/1/4
f 4043/1/4 4042/1/4 4044/1/4
f 4043/6/4 4044/6/4 4045/6/4
f 4045/6/4 4044/6/4 4046/6/4
f 4045/1/4 4046/1/4 4047/1/4
f 4047/1/4 4046/1/4 4048/1/4
f 4047/6/4 4048/6/4 4049/6/4
f 4049/6/4 4048/6/4 4050/6/4
f 4049/1/4 4050/1/4 4051/1/4
f 4051/1/4 4050/1/4 4052/1/4
f 4051/6/4 4052/6/4 4055/6/4
f 4055/6/4 4052/6/4 4056/6/4
f 4027/6/4 4028/6/4 4057/6/4
f 4057/6/4 4028/6/4 4058/6/4
f 4053/7/4 4054/7/4 4059/7/4
f 4059/7/4 4054/7/4 4060/7/4
f 4061/6/4 4062/6/4 4063/6/4
f 4063/6/4 4062/6/4 4064/6/4
f 4065/6/4 4066/6/4 4067/6/4
f 4067/6/4 4066/6/4 4068/6/4
f 4069/6/4 4070/6/4 4073/6/4
f 4073/6/4 4070/6/4 4074/6/4
f 4071/6/4 4072/6/4 4075/6/4
f 4075/6/4 4072/6/4 4076/6/4
f 4077/6/4 4078/6/4 4079/6/4
f 4079/6/4 4078/6/4 4080/6/4
f 4081/6/4 4082/6/4 4083/6/4
f 4083/6/4 4082/6/4 4084/6/4
f 4084/6/4 4082/6/4 4085/6/4
f 4083/7/4 4084/7/4 4086/7/4
f 4084/6/4 4085/6/4 4087/6/4
f 4086/7/4 4084/7/4 4087/7/4
f 4087/6/4 4085/6/4 4088/6/4
f 4088/6/4 4089/6/4 4094/6/4
f 4094/6/4 4089/6/4 4095/6/4
f 4092/2/4 4093/2/4 4096/2/4
f 4096/2/4 4093/2/4 4097/2/4
f 4094/2/4 4095/2/4 4098/2/4
f 4098/2/4 4095/2/4 4099/2/4
f 4092/2/4 4096/2/4 4100/2/4
f 4097/2/4 4093/2/4 4101/2/4
f 4098/1/4 4099/1/4 4102/1/4
f 4102/1/4 4099/1/4 4103/1/4
f 4092/2/4 4100/2/4 4104/2/4
f 4100/2/4 4101/2/4 4104/2/4
f 4101/2/4 4093/2/4 4105/2/4
f 4104/2/4 4101/2/4 4105/2/4
f 4102/6/4 4103/6/4 4106/6/4
f 4106/6/4 4103/6/4 4107/6/4
f 4106/1/4 4107/1/4 4108/1/4
f 4108/1/4 4107/1/4 4109/1/4
f 4108/6/4 4109/6/4 4110/6/4
f 4110/6/4 4109/6/4 4111/6/4
f 4110/1/4 4111/1/4 4112/1/4
f 4112/1/4 4111/1/4 4113/1/4
f 4112/6/4 4113/6/4 4114/6/4
f 4114/6/4 4113/6/4 4115/6/4
f 4114/1/4 4115/1/4 4116/1/4
f 4116/1/4 4115/1/4 4117/1/4
f 4116/2/4 4117/2/4 4118/2/4
f 4118/2/4 4117/2/4 4119/2/4
f 4118/6/4 4119/6/4 4122/6/4
f 4122/6/4 4119/6/4 4123/6/4
f 4090/6/4 4091/6/4 4124/6/4
f 4124/6/4 4091/6/4 4125/6/4
f 4120/7/4 4121/7/4 4126/7/4
f 4121/6/4 4122/6/4 4127/6/4
f 4126/7/4 4121/7/4 4127/7/4
f 4127/6/4 4122/6/4 4128/6/4
f 4126/6/4 4127/6/4 4129/6/4
f 4127/6/4 4128/6/4 4129/6/4
f 4129/6/4 4128/6/4 4130/6/4
f 4133/6/4 4134/6/4 4135/6/4
f 4135/6/4 4134/6/4 4136/6/4
f 4135/7/4 4136/7/4 4137/7/4
f 4137/7/4 4136/7/4 4138/7/4
f 4131/6/4 4132/6/4 4140/6/4
f 4140/6/4 4132/6/4 4141/6/4
f 4138/6/4 4139/6/4 4143/6/4
f 4143/6/4 4139/6/4 4144/6/4
f 4142/7/4 4143/7/4 4147/7/4
f 4147/7/4 4143/7/4 4148/7/4
f 4147/6/4 4148/6/4 4149/6/4
f 4149/6/4 4148/6/4 4150/6/4
f 4145/6/4 4146/6/4 4151/6/4
f 4151/6/4 4146/6/4 4152/6/4
f 4155/6/4 4156/6/4 4157/6/4
f 4157/6/4 4156/6/4 4158/6/4
f 4153/6/4 4154/6/4 4159/6/4
f 4159/6/4 4154/6/4 4160/6/4
f 4161/6/4 4162/6/4 4165/6/4
f 4165/6/4 4162/6/4 4166/6/4
f 4163/6/4 4164/6/4 4167/6/4
f 4167/6/4 4164/6/4 4168/6/4
f 4169/6/4 4170/6/4 4171/6/4
f 4171/6/4 4170/6/4 4172/6/4
f 4173/6/4 4174/6/4 4175/6/4
f 4175/6/4 4174/6/4 4176/6/4
f 4181/7/5 4178/7/5 4177/7/5
f 4182/7/5 4178/7/5 4181/7/5
f 4183/7/5 4180/7/5 4179/7/5
f 4184/7/5 4180/7/5 4183/7/5
f 4185/6/5 4182/6/5 4181/6/5
f 4186/6/5 4182/6/5 4185/6/5
f 4187/6/5 4184/6/5 4183/6/5
f 4188/6/5 4184/6/5 4187/6/5
f 4189/7/5 4186/7/5 4185/7/5
f 4190/7/5 4186/7/5 4189/7/5
f 4191/7/5 4188/7/5 4187/7/5
f 4192/7/5 4188/7/5 4191/7/5
f 4193/6/5 4190/6/5 4189/6/5
f 4194/6/5 4190/6/5 4193/6/5
f 4195/6/5 4192/6/5 4191/6/5
f 4196/6/5 4192/6/5 4195/6/5
f 4197/7/5 4194/7/5 4193/7/5
f 4198/7/5 4194/7/5 4197/7/5
f 4199/7/5 4196/7/5 4195/7/5
f 4200/7/5 4196/7/5 4199/7/5
f 4201/6/5 4198/6/5 4197/6/5
f 4202/6/5 4198/6/5 4201/6/5
f 4203/6/5 4200/6/5 4199/6/5
f 4204/6/5 4200/6/5 4203/6/5
f 4205/7/5 4202/7/5 4201/7/5
f 4206/7/5 4202/7/5 4205/7/5
f 4207/7/5 4204/7/5 4203/7/5
f 4208/7/5 4204/7/5 4207/7/5
f 4209/6/5 4206/6/5 4205/6/5
f 4210/6/5 4206/6/5 4209/6/5
f 4211/6/5 4208/6/5 4207/6/5
f 4212/6/5 4208/6/5 4211/6/5
f 4213/7/5 4210/7/5 4209/7/5
f 4214/7/5 4210/7/5 4213/7/5
f 4215/7/5 4212/7/5 4211/7/5
f 4216/7/5 4212/7/5 4215/7/5
f 4217/6/5 4214/6/5 4213/6/5
f 4218/6/5 4214/6/5 4217/6/5
f 4219/6/5 4216/6/5 4215/6/5
f 4220/6/5 4216/6/5 4219/6/5
f 4221/7/5 4218/7/5 4217/7/5
f 4222/7/5 4218/7/5 4221/7/5
f 4223/7/5 4220/7/5 4219/7/5
f 4224/7/5 4220/7/5 4223/7/5
f 4225/6/5 4222/6/5 4221/6/5
f 4226/6/5 4222/6/5 4225/6/5
f 4227/6/5 4224/6/5 4223/6/5
f 4228/6/5 4224/6/5 4227/6/5
f 4229/7/5 4226/7/5 4225/7/5
f 4230/7/5 4226/7/5 4229/7/5
f 4231/7/5 4228/7/5 4227/7/5
f 4232/7/5 4228/7/5 4231/7/5
f 4233/6/5 4230/6/5 4229/6/5
f 4234/6/5 4230/6/5 4233/6/5
f 4235/6/5 4232/6/5 4231/6/5
f 4236/6/5 4232/6/5 4235/6/5
f 4237/7/5 4234/7/5 4233/7/5
f 4238/7/5 4234/7/5 4237/7/5
f 4239/7/5 4236/7/5 4235/7/5
f 4240/7/5 4236/7/5 4239/7/5
f 4241/6/5 4238/6/5 4237/6/5
f 4242/6/5 4238/6/5 4241/6/5
f 4243/6/5 4240/6/5 4239/6/5
f 4244/6/5 4240/6/5 4243/6/5
f 4245/7/5 4242/7/5 4241/7/5
f 4246/7/5 4242/7/5 4245/7/5
f 4247/7/5 4244/7/5 4243/7/5
f 4248/7/5 4244/7/5 4247/7/5
f 4249/6/5 4246/6/5 4245/6/5
f 4250/6/5 4246/6/5 4249/6/5
f 4251/6/5 4248/6/5 4247/6/5
f 4252/6/5 4248/6/5 4251/6/5
f 4253/7/5 4250/7/5 4249/7/5
f 4254/7/5 4250/7/5 4253/7/5
f 4255/7/5 4252/7/5 4251/7/5
f 4256/7/5 4252/7/5 4255/7/5
f 4257/6/5 4254/6/5 4253/6/5
f 4258/6/5 4254/6/5 4257/6/5
f 4259/6/5 4256/6/5 4255/6/5
f 4260/6/5 4256/6/5 4259/6/5
f 4261/7/5 4258/7/5 4257/7/5
f 4262/7/5 4258/7/5 4261/7/5
f 4263/7/5 4260/7/5 4259/7/5
f 4264/7/5 4260/7/5 4263/7/5
f 4265/6/5 4262/6/5 4261/6/5
f 4266/6/5 4262/6/5 4265/6/5
f 4267/6/5 4264/6/5 4263/6/5
f 4268/6/5 4264/6/5 4267/6/5
f 4269/7/5 4266/7/5 4265/7/5
f 4270/7/5 4266/7/5 4269/7/5
f 4271/7/5 4268/7/5 4267/7/5
f 4272/7/5 4268/7/5 4271/7/5
f 4273/6/5 4270/6/5 4269/6/5
f 4274/6/5 4270/6/5 4273/6/5
f 4275/6/5 4272/6/5 4271/6/5
f 4276/6/5 4272/6/5 4275/6/5
f 4277/7/5 4274/7/5 4273/7/5
f 4278/7/5 4274/7/5 4277/7/5
f 4279/7/5 4276/7/5 4275/7/5
f 4280/7/5 4276/7/5 4279/7/5
f 4281/6/5 4278/6/5 4277/6/5
f 4282/6/5 4278/6/5 4281/6/5
f 4283/6/5 4280/6/5 4279/6/5
f 4284/6/5 4280/6/5 4283/6/5
f 4285/7/5 4282/7/5 4281/7/5
f 4286/7/5 4282/7/5 4285/7/5
f 4287/7/5 4284/7/5 4283/7/5
f 4288/7/5 4284/7/5 4287/7/5
f 4289/6/5 4286/6/5 4285/6/5
f 4290/6/5 4286/6/5 4289/6/5
f 4291/6/5 4288/6/5 4287/6/5
f 4292/6/5 4288/6/5 4291/6/5
f 4293/7/5 4290/7/5 4289/7/5
f 4294/7/5 4290/7/5 4293/7/5
f 4295/7/5 4292/7/5 4291/7/5
f 4296/7/5 4292/7/5 4295/7/5
f 4297/6/5 4294/6/5 4293/6/5
f 4298/6/5 4294/6/5 4297/6/5
f 4299/6/5 4296/6/5 4295/6/5
f 4300/6/5 4296/6/5 4299/6/5
f 4301/7/5 4298/7/5 4297/7/5
f 4302/7/5 4298/7/5 4301/7/5
f 4303/7/5 4300/7/5 4299/7/5
f 4304/7/5 4300/7/5 4303/7/5
f 4305/6/5 4302/6/5 4301/6/5
f 4306/6/5 4302/6/5 4305/6/5
f 4307/6/5 4304/6/5 4303/6/5
f 4308/6/5 4304/6/5 4307/6/5
f 4309/7/5 4306/7/5 4305/7/5
f 4310/7/5 4306/7/5 4309/7/5
f 4311/7/5 4308/7/5 4307/7/5
f 4312/7/5 4308/7/5 4311/7/5
f 4313/6/5 4310/6/5 4309/6/5
f 4314/6/5 4310/6/5 4313/6/5
f 4315/6/5 4312/6/5 4311/6/5
f 4316/6/5 4312/6/5 4315/6/5
f 4317/7/5 4314/7/5 4313/7/5
f 4318/7/5 4314/7/5 4317/7/5
f 4319/7/5 4316/7/5 4315/7/5
f 4320/7/5 4316/7/5 4319/7/5
f 4321/6/5 4318/6/5 4317/6/5
f 4322/6/5 4318/6/5 4321/6/5
f 4323/6/5 4320/6/5 4319/6/5
f 4324/6/5 4320/6/5 4323/6/5
f 4325/7/5 4322/7/5 4321/7/5
f 4326/7/5 4322/7/5 4325/7/5
f 4327/7/5 4324/7/5 4323/7/5
f 4328/7/5 4324/7/5 4327/7/5
f 4329/6/5 4326/6/5 4325/6/5
f 4330/6/5 4326/6/5 4329/6/5
f 4331/6/5 4328/6/5 4327/6/5
f 4332/6/5 4328/6/5 4331/6/5
f 4337/7/5 4334/7/5 4333/7/5
f 4338/7/5 4334/7/5 4337/7/5
f 4339/7/5 4336/7/5 4335/7/5
f 4340/7/5 4336/7/5 4339/7/5
f 4341/6/5 4338/6/5 4337/6/5
f 4342/6/5 4338/6/5 4341/6/5
f 4343/6/5 4340/6/5 4339/6/5
f 4344/6/5 4340/6/5 4343/6/5
f 4345/7/5 4342/7/5 4341/7/5
f 4346/7/5 4342/7/5 4345/7/5
f 4347/7/5 4344/7/5 4343/7/5
f 4348/7/5 4344/7/5 4347/7/5
f 4349/6/5 4346/6/5 4345/6/5
f 4350/6/5 4346/6/5 4349/6/5
f 4351/6/5 4348/6/5 4347/6/5
f 4352/6/5 4348/6/5 4351/6/5
f 4357/7/5 4354/7/5 4353/7/5
f 4358/7/5 4354/7/5 4357/7/5
f 4359/7/5 4356/7/5 4355/7/5
f 4360/7/5 4356/7/5 4359/7/5
f 4361/6/5 4358/6/5 4357/6/5
f 4362/6/5 4358/6/5 4361/6/5
f 4363/6/5 4360/6/5 4359/6/5
f 4364/6/5 4360/6/5 4363/6/5
f 4369/6/5 4366/6/5 4365/6/5
f 4370/6/5 4366/6/5 4369/6/5
f 4371/6/5 4368/6/5 4367/6/5
f 4372/6/5 4368/6/5 4371/6/5
f 4373/7/5 4370/7/5 4369/7/5
f 4374/7/5 4370/7/5 4373/7/5
f 4375/7/5 4370/7/5 4374/7/5
f 4376/7/5 4372/7/5 4371/7/5
f 4377/7/5 4372/7/5 4376/7/5
f 4378/7/5 4372/7/5 4377/7/5
f 4379/4/5 4374/4/5 4373/4/5
f 4380/6/5 4375/6/5 4374/6/5
f 4380/4/5 4374/4/5 4379/4/5
f 4381/6/5 4375/6/5 4380/6/5
f 4382/6/5 4377/6/5 4376/6/5
f 4383/4/5 4378/4/5 4377/4/5
f 4383/6/5 4377/6/5 4382/6/5
f 4384/4/5 4378/4/5 4383/4/5
f 4389/7/5 4386/7/5 4385/7/5
f 4390/7/5 4386/7/5 4389/7/5
f 4391/7/5 4388/7/5 4387/7/5
f 4392/7/5 4388/7/5 4391/7/5
f 4393/6/5 4390/6/5 4389/6/5
f 4394/6/5 4390/6/5 4393/6/5
f 4395/6/5 4392/6/5 4391/6/5
f 4396/6/5 4392/6/5 4395/6/5
f 4397/7/5 4394/7/5 4393/7/5
f 4398/7/5 4394/7/5 4397/7/5
f 4399/7/5 4396/7/5 4395/7/5
f 4400/7/5 4396/7/5 4399/7/5
f 4405/7/5 4402/7/5 4401/7/5
f 4406/7/5 4402/7/5 4405/7/5
f 4407/7/5 4404/7/5 4403/7/5
f 4408/7/5 4404/7/5 4407/7/5
f 4413/6/5 4410/6/5 4409/6/5
f 4414/6/5 4410/6/5 4413/6/5
f 4415/6/5 4412/6/5 4411/6/5
f 4416/6/5 4412/6/5 4415/6/5
f 4419/6/5 4418/6/5 4417/6/5
f 4420/6/5 4418/6/5 4419/6/5
f 4421/6/5 4418/6/5 4420/6/5
f 4422/6/5 4418/6/5 4421/6/5
f 4423/6/5 4419/6/5 4417/6/5
f 4424/6/5 4421/6/5 4420/6/5
f 4425/6/5 4421/6/5 4424/6/5
f 4426/6/5 4418/6/5 4422/6/5
f 4427/6/5 4423/6/5 4417/6/5
f 4428/6/5 4418/6/5 4426/6/5
f 4429/6/5 4427/6/5 4417/6/5
f 4430/6/5 4418/6/5 4428/6/5
f 4431/6/5 4429/6/5 4417/6/5
f 4432/6/5 4418/6/5 4430/6/5
f 4433/6/5 4431/6/5 4417/6/5
f 4434/6/5 4418/6/5 4432/6/5
f 4435/6/5 4433/6/5 4417/6/5
f 4436/6/5 4418/6/5 4434/6/5
f 4437/6/5 4435/6/5 4417/6/5
f 4438/6/5 4418/6/5 4436/6/5
f 4439/6/5 4437/6/5 4417/6/5
f 4440/6/5 4418/6/5 4438/6/5
f 4443/6/5 4439/6/5 4417/6/5
f 4444/6/5 4418/6/5 4440/6/5
f 4448/7/5 4442/7/5 4441/7/5
f 4449/6/5 4443/6/5 4442/6/5
f 4449/6/5 4439/6/5 4443/6/5
f 4450/6/5 4444/6/5 4440/6/5
f 4450/6/5 4445/6/5 4444/6/5
f 4451/7/5 4446/7/5 4445/7/5
f 4454/7/5 4448/7/5 4447/7/5
f 4455/7/5 4442/7/5 4448/7/5
f 4455/7/5 4448/7/5 4454/7/5
f 4456/6/5 4449/6/5 4442/6/5
f 4457/6/5 4445/6/5 4450/6/5
f 4458/7/5 4452/7/5 4451/7/5
f 4458/7/5 4451/7/5 4445/7/5
f 4459/7/5 4452/7/5 4458/7/5
f 4461/6/5 4456/6/5 4442/6/5
f 4462/6/5 4445/6/5 4457/6/5
f 4463/6/5 4461/6/5 4442/6/5
f 4464/6/5 4445/6/5 4462/6/5
f 4465/6/5 4463/6/5 4442/6/5
f 4466/6/5 4445/6/5 4464/6/5
f 4467/6/5 4465/6/5 4442/6/5
f 4468/6/5 4445/6/5 4466/6/5
f 4469/6/5 4467/6/5 4442/6/5
f 4470/6/5 4445/6/5 4468/6/5
f 4471/6/5 4469/6/5 4442/6/5
f 4472/6/5 4445/6/5 4470/6/5
f 4473/6/5 4471/6/5 4442/6/5
f 4474/6/5 4445/6/5 4472/6/5
f 4475/6/5 4473/6/5 4442/6/5
f 4476/6/5 4445/6/5 4474/6/5
f 4477/6/5 4475/6/5 4442/6/5
f 4478/6/5 4445/6/5 4476/6/5
f 4479/6/5 4477/6/5 4442/6/5
f 4480/6/5 4445/6/5 4478/6/5
f 4481/6/5 4479/6/5 4442/6/5
f 4482/6/5 4445/6/5 4480/6/5
f 4483/6/5 4481/6/5 4442/6/5
f 4484/6/5 4445/6/5 4482/6/5
f 4485/6/5 4483/6/5 4442/6/5
f 4486/6/5 4445/6/5 4484/6/5
f 4487/7/5 4454/7/5 4453/7/5
f 4488/6/5 4455/6/5 4454/6/5
f 4488/7/5 4454/7/5 4487/7/5
f 4489/7/5 4442/7/5 4455/7/5
f 4489/6/5 4455/6/5 4488/6/5
f 4490/7/5 4458/7/5 4445/7/5
f 4490/6/5 4459/6/5 4458/6/5
f 4491/7/5 4460/7/5 4459/7/5
f 4491/6/5 4459/6/5 4490/6/5
f 4492/7/5 4460/7/5 4491/7/5
f 4493/7/5 4489/7/5 4488/7/5
f 4494/7/5 4489/7/5 4493/7/5
f 4495/6/5 4485/6/5 4442/6/5
f 4496/6/5 4445/6/5 4486/6/5
f 4497/7/5 4491/7/5 4490/7/5
f 4498/7/5 4491/7/5 4497/7/5
f 4499/7/5 4489/7/5 4494/7/5
f 4500/6/5 4495/6/5 4442/6/5
f 4500/7/5 4489/7/5 4499/7/5
f 4500/7/5 4442/7/5 4489/7/5
f 4501/6/5 4495/6/5 4500/6/5
f 4502/6/5 4495/6/5 4501/6/5
f 4503/6/5 4445/6/5 4496/6/5
f 4504/6/5 4445/6/5 4503/6/5
f 4505/7/5 4490/7/5 4445/7/5
f 4505/6/5 4445/6/5 4504/6/5
f 4505/7/5 4497/7/5 4490/7/5
f 4506/7/5 4497/7/5 4505/7/5
f 4507/6/5 4502/6/5 4501/6/5
f 4508/6/5 4504/6/5 4503/6/5
f 4509/6/5 4507/6/5 4501/6/5
f 4510/6/5 4504/6/5 4508/6/5
f 4511/6/5 4509/6/5 4501/6/5
f 4512/6/5 4504/6/5 4510/6/5
f 4513/6/5 4511/6/5 4501/6/5
f 4514/6/5 4504/6/5 4512/6/5
f 4515/6/5 4513/6/5 4501/6/5
f 4516/6/5 4425/6/5 4424/6/5
f 4517/6/5 4425/6/5 4516/6/5
f 4518/6/5 4425/6/5 4517/6/5
f 4519/6/5 4425/6/5 4518/6/5
f 4520/6/5 4425/6/5 4519/6/5
f 4521/6/5 4425/6/5 4520/6/5
f 4522/6/5 4425/6/5 4521/6/5
f 4523/6/5 4425/6/5 4522/6/5
f 4524/6/5 4504/6/5 4514/6/5
f 4525/6/5 4516/6/5 4424/6/5
f 4526/1/5 4517/1/5 4516/1/5
f 4526/6/5 4516/6/5 4525/6/5
f 4527/2/5 4518/2/5 4517/2/5
f 4527/1/5 4517/1/5 4526/1/5
f 4528/6/5 4519/6/5 4518/6/5
f 4528/2/5 4518/2/5 4527/2/5
f 4529/1/5 4520/1/5 4519/1/5
f 4529/6/5 4519/6/5 4528/6/5
f 4530/6/5 4521/6/5 4520/6/5
f 4530/1/5 4520/1/5 4529/1/5
f 4531/2/5 4522/2/5 4521/2/5
f 4531/6/5 4521/6/5 4530/6/5
f 4532/1/5 4523/1/5 4522/1/5
f 4532/2/5 4522/2/5 4531/2/5
f 4533/6/5 4425/6/5 4523/6/5
f 4533/1/5 4523/1/5 4532/1/5
f 4534/6/5 4425/6/5 4533/6/5
f 4535/6/5 4515/6/5 4501/6/5
f 4536/6/5 4504/6/5 4524/6/5
f 4537/6/5 4535/6/5 4501/6/5
f 4540/6/5 4504/6/5 4536/6/5
f 4541/6/5 4537/6/5 4501/6/5
f 4542/7/5 4538/7/5 4537/7/5
f 4542/6/5 4537/6/5 4541/6/5
f 4543/7/5 4538/7/5 4542/7/5
f 4544/7/5 4540/7/5 4539/7/5
f 4545/6/5 4504/6/5 4540/6/5
f 4545/7/5 4540/7/5 4544/7/5
f 4546/6/5 4504/6/5 4545/6/5
f 4559/6/5 4548/6/5 4547/6/5
f 4559/6/5 4549/6/5 4548/6/5
f 4559/6/5 4550/6/5 4549/6/5
f 4559/6/5 4551/6/5 4550/6/5
f 4560/6/5 4551/6/5 4559/6/5
f 4561/6/5 4551/6/5 4560/6/5
f 4562/2/5 4552/2/5 4551/2/5
f 4562/6/5 4551/6/5 4561/6/5
f 4563/6/5 4553/6/5 4552/6/5
f 4563/2/5 4552/2/5 4562/2/5
f 4564/2/5 4554/2/5 4553/2/5
f 4564/6/5 4553/6/5 4563/6/5
f 4565/6/5 4558/6/5 4557/6/5
f 4565/2/5 4554/2/5 4564/2/5
f 4565/6/5 4557/6/5 4556/6/5
f 4565/6/5 4556/6/5 4555/6/5
f 4565/6/5 4555/6/5 4554/6/5
f 4566/6/5 4558/6/5 4565/6/5
f 4567/6/5 4558/6/5 4566/6/5
f 4568/6/5 4558/6/5 4567/6/5
f 4569/6/5 4559/6/5 4547/6/5
f 4570/1/5 4560/1/5 4559/1/5
f 4570/6/5 4559/6/5 4569/6/5
f 4571/6/5 4561/6/5 4560/6/5
f 4571/1/5 4560/1/5 4570/1/5
f 4572/1/5 4562/1/5 4561/1/5
f 4572/6/5 4561/6/5 4571/6/5
f 4573/6/5 4563/6/5 4562/6/5
f 4573/1/5 4562/1/5 4572/1/5
f 4574/1/5 4564/1/5 4563/1/5
f 4574/6/5 4563/6/5 4573/6/5
f 4575/6/5 4565/6/5 4564/6/5
f 4575/1/5 4564/1/5 4574/1/5
f 4576/1/5 4566/1/5 4565/1/5
f 4576/6/5 4565/6/5 4575/6/5
f 4577/6/5 4567/6/5 4566/6/5
f 4577/1/5 4566/1/5 4576/1/5
f 4578/1/5 4568/1/5 4567/1/5
f 4578/6/5 4567/6/5 4577/6/5
f 4579/6/5 4558/6/5 4568/6/5
f 4579/1/5 4568/1/5 4578/1/5
f 4580/6/5 4558/6/5 4579/6/5
f 4584/6/5 4582/6/5 4581/6/5
f 4585/6/5 4582/6/5 4584/6/5
f 4587/6/5 4584/6/5 4583/6/5
f 4587/6/5 4586/6/5 4585/6/5
f 4587/6/5 4585/6/5 4584/6/5
f 4588/6/5 4586/6/5 4587/6/5
f 4589/6/5 4586/6/5 4588/6/5
f 4590/6/5 4586/6/5 4589/6/5
f 4591/6/5 4586/6/5 4590/6/5
f 4592/6/5 4586/6/5 4591/6/5
f 4601/2/5 4598/2/5 4597/2/5
f 4602/2/5 4598/2/5 4601/2/5
f 4603/2/5 4600/2/5 4599/2/5
f 4604/2/5 4600/2/5 4603/2/5
f 4605/6/5 4602/6/5 4601/6/5
f 4606/6/5 4602/6/5 4605/6/5
f 4607/6/5 4604/6/5 4603/6/5
f 4608/6/5 4604/6/5 4607/6/5
f 4609/1/5 4606/1/5 4605/1/5
f 4610/6/5 4602/6/5 4606/6/5
f 4610/1/5 4606/1/5 4609/1/5
f 4611/6/5 4607/6/5 4603/6/5
f 4611/1/5 4608/1/5 4607/1/5
f 4612/1/5 4608/1/5 4611/1/5
f 4613/6/5 4610/6/5 4609/6/5
f 4614/6/5 4602/6/5 4610/6/5
f 4614/6/5 4610/6/5 4613/6/5
f 4615/6/5 4611/6/5 4603/6/5
f 4615/6/5 4612/6/5 4611/6/5
f 4616/6/5 4612/6/5 4615/6/5
f 4617/1/5 4614/1/5 4613/1/5
f 4618/6/5 4602/6/5 4614/6/5
f 4618/1/5 4614/1/5 4617/1/5
f 4619/6/5 4602/6/5 4618/6/5
f 4620/6/5 4594/6/5 4593/6/5
f 4621/6/5 4594/6/5 4620/6/5
f 4622/6/5 4596/6/5 4595/6/5
f 4623/6/5 4596/6/5 4622/6/5
f 4624/6/5 4615/6/5 4603/6/5
f 4625/1/5 4616/1/5 4615/1/5
f 4625/6/5 4615/6/5 4624/6/5
f 4626/1/5 4616/1/5 4625/1/5
f 4627/6/5 4618/6/5 4617/6/5
f 4628/6/5 4618/6/5 4627/6/5
f 4629/6/5 4626/6/5 4625/6/5
f 4630/6/5 4626/6/5 4629/6/5
f 4635/6/5 4632/6/5 4631/6/5
f 4636/6/5 4632/6/5 4635/6/5
f 4643/6/5 4634/6/5 4633/6/5
f 4644/6/5 4634/6/5 4643/6/5
f 4645/1/5 4636/1/5 4635/1/5
f 4646/6/5 4637/6/5 4636/6/5
f 4646/1/5 4636/1/5 4645/1/5
f 4647/6/5 4643/6/5 4642/6/5
f 4647/1/5 4644/1/5 4643/1/5
f 4648/1/5 4644/1/5 4647/1/5
f 4649/6/5 4646/6/5 4645/6/5
f 4650/6/5 4637/6/5 4646/6/5
f 4650/6/5 4646/6/5 4649/6/5
f 4652/6/5 4639/6/5 4638/6/5
f 4653/6/5 4641/6/5 4640/6/5
f 4655/6/5 4647/6/5 4642/6/5
f 4655/6/5 4648/6/5 4647/6/5
f 4656/6/5 4648/6/5 4655/6/5
f 4657/1/5 4650/1/5 4649/1/5
f 4658/6/5 4637/6/5 4650/6/5
f 4658/1/5 4650/1/5 4657/1/5
f 4659/6/5 4655/6/5 4642/6/5
f 4659/1/5 4656/1/5 4655/1/5
f 4660/1/5 4656/1/5 4659/1/5
f 4661/6/5 4658/6/5 4657/6/5
f 4662/6/5 4637/6/5 4658/6/5
f 4662/6/5 4658/6/5 4661/6/5
f 4663/6/5 4659/6/5 4642/6/5
f 4663/6/5 4660/6/5 4659/6/5
f 4664/6/5 4660/6/5 4663/6/5
f 4665/2/5 4662/2/5 4661/2/5
f 4666/2/5 4662/2/5 4665/2/5
f 4667/2/5 4664/2/5 4663/2/5
f 4668/2/5 4664/2/5 4667/2/5
f 4669/5/5 4652/5/5 4651/5/5
f 4670/6/5 4639/6/5 4652/6/5
f 4670/5/5 4652/5/5 4669/5/5
f 4671/5/5 4654/5/5 4653/5/5
f 4671/6/5 4653/6/5 4640/6/5
f 4672/5/5 4654/5/5 4671/5/5
f 4685/6/5 4639/6/5 4670/6/5
f 4686/6/5 4639/6/5 4685/6/5
f 4687/6/5 4684/6/5 4683/6/5
f 4687/6/5 4674/6/5 4673/6/5
f 4687/6/5 4675/6/5 4674/6/5
f 4687/6/5 4683/6/5 4682/6/5
f 4687/6/5 4682/6/5 4681/6/5
f 4687/6/5 4681/6/5 4680/6/5
f 4687/6/5 4680/6/5 4679/6/5
f 4687/6/5 4679/6/5 4678/6/5
f 4687/6/5 4678/6/5 4677/6/5
f 4687/6/5 4677/6/5 4676/6/5
f 4687/6/5 4676/6/5 4675/6/5
f 4688/6/5 4684/6/5 4687/6/5
f 4689/6/5 4684/6/5 4688/6/5
f 4690/6/5 4684/6/5 4689/6/5
f 4691/6/5 4684/6/5 4690/6/5
f 4692/6/5 4684/6/5 4691/6/5
f 4693/6/5 4684/6/5 4692/6/5
f 4694/6/5 4684/6/5 4693/6/5
f 4695/6/5 4684/6/5 4694/6/5
f 4696/6/5 4684/6/5 4695/6/5
f 4697/6/5 4671/6/5 4640/6/5
f 4698/6/5 4671/6/5 4697/6/5
f 4701/6/5 4687/6/5 4673/6/5
f 4702/2/5 4688/2/5 4687/2/5
f 4702/6/5 4687/6/5 4701/6/5
f 4703/1/5 4689/1/5 4688/1/5
f 4703/2/5 4688/2/5 4702/2/5
f 4704/6/5 4690/6/5 4689/6/5
f 4704/1/5 4689/1/5 4703/1/5
f 4705/1/5 4691/1/5 4690/1/5
f 4705/6/5 4690/6/5 4704/6/5
f 4706/6/5 4692/6/5 4691/6/5
f 4706/1/5 4691/1/5 4705/1/5
f 4707/1/5 4693/1/5 4692/1/5
f 4707/6/5 4692/6/5 4706/6/5
f 4708/6/5 4694/6/5 4693/6/5
f 4708/1/5 4693/1/5 4707/1/5
f 4709/1/5 4695/1/5 4694/1/5
f 4709/6/5 4694/6/5 4708/6/5
f 4710/2/5 4696/2/5 4695/2/5
f 4710/1/5 4695/1/5 4709/1/5
f 4711/6/5 4684/6/5 4696/6/5
f 4711/2/5 4696/2/5 4710/2/5
f 4712/6/5 4684/6/5 4711/6/5
f 4715/6/5 4700/6/5 4699/6/5
f 4716/7/5 4701/7/5 4700/7/5
f 4716/6/5 4700/6/5 4715/6/5
f 4717/7/5 4701/7/5 4716/7/5
f 4718/7/5 4713/7/5 4712/7/5
f 4719/6/5 4714/6/5 4713/6/5
f 4719/7/5 4713/7/5 4718/7/5
f 4720/6/5 4714/6/5 4719/6/5
f 4732/7/5 4722/7/5 4721/7/5
f 4733/7/5 4722/7/5 4732/7/5
f 4734/7/5 4724/7/5 4723/7/5
f 4735/7/5 4724/7/5 4734/7/5
f 4736/7/5 4726/7/5 4725/7/5
f 4737/7/5 4726/7/5 4736/7/5
f 4738/7/5 4728/7/5 4727/7/5
f 4739/7/5 4728/7/5 4738/7/5
f 4740/7/5 4730/7/5 4729/7/5
f 4741/7/5 4730/7/5 4740/7/5
f 4743/6/5 4732/6/5 4731/6/5
f 4744/6/5 4732/6/5 4743/6/5
f 4745/6/5 4742/6/5 4741/6/5
f 4746/6/5 4742/6/5 4745/6/5
f 4747/6/5 4743/6/5 4731/6/5
f 4748/7/5 4744/7/5 4743/7/5
f 4748/6/5 4743/6/5 4747/6/5
f 4749/6/5 4732/6/5 4744/6/5
f 4749/7/5 4744/7/5 4748/7/5
f 4750/6/5 4732/6/5 4749/6/5
f 4751/6/5 4745/6/5 4741/6/5
f 4752/7/5 4746/7/5 4745/7/5
f 4752/6/5 4745/6/5 4751/6/5
f 4753/6/5 4742/6/5 4746/6/5
f 4753/7/5 4746/7/5 4752/7/5
f 4754/6/5 4742/6/5 4753/6/5
f 4769/6/5 4756/6/5 4755/6/5
f 4769/6/5 4757/6/5 4756/6/5
f 4769/6/5 4766/6/5 4765/6/5
f 4769/6/5 4765/6/5 4764/6/5
f 4769/6/5 4764/6/5 4763/6/5
f 4769/6/5 4763/6/5 4762/6/5
f 4769/6/5 4762/6/5 4761/6/5
f 4769/6/5 4761/6/5 4760/6/5
f 4769/6/5 4760/6/5 4759/6/5
f 4769/6/5 4759/6/5 4758/6/5
f 4769/6/5 4758/6/5 4757/6/5
f 4770/6/5 4766/6/5 4769/6/5
f 4773/6/5 4768/6/5 4767/6/5
f 4773/6/5 4769/6/5 4768/6/5
f 4774/6/5 4769/6/5 4773/6/5
f 4775/6/5 4772/6/5 4771/6/5
f 4775/6/5 4771/6/5 4770/6/5
f 4776/6/5 4772/6/5 4775/6/5
f 4781/6/5 4778/6/5 4777/6/5
f 4782/6/5 4778/6/5 4781/6/5
f 4783/6/5 4780/6/5 4779/6/5
f 4784/6/5 4780/6/5 4783/6/5
f 4789/5/5 4786/5/5 4785/5/5
f 4790/5/5 4786/5/5 4789/5/5
f 4791/5/5 4788/5/5 4787/5/5
f 4792/5/5 4788/5/5 4791/5/5
f 4797/6/5 4794/6/5 4793/6/5
f 4800/6/5 4796/6/5 4795/6/5
f 4801/6/5 4798/6/5 4797/6/5
f 4801/6/5 4797/6/5 4793/6/5
f 4802/6/5 4798/6/5 4801/6/5
f 4803/6/5 4800/6/5 4799/6/5
f 4804/6/5 4796/6/5 4800/6/5
f 4804/6/5 4800/6/5 4803/6/5
f 4809/7/5 4806/7/5 4805/7/5
f 4810/7/5 4806/7/5 4809/7/5
f 4811/7/5 4808/7/5 4807/7/5
f 4812/7/5 4808/7/5 4811/7/5
f 4817/2/5 4814/2/5 4813/2/5
f 4818/2/5 4814/2/5 4817/2/5
f 4819/2/5 4816/2/5 4815/2/5
f 4820/2/5 4816/2/5 4819/2/5
f 4821/6/5 4818/6/5 4817/6/5
f 4822/6/5 4818/6/5 4821/6/5
f 4823/6/5 4820/6/5 4819/6/5
f 4824/6/5 4820/6/5 4823/6/5
f 4825/1/5 4822/1/5 4821/1/5
f 4826/6/5 4818/6/5 4822/6/5
f 4826/1/5 4822/1/5 4825/1/5
f 4827/6/5 4823/6/5 4819/6/5
f 4827/1/5 4824/1/5 4823/1/5
f 4828/1/5 4824/1/5 4827/1/5
f 4829/6/5 4826/6/5 4825/6/5
f 4830/6/5 4818/6/5 4826/6/5
f 4830/6/5 4826/6/5 4829/6/5
f 4831/6/5 4827/6/5 4819/6/5
f 4831/6/5 4828/6/5 4827/6/5
f 4832/6/5 4828/6/5 4831/6/5
f 4833/1/5 4830/1/5 4829/1/5
f 4834/6/5 4818/6/5 4830/6/5
f 4834/1/5 4830/1/5 4833/1/5
f 4835/6/5 4831/6/5 4819/6/5
f 4835/1/5 4832/1/5 4831/1/5
f 4836/1/5 4832/1/5 4835/1/5
f 4837/6/5 4834/6/5 4833/6/5
f 4838/6/5 4818/6/5 4834/6/5
f 4838/6/5 4834/6/5 4837/6/5
f 4839/6/5 4835/6/5 4819/6/5
f 4839/6/5 4836/6/5 4835/6/5
f 4840/6/5 4836/6/5 4839/6/5
f 4845/6/5 4842/6/5 4841/6/5
f 4846/6/5 4842/6/5 4845/6/5
f 4847/6/5 4844/6/5 4843/6/5
f 4848/6/5 4844/6/5 4847/6/5
f 4849/1/5 4846/1/5 4845/1/5
f 4850/6/5 4842/6/5 4846/6/5
f 4850/1/5 4846/1/5 4849/1/5
f 4851/6/5 4847/6/5 4843/6/5
f 4851/1/5 4848/1/5 4847/1/5
f 4852/1/5 4848/1/5 4851/1/5
f 4853/6/5 4850/6/5 4849/6/5
f 4854/6/5 4842/6/5 4850/6/5
f 4854/6/5 4850/6/5 4853/6/5
f 4855/6/5 4851/6/5 4843/6/5
f 4855/6/5 4852/6/5 4851/6/5
f 4856/6/5 4852/6/5 4855/6/5
f 4857/1/5 4854/1/5 4853/1/5
f 4858/6/5 4842/6/5 4854/6/5
f 4858/1/5 4854/1/5 4857/1/5
f 4859/6/5 4855/6/5 4843/6/5
f 4859/1/5 4856/1/5 4855/1/5
f 4860/1/5 4856/1/5 4859/1/5
f 4861/6/5 4858/6/5 4857/6/5
f 4862/6/5 4842/6/5 4858/6/5
f 4862/6/5 4858/6/5 4861/6/5
f 4863/6/5 4859/6/5 4843/6/5
f 4863/6/5 4860/6/5 4859/6/5
f 4864/6/5 4860/6/5 4863/6/5
f 4865/2/5 4862/2/5 4861/2/5
f 4866/2/5 4862/2/5 4865/2/5
f 4867/2/5 4864/2/5 4863/2/5
f 4868/2/5 4864/2/5 4867/2/5
f 4873/5/5 4870/5/5 4869/5/5
f 4874/5/5 4870/5/5 4873/5/5
f 4875/5/5 4872/5/5 4871/5/5
f 4876/5/5 4872/5/5 4875/5/5
f 4881/7/5 4878/7/5 4877/7/5
f 4882/7/5 4878/7/5 4881/7/5
f 4883/7/5 4880/7/5 4879/7/5
f 4884/7/5 4880/7/5 4883/7/5
f 4889/5/5 4886/5/5 4885/5/5
f 4890/5/5 4886/5/5 4889/5/5
f 4891/5/5 4888/5/5 4887/5/5
f 4892/5/5 4888/5/5 4891/5/5
f 4903/7/5 4894/7/5 4893/7/5
f 4904/7/5 4894/7/5 4903/7/5
f 4905/7/5 4896/7/5 4895/7/5
f 4906/7/5 4896/7/5 4905/7/5
f 4907/7/5 4898/7/5 4897/7/5
f 4908/7/5 4898/7/5 4907/7/5
f 4909/7/5 4900/7/5 4899/7/5
f 4910/7/5 4900/7/5 4909/7/5
f 4911/7/5 4902/7/5 4901/7/5
f 4912/7/5 4902/7/5 4911/7/5
f 4917/6/5 4914/6/5 4913/6/5
f 4918/6/5 4914/6/5 4917/6/5
f 4919/6/5 4916/6/5 4915/6/5
f 4920/6/5 4916/6/5 4919/6/5
f 4921/6/5 4914/6/5 4918/6/5
f 4922/6/5 4914/6/5 4921/6/5
f 4923/6/5 4919/6/5 4915/6/5
f 4924/6/5 4919/6/5 4923/6/5
f 4925/7/5 4922/7/5 4921/7/5
f 4926/7/5 4922/7/5 4925/7/5
f 4927/7/5 4924/7/5 4923/7/5
f 4928/7/5 4924/7/5 4927/7/5
f 4931/6/5 4930/6/5 4929/6/5
f 4932/6/5 4930/6/5 4931/6/5
f 4933/2/5 4932/2/5 4931/2/5
f 4933/6/5 4930/6/5 4932/6/5
f 4934/6/5 4930/6/5 4933/6/5
f 4935/2/5 4933/2/5 4931/2/5
f 4935/2/5 4934/2/5 4933/2/5
f 4936/2/5 4934/2/5 4935/2/5
f 4950/4/5 4938/4/5 4937/4/5
f 4951/4/5 4938/4/5 4950/4/5
f 4952/4/5 4940/4/5 4939/4/5
f 4953/4/5 4940/4/5 4952/4/5
f 4954/4/5 4942/4/5 4941/4/5
f 4955/4/5 4942/4/5 4954/4/5
f 4956/4/5 4944/4/5 4943/4/5
f 4957/4/5 4944/4/5 4956/4/5
f 4958/4/5 4946/4/5 4945/4/5
f 4959/4/5 4946/4/5 4958/4/5
f 4960/4/5 4948/4/5 4947/4/5
f 4961/4/5 4948/4/5 4960/4/5
f 4963/4/5 4950/4/5 4949/4/5
f 4964/4/5 4950/4/5 4963/4/5
f 4965/4/5 4962/4/5 4961/4/5
f 4966/4/5 4962/4/5 4965/4/5
f 4971/4/5 4968/4/5 4967/4/5
f 4972/4/5 4968/4/5 4971/4/5
f 4973/4/5 4970/4/5 4969/4/5
f 4974/4/5 4970/4/5 4973/4/5
f 4979/4/5 4976/4/5 4975/4/5
f 4980/4/5 4976/4/5 4979/4/5
f 4981/4/5 4978/4/5 4977/4/5
f 4982/4/5 4978/4/5 4981/4/5
f 4987/4/5 4984/4/5 4983/4/5
f 4988/4/5 4984/4/5 4987/4/5
f 4989/4/5 4986/4/5 4985/4/5
f 4990/4/5 4986/4/5 4989/4/5
f 4995/4/5 4992/4/5 4991/4/5
f 4996/4/5 4992/4/5 4995/4/5
f 4997/4/5 4994/4/5 4993/4/5
f 4998/4/5 4994/4/5 4997/4/5
f 5003/4/5 5000/4/5 4999/4/5
f 5004/4/5 5000/4/5 5003/4/5
f 5015/4/5 5002/4/5 5001/4/5
f 5016/4/5 5002/4/5 5015/4/5
f 5017/4/5 5005/4/5 5004/4/5
f 5018/4/5 5005/4/5 5017/4/5
f 5019/4/5 5007/4/5 5006/4/5
f 5020/4/5 5007/4/5 5019/4/5
f 5021/4/5 5009/4/5 5008/4/5
f 5022/4/5 5009/4/5 5021/4/5
f 5023/4/5 5011/4/5 5010/4/5
f 5024/4/5 5011/4/5 5023/4/5
f 5025/4/5 5013/4/5 5012/4/5
f 5026/4/5 5013/4/5 5025/4/5
f 5027/4/5 5015/4/5 5014/4/5
f 5028/4/5 5015/4/5 5027/4/5
f 5033/5/5 5030/5/5 5029/5/5
f 5034/5/5 5030/5/5 5033/5/5
f 5035/5/5 5032/5/5 5031/5/5
f 5036/5/5 5032/5/5 5035/5/5
f 5039/6/5 5038/6/5 5037/6/5
f 5040/6/5 5038/6/5 5039/6/5
f 5041/2/5 5040/2/5 5039/2/5
f 5042/2/5 5040/2/5 5041/2/5
f 5047/5/5 5044/5/5 5043/5/5
f 5048/5/5 5044/5/5 5047/5/5
f 5049/5/5 5046/5/5 5045/5/5
f 5050/5/5 5046/5/5 5049/5/5
f 5054/6/5 5052/6/5 5051/6/5
f 5055/6/5 5052/6/5 5054/6/5
f 5057/6/5 5054/6/5 5053/6/5
f 5057/6/5 5056/6/5 5055/6/5
f 5057/6/5 5055/6/5 5054/6/5
f 5058/6/5 5056/6/5 5057/6/5
f 5059/6/5 5056/6/5 5058/6/5
f 5060/6/5 5056/6/5 5059/6/5
f 5061/6/5 5059/6/5 5058/6/5
f 5062/6/5 5059/6/5 5061/6/5
f 5065/6/5 5064/6/5 5063/6/5
f 5066/6/5 5064/6/5 5065/6/5
f 5067/5/6 5068/5/6 5071/5/6
f 5071/5/6 5068/5/6 5072/5/6
f 5069/5/6 5070/5/6 5073/5/6
f 5073/5/6 5070/5/6 5074/5/6
f 5075/7/6 5076/7/6 5085/7/6
f 5085/7/6 5076/7/6 5086/7/6
f 5077/7/6 5078/7/6 5087/7/6
f 5087/7/6 5078/7/6 5088/7/6
f 5079/7/6 5080/7/6 5089/7/6
f 5089/7/6 5080/7/6 5090/7/6
f 5081/7/6 5082/7/6 5091/7/6
f 5091/7/6 5082/7/6 5092/7/6
f 5083/7/6 5084/7/6 5093/7/6
f 5093/7/6 5084/7/6 5094/7/6
f 5095/2/6 5096/2/6 5099/2/6
f 5099/2/6 5096/2/6 5100/2/6
f 5100/2/6 5096/2/6 5101/2/6
f 5097/2/6 5098/2/6 5102/2/6
f 5102/2/6 5098/2/6 5103/2/6
f 5103/2/6 5098/2/6 5104/2/6
f 5099/1/6 5100/1/6 5105/1/6
f 5100/6/6 5101/6/6 5106/6/6
f 5105/1/6 5100/1/6 5106/1/6
f 5106/6/6 5101/6/6 5107/6/6
f 5102/6/6 5103/6/6 5108/6/6
f 5103/1/6 5104/1/6 5109/1/6
f 5108/6/6 5103/6/6 5109/6/6
f 5109/1/6 5104/1/6 5110/1/6
f 5105/6/6 5106/6/6 5111/6/6
f 5106/1/6 5107/1/6 5112/1/6
f 5111/6/6 5106/6/6 5112/6/6
f 5112/1/6 5107/1/6 5113/1/6
f 5108/1/6 5109/1/6 5114/1/6
f 5109/6/6 5110/6/6 5115/6/6
f 5114/1/6 5109/1/6 5115/1/6
f 5115/6/6 5110/6/6 5116/6/6
f 5111/1/6 5112/1/6 5117/1/6
f 5112/6/6 5113/6/6 5118/6/6
f 5117/1/6 5112/1/6 5118/1/6
f 5118/6/6 5113/6/6 5119/6/6
f 5114/6/6 5115/6/6 5124/6/6
f 5115/1/6 5116/1/6 5125/1/6
f 5124/6/6 5115/6/6 5125/6/6
f 5125/1/6 5116/1/6 5126/1/6
f 5117/6/6 5118/6/6 5127/6/6
f 5118/1/6 5119/1/6 5127/1/6
f 5119/6/6 5120/6/6 5128/6/6
f 5127/1/6 5119/1/6 5128/1/6
f 5123/6/6 5124/6/6 5129/6/6
f 5124/1/6 5125/1/6 5129/1/6
f 5125/6/6 5126/6/6 5130/6/6
f 5129/1/6 5125/1/6 5130/1/6
f 5117/6/6 5127/6/6 5132/6/6
f 5127/6/6 5128/6/6 5132/6/6
f 5130/6/6 5126/6/6 5133/6/6
f 5129/6/6 5130/6/6 5133/6/6
f 5132/6/6 5128/6/6 5135/6/6
f 5131/7/6 5132/7/6 5135/7/6
f 5128/6/6 5120/6/6 5136/6/6
f 5135/6/6 5128/6/6 5136/6/6
f 5120/7/6 5121/7/6 5136/7/6
f 5136/7/6 5121/7/6 5137/7/6
f 5122/7/6 5123/7/6 5138/7/6
f 5129/6/6 5133/6/6 5139/6/6
f 5138/7/6 5123/7/6 5139/7/6
f 5123/6/6 5129/6/6 5139/6/6
f 5133/7/6 5134/7/6 5140/7/6
f 5139/6/6 5133/6/6 5140/6/6
f 5131/7/6 5135/7/6 5141/7/6
f 5135/7/6 5136/7/6 5141/7/6
f 5141/7/6 5136/7/6 5142/7/6
f 5139/7/6 5140/7/6 5143/7/6
f 5140/7/6 5134/7/6 5144/7/6
f 5143/7/6 5140/7/6 5144/7/6
f 5131/7/6 5141/7/6 5145/7/6
f 5145/7/6 5141/7/6 5146/7/6
f 5144/7/6 5134/7/6 5147/7/6
f 5147/7/6 5134/7/6 5148/7/6
f 5149/7/6 5150/7/6 5153/7/6
f 5151/7/6 5152/7/6 5156/7/6
f 5153/7/6 5154/7/6 5157/7/6
f 5149/7/6 5153/7/6 5157/7/6
f 5157/7/6 5154/7/6 5158/7/6
f 5155/7/6 5156/7/6 5161/7/6
f 5156/7/6 5152/7/6 5162/7/6
f 5161/7/6 5156/7/6 5162/7/6
f 5149/7/6 5157/7/6 5163/7/6
f 5157/6/6 5158/6/6 5164/6/6
f 5163/7/6 5157/7/6 5164/7/6
f 5162/7/6 5152/7/6 5165/7/6
f 5161/6/6 5162/6/6 5165/6/6
f 5165/7/6 5152/7/6 5166/7/6
f 5164/6/6 5158/6/6 5167/6/6
f 5167/6/6 5158/6/6 5168/6/6
f 5161/6/6 5165/6/6 5169/6/6
f 5169/6/6 5165/6/6 5170/6/6
f 5164/6/6 5167/6/6 5171/6/6
f 5167/1/6 5168/1/6 5172/1/6
f 5171/6/6 5167/6/6 5172/6/6
f 5168/6/6 5158/6/6 5173/6/6
f 5172/1/6 5168/1/6 5173/1/6
f 5158/7/6 5159/7/6 5174/7/6
f 5173/6/6 5158/6/6 5174/6/6
f 5174/7/6 5159/7/6 5175/7/6
f 5160/7/6 5161/7/6 5176/7/6
f 5161/6/6 5169/6/6 5177/6/6
f 5176/7/6 5161/7/6 5177/7/6
f 5169/1/6 5170/1/6 5178/1/6
f 5177/6/6 5169/6/6 5178/6/6
f 5170/6/6 5165/6/6 5179/6/6
f 5178/1/6 5170/1/6 5179/1/6
f 5179/6/6 5165/6/6 5180/6/6
f 5171/1/6 5172/1/6 5181/1/6
f 5172/6/6 5173/6/6 5182/6/6
f 5181/1/6 5172/1/6 5182/1/6
f 5182/6/6 5173/6/6 5183/6/6
f 5178/6/6 5179/6/6 5184/6/6
f 5179/1/6 5180/1/6 5185/1/6
f 5184/6/6 5179/6/6 5185/6/6
f 5185/1/6 5180/1/6 5186/1/6
f 5181/6/6 5182/6/6 5187/6/6
f 5182/1/6 5183/1/6 5188/1/6
f 5187/6/6 5182/6/6 5188/6/6
f 5188/1/6 5183/1/6 5189/1/6
f 5184/1/6 5185/1/6 5190/1/6
f 5185/6/6 5186/6/6 5191/6/6
f 5190/1/6 5185/1/6 5191/1/6
f 5191/6/6 5186/6/6 5192/6/6
f 5187/1/6 5188/1/6 5193/1/6
f 5188/6/6 5189/6/6 5194/6/6
f 5193/1/6 5188/1/6 5194/1/6
f 5194/6/6 5189/6/6 5195/6/6
f 5190/6/6 5191/6/6 5196/6/6
f 5191/1/6 5192/1/6 5197/1/6
f 5196/6/6 5191/6/6 5197/6/6
f 5197/1/6 5192/1/6 5198/1/6
f 5194/2/6 5195/2/6 5199/2/6
f 5193/2/6 5194/2/6 5199/2/6
f 5199/2/6 5195/2/6 5200/2/6
f 5197/2/6 5198/2/6 5201/2/6
f 5196/2/6 5197/2/6 5201/2/6
f 5201/2/6 5198/2/6 5202/2/6
f 5203/6/6 5204/6/6 5205/6/6
f 5205/6/6 5204/6/6 5206/6/6
f 5207/5/6 5208/5/6 5211/5/6
f 5211/5/6 5208/5/6 5212/5/6
f 5209/5/6 5210/5/6 5213/5/6
f 5213/5/6 5210/5/6 5214/5/6
f 5215/6/6 5216/6/6 5217/6/6
f 5217/6/6 5216/6/6 5218/6/6
f 5219/7/6 5220/7/6 5223/7/6
f 5223/7/6 5220/7/6 5224/7/6
f 5221/7/6 5222/7/6 5225/7/6
f 5225/7/6 5222/7/6 5226/7/6
f 5227/6/6 5228/6/6 5229/6/6
f 5229/6/6 5228/6/6 5230/6/6
f 5231/2/6 5232/2/6 5235/2/6
f 5235/2/6 5232/2/6 5236/2/6
f 5236/2/6 5232/2/6 5237/2/6
f 5233/2/6 5234/2/6 5238/2/6
f 5238/2/6 5234/2/6 5239/2/6
f 5239/2/6 5234/2/6 5240/2/6
f 5235/1/6 5236/1/6 5241/1/6
f 5236/6/6 5237/6/6 5242/6/6
f 5241/1/6 5236/1/6 5242/1/6
f 5242/6/6 5237/6/6 5243/6/6
f 5238/6/6 5239/6/6 5244/6/6
f 5239/1/6 5240/1/6 5245/1/6
f 5244/6/6 5239/6/6 5245/6/6
f 5245/1/6 5240/1/6 5246/1/6
f 5241/6/6 5242/6/6 5247/6/6
f 5242/1/6 5243/1/6 5248/1/6
f 5247/6/6 5242/6/6 5248/6/6
f 5248/1/6 5243/1/6 5249/1/6
f 5244/1/6 5245/1/6 5250/1/6
f 5245/6/6 5246/6/6 5251/6/6
f 5250/1/6 5245/1/6 5251/1/6
f 5251/6/6 5246/6/6 5252/6/6
f 5247/1/6 5248/1/6 5253/1/6
f 5248/6/6 5249/6/6 5254/6/6
f 5253/1/6 5248/1/6 5254/1/6
f 5254/6/6 5249/6/6 5255/6/6
f 5250/6/6 5251/6/6 5256/6/6
f 5251/1/6 5252/1/6 5257/1/6
f 5256/6/6 5251/6/6 5257/6/6
f 5257/1/6 5252/1/6 5258/1/6
f 5253/6/6 5254/6/6 5259/6/6
f 5254/1/6 5255/1/6 5260/1/6
f 5259/6/6 5254/6/6 5260/6/6
f 5260/1/6 5255/1/6 5261/1/6
f 5256/1/6 5257/1/6 5262/1/6
f 5257/6/6 5258/6/6 5263/6/6
f 5262/1/6 5257/1/6 5263/1/6
f 5263/6/6 5258/6/6 5264/6/6
f 5265/6/6 5266/6/6 5271/6/6
f 5266/1/6 5267/1/6 5272/1/6
f 5271/6/6 5266/6/6 5272/6/6
f 5272/1/6 5267/1/6 5273/1/6
f 5268/1/6 5269/1/6 5274/1/6
f 5269/6/6 5270/6/6 5275/6/6
f 5274/1/6 5269/1/6 5275/1/6
f 5275/6/6 5270/6/6 5276/6/6
f 5271/1/6 5272/1/6 5277/1/6
f 5272/6/6 5273/6/6 5278/6/6
f 5277/1/6 5272/1/6 5278/1/6
f 5278/6/6 5273/6/6 5279/6/6
f 5274/6/6 5275/6/6 5280/6/6
f 5275/1/6 5276/1/6 5281/1/6
f 5280/6/6 5275/6/6 5281/6/6
f 5281/1/6 5276/1/6 5282/1/6
f 5277/6/6 5278/6/6 5283/6/6
f 5278/1/6 5279/1/6 5284/1/6
f 5283/6/6 5278/6/6 5284/6/6
f 5284/1/6 5279/1/6 5285/1/6
f 5280/1/6 5281/1/6 5286/1/6
f 5281/6/6 5282/6/6 5287/6/6
f 5286/1/6 5281/1/6 5287/1/6
f 5287/6/6 5282/6/6 5288/6/6
f 5283/1/6 5284/1/6 5289/1/6
f 5284/6/6 5285/6/6 5290/6/6
f 5289/1/6 5284/1/6 5290/1/6
f 5290/6/6 5285/6/6 5291/6/6
f 5286/6/6 5287/6/6 5292/6/6
f 5287/1/6 5288/1/6 5293/1/6
f 5292/6/6 5287/6/6 5293/6/6
f 5293/1/6 5288/1/6 5294/1/6
f 5290/2/6 5291/2/6 5295/2/6
f 5289/2/6 5290/2/6 5295/2/6
f 5295/2/6 5291/2/6 5296/2/6
f 5293/2/6 5294/2/6 5297/2/6
f 5292/2/6 5293/2/6 5297/2/6
f 5297/2/6 5294/2/6 5298/2/6
f 5299/5/6 5300/5/6 5303/5/6
f 5303/5/6 5300/5/6 5304/5/6
f 5301/5/6 5302/5/6 5305/5/6
f 5305/5/6 5302/5/6 5306/5/6
f 5307/6/6 5308/6/6 5309/6/6
f 5309/6/6 5308/6/6 5310/6/6
f 5311/6/6 5312/6/6 5315/6/6
f 5315/6/6 5312/6/6 5316/6/6
f 5313/6/6 5314/6/6 5317/6/6
f 5317/6/6 5314/6/6 5318/6/6
f 5319/7/6 5320/7/6 5324/7/6
f 5324/7/6 5320/7/6 5325/7/6
f 5321/7/6 5322/7/6 5326/7/6
f 5326/7/6 5322/7/6 5327/7/6
f 5323/6/6 5324/6/6 5329/6/6
f 5329/6/6 5324/6/6 5330/6/6
f 5327/6/6 5328/6/6 5331/6/6
f 5331/6/6 5328/6/6 5332/6/6
f 5333/6/6 5334/6/6 5337/6/6
f 5337/6/6 5334/6/6 5338/6/6
f 5335/6/6 5336/6/6 5339/6/6
f 5339/6/6 5336/6/6 5340/6/6
f 5341/6/6 5342/6/6 5345/6/6
f 5345/6/6 5342/6/6 5346/6/6
f 5343/6/6 5344/6/6 5347/6/6
f 5347/6/6 5344/6/6 5348/6/6
f 5349/6/6 5350/6/6 5353/6/6
f 5353/6/6 5350/6/6 5354/6/6
f 5351/6/6 5352/6/6 5355/6/6
f 5355/6/6 5352/6/6 5356/6/6
f 5357/6/6 5358/6/6 5359/6/6
f 5359/6/6 5358/6/6 5360/6/6
f 5361/6/6 5362/6/6 5365/6/6
f 5365/6/6 5362/6/6 5366/6/6
f 5363/6/6 5364/6/6 5367/6/6
f 5367/6/6 5364/6/6 5368/6/6
f 5369/6/6 5370/6/6 5373/6/6
f 5373/6/6 5370/6/6 5374/6/6
f 5371/6/6 5372/6/6 5375/6/6
f 5375/6/6 5372/6/6 5376/6/6
f 5374/6/6 5370/6/6 5379/6/6
f 5379/6/6 5370/6/6 5380/6/6
f 5371/6/6 5375/6/6 5381/6/6
f 5381/6/6 5375/6/6 5382/6/6
f 5377/6/6 5378/6/6 5386/6/6
f 5383/6/6 5384/6/6 5387/6/6
f 5385/7/6 5386/7/6 5392/7/6
f 5386/6/6 5378/6/6 5393/6/6
f 5392/7/6 5386/7/6 5393/7/6
f 5383/6/6 5387/6/6 5394/6/6
f 5387/7/6 5388/7/6 5394/7/6
f 5394/7/6 5388/7/6 5395/7/6
f 5389/7/6 5390/7/6 5400/7/6
f 5400/7/6 5390/7/6 5401/7/6
f 5391/7/6 5392/7/6 5402/7/6
f 5402/7/6 5392/7/6 5403/7/6
f 5393/6/6 5378/6/6 5404/6/6
f 5383/6/6 5394/6/6 5405/6/6
f 5395/7/6 5396/7/6 5406/7/6
f 5406/7/6 5396/7/6 5407/7/6
f 5397/7/6 5398/7/6 5408/7/6
f 5408/7/6 5398/7/6 5409/7/6
f 5399/7/6 5400/7/6 5411/7/6
f 5400/6/6 5401/6/6 5412/6/6
f 5411/7/6 5400/7/6 5412/7/6
f 5402/6/6 5403/6/6 5412/6/6
f 5401/6/6 5402/6/6 5412/6/6
f 5408/6/6 5409/6/6 5413/6/6
f 5406/6/6 5407/6/6 5413/6/6
f 5409/7/6 5410/7/6 5413/7/6
f 5407/6/6 5408/6/6 5413/6/6
f 5413/7/6 5410/7/6 5414/7/6
f 5412/6/6 5403/6/6 5416/6/6
f 5406/6/6 5413/6/6 5417/6/6
f 5415/7/6 5416/7/6 5419/7/6
f 5416/6/6 5403/6/6 5420/6/6
f 5419/7/6 5416/7/6 5420/7/6
f 5417/7/6 5418/7/6 5421/7/6
f 5406/6/6 5417/6/6 5421/6/6
f 5421/7/6 5418/7/6 5422/7/6
f 5420/6/6 5403/6/6 5424/6/6
f 5406/6/6 5421/6/6 5425/6/6
f 5423/7/6 5424/7/6 5427/7/6
f 5424/6/6 5403/6/6 5428/6/6
f 5427/7/6 5424/7/6 5428/7/6
f 5425/7/6 5426/7/6 5429/7/6
f 5406/6/6 5425/6/6 5429/6/6
f 5429/7/6 5426/7/6 5430/7/6
f 5428/6/6 5403/6/6 5432/6/6
f 5406/6/6 5429/6/6 5433/6/6
f 5431/7/6 5432/7/6 5435/7/6
f 5432/6/6 5403/6/6 5436/6/6
f 5435/7/6 5432/7/6 5436/7/6
f 5433/7/6 5434/7/6 5437/7/6
f 5406/6/6 5433/6/6 5437/6/6
f 5437/7/6 5434/7/6 5438/7/6
f 5436/6/6 5403/6/6 5440/6/6
f 5406/6/6 5437/6/6 5441/6/6
f 5439/7/6 5440/7/6 5443/7/6
f 5440/6/6 5403/6/6 5444/6/6
f 5443/7/6 5440/7/6 5444/7/6
f 5441/7/6 5442/7/6 5445/7/6
f 5406/6/6 5441/6/6 5445/6/6
f 5445/7/6 5442/7/6 5446/7/6
f 5444/6/6 5403/6/6 5448/6/6
f 5406/6/6 5445/6/6 5449/6/6
f 5447/7/6 5448/7/6 5451/7/6
f 5448/6/6 5403/6/6 5452/6/6
f 5451/7/6 5448/7/6 5452/7/6
f 5452/6/6 5403/6/6 5453/6/6
f 5453/6/6 5403/6/6 5454/6/6
f 5403/7/6 5404/7/6 5455/7/6
f 5454/6/6 5403/6/6 5455/6/6
f 5404/6/6 5378/6/6 5456/6/6
f 5455/7/6 5404/7/6 5456/7/6
f 5383/6/6 5405/6/6 5457/6/6
f 5405/7/6 5406/7/6 5457/7/6
f 5406/6/6 5449/6/6 5458/6/6
f 5457/7/6 5406/7/6 5458/7/6
f 5458/6/6 5449/6/6 5459/6/6
f 5459/6/6 5449/6/6 5460/6/6
f 5449/7/6 5450/7/6 5461/7/6
f 5460/6/6 5449/6/6 5461/6/6
f 5461/7/6 5450/7/6 5462/7/6
f 5452/7/6 5453/7/6 5463/7/6
f 5463/7/6 5453/7/6 5464/7/6
f 5454/7/6 5455/7/6 5465/7/6
f 5465/7/6 5455/7/6 5466/7/6
f 5456/6/6 5378/6/6 5467/6/6
f 5383/6/6 5457/6/6 5468/6/6
f 5458/7/6 5459/7/6 5469/7/6
f 5469/7/6 5459/7/6 5470/7/6
f 5460/7/6 5461/7/6 5471/7/6
f 5471/7/6 5461/7/6 5472/7/6
f 5466/7/6 5467/7/6 5473/7/6
f 5467/6/6 5378/6/6 5474/6/6
f 5473/7/6 5467/7/6 5474/7/6
f 5383/6/6 5468/6/6 5475/6/6
f 5468/7/6 5469/7/6 5475/7/6
f 5475/7/6 5469/7/6 5476/7/6
f 5474/6/6 5378/6/6 5477/6/6
f 5383/6/6 5475/6/6 5478/6/6
f 5474/6/6 5477/6/6 5480/6/6
f 5478/6/6 5475/6/6 5481/6/6
f 5480/6/6 5477/6/6 5483/6/6
f 5478/6/6 5481/6/6 5484/6/6
f 5479/5/6 5480/5/6 5485/5/6
f 5480/6/6 5483/6/6 5486/6/6
f 5485/5/6 5480/5/6 5486/5/6
f 5484/6/6 5481/6/6 5487/6/6
f 5481/5/6 5482/5/6 5487/5/6
f 5487/5/6 5482/5/6 5488/5/6
f 5486/6/6 5483/6/6 5489/6/6
f 5484/6/6 5487/6/6 5490/6/6
f 5489/6/6 5490/6/6 5491/6/6
f 5491/6/6 5490/6/6 5492/6/6
f 5486/6/6 5489/6/6 5493/6/6
f 5489/6/6 5491/6/6 5493/6/6
f 5493/6/6 5491/6/6 5494/6/6
f 5492/6/6 5490/6/6 5495/6/6
f 5490/6/6 5487/6/6 5496/6/6
f 5495/6/6 5490/6/6 5496/6/6
f 5497/7/6 5498/7/6 5507/7/6
f 5507/7/6 5498/7/6 5508/7/6
f 5499/7/6 5500/7/6 5509/7/6
f 5509/7/6 5500/7/6 5510/7/6
f 5501/7/6 5502/7/6 5511/7/6
f 5511/7/6 5502/7/6 5512/7/6
f 5503/7/6 5504/7/6 5513/7/6
f 5513/7/6 5504/7/6 5514/7/6
f 5505/7/6 5506/7/6 5515/7/6
f 5515/7/6 5506/7/6 5516/7/6
f 5521/6/6 5522/6/6 5525/6/6
f 5523/6/6 5524/6/6 5526/6/6
f 5517/6/6 5518/6/6 5527/6/6
f 5527/6/6 5518/6/6 5528/6/6
f 5519/6/6 5520/6/6 5529/6/6
f 5529/6/6 5520/6/6 5530/6/6
f 5521/6/6 5525/6/6 5531/6/6
f 5526/6/6 5524/6/6 5532/6/6
f 5521/6/6 5531/6/6 5533/6/6
f 5532/6/6 5524/6/6 5534/6/6
f 5521/6/6 5533/6/6 5535/6/6
f 5534/6/6 5524/6/6 5536/6/6
f 5521/6/6 5535/6/6 5537/6/6
f 5536/6/6 5524/6/6 5538/6/6
f 5521/6/6 5537/6/6 5539/6/6
f 5538/6/6 5524/6/6 5540/6/6
f 5521/6/6 5539/6/6 5541/6/6
f 5540/6/6 5524/6/6 5542/6/6
f 5521/6/6 5541/6/6 5543/6/6
f 5542/6/6 5524/6/6 5544/6/6
f 5521/6/6 5543/6/6 5545/6/6
f 5545/6/6 5543/6/6 5546/6/6
f 5544/6/6 5524/6/6 5547/6/6
f 5547/6/6 5524/6/6 5548/6/6
f 5549/6/6 5550/6/6 5553/6/6
f 5553/6/6 5550/6/6 5554/6/6
f 5551/6/6 5552/6/6 5555/6/6
f 5555/6/6 5552/6/6 5556/6/6
f 5557/6/6 5558/6/6 5561/6/6
f 5561/6/6 5558/6/6 5562/6/6
f 5559/6/6 5560/6/6 5563/6/6
f 5563/6/6 5560/6/6 5564/6/6
f 5565/5/6 5566/5/6 5569/5/6
f 5569/5/6 5566/5/6 5570/5/6
f 5567/5/6 5568/5/6 5571/5/6
f 5571/5/6 5568/5/6 5572/5/6
f 5573/6/6 5574/6/6 5577/6/6
f 5575/6/6 5576/6/6 5580/6/6
f 5577/6/6 5578/6/6 5581/6/6
f 5573/6/6 5577/6/6 5581/6/6
f 5581/6/6 5578/6/6 5582/6/6
f 5579/6/6 5580/6/6 5583/6/6
f 5580/6/6 5576/6/6 5584/6/6
f 5583/6/6 5580/6/6 5584/6/6
f 5585/6/6 5586/6/6 5587/6/6
f 5587/6/6 5586/6/6 5588/6/6
f 5588/6/6 5586/6/6 5589/6/6
f 5589/6/6 5586/6/6 5590/6/6
f 5588/6/6 5589/6/6 5592/6/6
f 5592/6/6 5589/6/6 5593/6/6
f 5593/6/6 5589/6/6 5594/6/6
f 5594/6/6 5589/6/6 5595/6/6
f 5595/6/6 5589/6/6 5596/6/6
f 5596/6/6 5589/6/6 5597/6/6
f 5591/6/6 5592/6/6 5599/6/6
f 5592/6/6 5593/6/6 5599/6/6
f 5599/6/6 5593/6/6 5600/6/6
f 5600/6/6 5593/6/6 5601/6/6
f 5594/6/6 5595/6/6 5602/6/6
f 5602/6/6 5595/6/6 5603/6/6
f 5597/6/6 5598/6/6 5604/6/6
f 5596/6/6 5597/6/6 5604/6/6
f 5604/6/6 5598/6/6 5605/6/6
f 5605/6/6 5598/6/6 5606/6/6
f 5602/6/6 5603/6/6 5609/6/6
f 5601/6/6 5602/6/6 5609/6/6
f 5604/6/6 5605/6/6 5609/6/6
f 5603/6/6 5604/6/6 5609/6/6
f 5600/6/6 5601/6/6 5609/6/6
f 5609/6/6 5605/6/6 5610/6/6
f 5610/6/6 5605/6/6 5611/6/6
f 5611/6/6 5605/6/6 5612/6/6
f 5612/6/6 5605/6/6 5613/6/6
f 5613/6/6 5605/6/6 5614/6/6
f 5607/6/6 5608/6/6 5617/6/6
f 5608/6/6 5609/6/6 5617/6/6
f 5609/6/6 5610/6/6 5617/6/6
f 5617/6/6 5610/6/6 5618/6/6
f 5618/6/6 5610/6/6 5619/6/6
f 5619/6/6 5610/6/6 5620/6/6
f 5611/6/6 5612/6/6 5621/6/6
f 5621/6/6 5612/6/6 5622/6/6
f 5614/6/6 5615/6/6 5623/6/6
f 5615/6/6 5616/6/6 5623/6/6
f 5613/6/6 5614/6/6 5623/6/6
f 5623/6/6 5616/6/6 5624/6/6
f 5624/6/6 5616/6/6 5625/6/6
f 5625/6/6 5616/6/6 5626/6/6
f 5617/6/6 5618/6/6 5627/6/6
f 5621/6/6 5622/6/6 5628/6/6
f 5620/6/6 5621/6/6 5628/6/6
f 5623/6/6 5624/6/6 5628/6/6
f 5622/6/6 5623/6/6 5628/6/6
f 5619/6/6 5620/6/6 5628/6/6
f 5628/6/6 5624/6/6 5629/6/6
f 5625/6/6 5626/6/6 5630/6/6
f 5617/6/6 5627/6/6 5631/6/6
f 5631/6/6 5627/6/6 5632/6/6
f 5630/6/6 5626/6/6 5633/6/6
f 5633/6/6 5626/6/6 5634/6/6
f 5635/6/6 5636/6/6 5639/6/6
f 5639/6/6 5636/6/6 5640/6/6
f 5637/6/6 5638/6/6 5641/6/6
f 5641/6/6 5638/6/6 5642/6/6
f 5643/6/6 5644/6/6 5649/6/6
f 5644/1/6 5645/1/6 5650/1/6
f 5649/6/6 5644/6/6 5650/6/6
f 5650/1/6 5645/1/6 5651/1/6
f 5646/1/6 5647/1/6 5652/1/6
f 5647/6/6 5648/6/6 5653/6/6
f 5652/1/6 5647/1/6 5653/1/6
f 5653/6/6 5648/6/6 5654/6/6
f 5655/6/6 5656/6/6 5659/6/6
f 5659/6/6 5656/6/6 5660/6/6
f 5657/6/6 5658/6/6 5661/6/6
f 5661/6/6 5658/6/6 5662/6/6
f 5663/6/6 5664/6/6 5665/6/6
f 5665/6/6 5664/6/6 5666/6/6
f 5665/2/6 5666/2/6 5667/2/6
f 5667/2/6 5666/2/6 5668/2/6
f 5669/7/6 5670/7/6 5673/7/6
f 5673/7/6 5670/7/6 5674/7/6
f 5671/7/6 5672/7/6 5679/7/6
f 5679/7/6 5672/7/6 5680/7/6
f 5675/7/6 5676/7/6 5683/7/6
f 5683/7/6 5676/7/6 5684/7/6
f 5677/7/6 5678/7/6 5685/7/6
f 5685/7/6 5678/7/6 5686/7/6
f 5681/7/6 5682/7/6 5689/7/6
f 5689/7/6 5682/7/6 5690/7/6
f 5687/7/6 5688/7/6 5695/7/6
f 5695/7/6 5688/7/6 5696/7/6
f 5691/7/6 5692/7/6 5699/7/6
f 5699/7/6 5692/7/6 5700/7/6
f 5693/7/6 5694/7/6 5701/7/6
f 5701/7/6 5694/7/6 5702/7/6
f 5697/7/6 5698/7/6 5705/7/6
f 5705/7/6 5698/7/6 5706/7/6
f 5703/7/6 5704/7/6 5707/7/6
f 5707/7/6 5704/7/6 5708/7/6
f 5705/6/6 5706/6/6 5709/6/6
f 5706/6/6 5707/6/6 5709/6/6
f 5707/6/6 5708/6/6 5709/6/6
f 5709/6/6 5708/6/6 5710/6/6
f 5710/6/6 5708/6/6 5711/6/6
f 5711/6/6 5708/6/6 5712/6/6
f 5710/6/6 5711/6/6 5715/6/6
f 5715/6/6 5711/6/6 5716/6/6
f 5716/6/6 5711/6/6 5717/6/6
f 5717/6/6 5711/6/6 5718/6/6
f 5718/6/6 5711/6/6 5719/6/6
f 5719/6/6 5711/6/6 5720/6/6
f 5713/6/6 5714/6/6 5723/6/6
f 5715/6/6 5716/6/6 5723/6/6
f 5714/6/6 5715/6/6 5723/6/6
f 5723/6/6 5716/6/6 5724/6/6
f 5724/6/6 5716/6/6 5725/6/6
f 5717/6/6 5718/6/6 5726/6/6
f 5726/6/6 5718/6/6 5727/6/6
f 5720/6/6 5721/6/6 5728/6/6
f 5719/6/6 5720/6/6 5728/6/6
f 5721/6/6 5722/6/6 5728/6/6
f 5728/6/6 5722/6/6 5729/6/6
f 5729/6/6 5722/6/6 5730/6/6
f 5713/6/6 5723/6/6 5731/6/6
f 5731/6/6 5723/6/6 5732/6/6
f 5726/6/6 5727/6/6 5733/6/6
f 5725/6/6 5726/6/6 5733/6/6
f 5724/6/6 5725/6/6 5733/6/6
f 5727/6/6 5728/6/6 5733/6/6
f 5728/6/6 5729/6/6 5733/6/6
f 5733/6/6 5729/6/6 5734/6/6
f 5734/6/6 5729/6/6 5735/6/6
f 5735/6/6 5729/6/6 5736/6/6
f 5736/6/6 5729/6/6 5737/6/6
f 5737/6/6 5729/6/6 5738/6/6
f 5730/6/6 5722/6/6 5739/6/6
f 5739/6/6 5722/6/6 5740/6/6
f 5731/6/6 5732/6/6 5741/6/6
f 5732/6/6 5733/6/6 5741/6/6
f 5733/6/6 5734/6/6 5741/6/6
f 5741/6/6 5734/6/6 5742/6/6
f 5742/6/6 5734/6/6 5743/6/6
f 5743/6/6 5734/6/6 5744/6/6
f 5735/6/6 5736/6/6 5745/6/6
f 5745/6/6 5736/6/6 5746/6/6
f 5737/6/6 5738/6/6 5747/6/6
f 5739/6/6 5740/6/6 5747/6/6
f 5738/6/6 5739/6/6 5747/6/6
f 5747/6/6 5740/6/6 5748/6/6
f 5748/6/6 5740/6/6 5749/6/6
f 5749/6/6 5740/6/6 5750/6/6
f 5745/6/6 5746/6/6 5754/6/6
f 5744/6/6 5745/6/6 5754/6/6
f 5746/6/6 5747/6/6 5754/6/6
f 5743/6/6 5744/6/6 5754/6/6
f 5747/6/6 5748/6/6 5754/6/6
f 5754/6/6 5748/6/6 5755/6/6
f 5751/6/6 5752/6/6 5759/6/6
f 5753/6/6 5754/6/6 5760/6/6
f 5754/6/6 5755/6/6 5760/6/6
f 5755/6/6 5756/6/6 5760/6/6
f 5760/6/6 5756/6/6 5761/6/6
f 5757/6/6 5758/6/6 5762/6/6
f 5759/6/6 5752/6/6 5763/6/6
f 5763/6/6 5752/6/6 5764/6/6
f 5757/6/6 5762/6/6 5767/6/6
f 5767/6/6 5762/6/6 5768/6/6
f 5764/6/6 5765/6/6 5769/6/6
f 5763/6/6 5764/6/6 5769/6/6
f 5769/6/6 5765/6/6 5770/6/6
f 5767/6/6 5768/6/6 5771/6/6
f 5766/6/6 5767/6/6 5771/6/6
f 5771/6/6 5768/6/6 5772/6/6
f 5763/6/6 5769/6/6 5773/6/6
f 5772/6/6 5768/6/6 5774/6/6
f 5773/6/6 5769/6/6 5775/6/6
f 5775/6/6 5769/6/6 5776/6/6
f 5772/6/6 5774/6/6 5779/6/6
f 5779/6/6 5774/6/6 5780/6/6
f 5776/6/6 5777/6/6 5783/6/6
f 5775/6/6 5776/6/6 5783/6/6
f 5783/6/6 5777/6/6 5784/6/6
f 5778/6/6 5779/6/6 5785/6/6
f 5779/6/6 5780/6/6 5785/6/6
f 5785/6/6 5780/6/6 5786/6/6
f 5781/1/6 5782/1/6 5791/1/6
f 5782/6/6 5783/6/6 5792/6/6
f 5791/1/6 5782/1/6 5792/1/6
f 5792/6/6 5783/6/6 5793/6/6
f 5786/6/6 5787/6/6 5794/6/6
f 5787/1/6 5788/1/6 5795/1/6
f 5794/6/6 5787/6/6 5795/6/6
f 5795/1/6 5788/1/6 5796/1/6
f 5789/1/6 5790/1/6 5800/1/6
f 5797/1/6 5798/1/6 5801/1/6
f 5799/4/6 5800/4/6 5803/4/6
f 5800/1/6 5790/1/6 5804/1/6
f 5803/4/6 5800/4/6 5804/4/6
f 5790/6/6 5791/6/6 5805/6/6
f 5804/1/6 5790/1/6 5805/1/6
f 5805/6/6 5791/6/6 5806/6/6
f 5796/6/6 5797/6/6 5807/6/6
f 5797/1/6 5801/1/6 5808/1/6
f 5807/6/6 5797/6/6 5808/6/6
f 5801/4/6 5802/4/6 5809/4/6
f 5808/1/6 5801/1/6 5809/1/6
f 5809/4/6 5802/4/6 5810/4/6
f 5805/1/6 5806/1/6 5811/1/6
f 5807/1/6 5808/1/6 5812/1/6
f 5804/6/6 5805/6/6 5813/6/6
f 5805/1/6 5811/1/6 5814/1/6
f 5813/6/6 5805/6/6 5814/6/6
f 5814/1/6 5811/1/6 5815/1/6
f 5812/1/6 5808/1/6 5816/1/6
f 5808/6/6 5809/6/6 5817/6/6
f 5816/1/6 5808/1/6 5817/1/6
f 5817/6/6 5809/6/6 5818/6/6
f 5813/1/6 5814/1/6 5819/1/6
f 5814/6/6 5815/6/6 5820/6/6
f 5819/1/6 5814/1/6 5820/1/6
f 5820/6/6 5815/6/6 5821/6/6
f 5816/6/6 5817/6/6 5822/6/6
f 5817/1/6 5818/1/6 5823/1/6
f 5822/6/6 5817/6/6 5823/6/6
f 5823/1/6 5818/1/6 5824/1/6
f 5820/1/6 5821/1/6 5825/1/6
f 5819/6/6 5820/6/6 5825/6/6
f 5825/1/6 5821/1/6 5826/1/6
f 5822/1/6 5823/1/6 5827/1/6
f 5823/6/6 5824/6/6 5828/6/6
f 5827/1/6 5823/1/6 5828/1/6
f 5825/6/6 5826/6/6 5829/6/6
f 5819/6/6 5825/6/6 5829/6/6
f 5829/6/6 5826/6/6 5830/6/6
f 5827/6/6 5828/6/6 5831/6/6
f 5828/6/6 5824/6/6 5832/6/6
f 5831/6/6 5828/6/6 5832/6/6
f 5799/4/6 5803/4/6 5833/4/6
f 5810/4/6 5802/4/6 5836/4/6
f 5833/4/6 5834/4/6 5837/4/6
f 5799/4/6 5833/4/6 5837/4/6
f 5837/4/6 5834/4/6 5838/4/6
f 5835/4/6 5836/4/6 5839/4/6
f 5836/4/6 5802/4/6 5840/4/6
f 5839/4/6 5836/4/6 5840/4/6
f 5841/5/6 5842/5/6 5845/5/6
f 5845/5/6 5842/5/6 5846/5/6
f 5843/5/6 5844/5/6 5847/5/6
f 5847/5/6 5844/5/6 5848/5/6
f 5849/6/6 5850/6/6 5853/6/6
f 5853/6/6 5850/6/6 5854/6/6
f 5851/6/6 5852/6/6 5855/6/6
f 5855/6/6 5852/6/6 5856/6/6
f 5857/6/6 5858/6/6 5865/6/6
f 5865/6/6 5858/6/6 5866/6/6
f 5859/6/6 5860/6/6 5867/6/6
f 5867/6/6 5860/6/6 5868/6/6
f 5861/6/6 5862/6/6 5869/6/6
f 5869/6/6 5862/6/6 5870/6/6
f 5863/6/6 5864/6/6 5871/6/6
f 5871/6/6 5864/6/6 5872/6/6
f 5865/7/6 5866/7/6 5873/7/6
f 5873/7/6 5866/7/6 5874/7/6
f 5867/7/6 5868/7/6 5875/7/6
f 5875/7/6 5868/7/6 5876/7/6
f 5869/7/6 5870/7/6 5877/7/6
f 5877/7/6 5870/7/6 5878/7/6
f 5871/7/6 5872/7/6 5879/7/6
f 5879/7/6 5872/7/6 5880/7/6
f 5873/6/6 5874/6/6 5885/6/6
f 5885/6/6 5874/6/6 5886/6/6
f 5875/6/6 5876/6/6 5887/6/6
f 5887/6/6 5876/6/6 5888/6/6
f 5881/7/6 5882/7/6 5889/7/6
f 5889/7/6 5882/7/6 5890/7/6
f 5883/7/6 5884/7/6 5895/7/6
f 5895/7/6 5884/7/6 5896/7/6
f 5877/6/6 5878/6/6 5897/6/6
f 5897/6/6 5878/6/6 5898/6/6
f 5879/6/6 5880/6/6 5899/6/6
f 5899/6/6 5880/6/6 5900/6/6
f 5891/7/6 5892/7/6 5903/7/6
f 5903/7/6 5892/7/6 5904/7/6
f 5893/7/6 5894/7/6 5905/7/6
f 5905/7/6 5894/7/6 5906/7/6
f 5885/7/6 5886/7/6 5909/7/6
f 5909/7/6 5886/7/6 5910/7/6
f 5887/7/6 5888/7/6 5911/7/6
f 5911/7/6 5888/7/6 5912/7/6
f 5901/7/6 5902/7/6 5913/7/6
f 5913/7/6 5902/7/6 5914/7/6
f 5907/7/6 5908/7/6 5919/7/6
f 5919/7/6 5908/7/6 5920/7/6
f 5897/7/6 5898/7/6 5921/7/6
f 5921/7/6 5898/7/6 5922/7/6
f 5899/7/6 5900/7/6 5923/7/6
f 5923/7/6 5900/7/6 5924/7/6
f 5911/6/6 5912/6/6 5925/6/6
f 5915/7/6 5916/7/6 5928/7/6
f 5928/7/6 5916/7/6 5929/7/6
f 5917/7/6 5918/7/6 5930/7/6
f 5930/7/6 5918/7/6 5931/7/6
f 5921/6/6 5922/6/6 5934/6/6
f 5911/6/6 5925/6/6 5935/6/6
f 5925/6/6 5926/6/6 5935/6/6
f 5935/6/6 5926/6/6 5936/6/6
f 5936/6/6 5926/6/6 5937/6/6
f 5937/6/6 5926/6/6 5938/6/6
f 5926/7/6 5927/7/6 5939/7/6
f 5938/6/6 5926/6/6 5939/6/6
f 5939/7/6 5927/7/6 5940/7/6
f 5932/7/6 5933/7/6 5941/7/6
f 5933/6/6 5934/6/6 5942/6/6
f 5941/7/6 5933/7/6 5942/7/6
f 5942/6/6 5934/6/6 5943/6/6
f 5943/6/6 5934/6/6 5944/6/6
f 5944/6/6 5934/6/6 5945/6/6
f 5934/6/6 5922/6/6 5946/6/6
f 5945/6/6 5934/6/6 5946/6/6
f 5909/6/6 5910/6/6 5947/6/6
f 5947/6/6 5910/6/6 5948/6/6
f 5911/6/6 5935/6/6 5949/6/6
f 5949/6/6 5935/6/6 5950/6/6
f 5938/6/6 5939/6/6 5951/6/6
f 5951/6/6 5939/6/6 5952/6/6
f 5942/6/6 5943/6/6 5955/6/6
f 5955/6/6 5943/6/6 5956/6/6
f 5946/6/6 5922/6/6 5957/6/6
f 5957/6/6 5922/6/6 5958/6/6
f 5923/6/6 5924/6/6 5959/6/6
f 5959/6/6 5924/6/6 5960/6/6
f 5951/6/6 5952/6/6 5963/6/6
f 5963/6/6 5952/6/6 5964/6/6
f 5953/6/6 5954/6/6 5965/6/6
f 5965/6/6 5954/6/6 5966/6/6
f 5966/6/6 5954/6/6 5967/6/6
f 5967/6/6 5954/6/6 5968/6/6
f 5968/6/6 5954/6/6 5969/6/6
f 5969/6/6 5954/6/6 5970/6/6
f 5955/6/6 5956/6/6 5971/6/6
f 5971/6/6 5956/6/6 5972/6/6
f 5947/7/6 5948/7/6 5975/7/6
f 5975/7/6 5948/7/6 5976/7/6
f 5949/7/6 5950/7/6 5977/7/6
f 5977/7/6 5950/7/6 5978/7/6
f 5963/6/6 5964/6/6 5979/6/6
f 5961/6/6 5962/6/6 5979/6/6
f 5962/6/6 5963/6/6 5979/6/6
f 5964/6/6 5965/6/6 5979/6/6
f 5965/6/6 5966/6/6 5979/6/6
f 5979/6/6 5966/6/6 5980/6/6
f 5980/6/6 5966/6/6 5981/6/6
f 5981/6/6 5966/6/6 5982/6/6
f 5967/6/6 5968/6/6 5983/6/6
f 5983/6/6 5968/6/6 5984/6/6
f 5969/6/6 5970/6/6 5985/6/6
f 5973/6/6 5974/6/6 5985/6/6
f 5970/6/6 5971/6/6 5985/6/6
f 5972/6/6 5973/6/6 5985/6/6
f 5971/6/6 5972/6/6 5985/6/6
f 5985/6/6 5974/6/6 5986/6/6
f 5986/6/6 5974/6/6 5987/6/6
f 5987/6/6 5974/6/6 5988/6/6
f 5957/7/6 5958/7/6 5989/7/6
f 5989/7/6 5958/7/6 5990/7/6
f 5959/7/6 5960/7/6 5991/7/6
f 5991/7/6 5960/7/6 5992/7/6
f 5983/6/6 5984/6/6 5994/6/6
f 5982/6/6 5983/6/6 5994/6/6
f 5985/6/6 5986/6/6 5994/6/6
f 5984/6/6 5985/6/6 5994/6/6
f 5981/6/6 5982/6/6 5994/6/6
f 5994/6/6 5986/6/6 5995/6/6
f 5995/6/6 5986/6/6 5996/6/6
f 5996/6/6 5986/6/6 5997/6/6
f 5997/6/6 5986/6/6 5998/6/6
f 5998/6/6 5986/6/6 5999/6/6
f 5993/6/6 5994/6/6 6001/6/6
f 5994/6/6 5995/6/6 6001/6/6
f 6001/6/6 5995/6/6 6002/6/6
f 6002/6/6 5995/6/6 6003/6/6
f 5996/6/6 5997/6/6 6004/6/6
f 6004/6/6 5997/6/6 6005/6/6
f 5999/6/6 6000/6/6 6006/6/6
f 5998/6/6 5999/6/6 6006/6/6
f 6006/6/6 6000/6/6 6007/6/6
f 6007/6/6 6000/6/6 6008/6/6
f 5975/6/6 5976/6/6 6009/6/6
f 6009/6/6 5976/6/6 6010/6/6
f 5977/6/6 5978/6/6 6011/6/6
f 6011/6/6 5978/6/6 6012/6/6
f 6004/6/6 6005/6/6 6014/6/6
f 6003/6/6 6004/6/6 6014/6/6
f 6002/6/6 6003/6/6 6014/6/6
f 6006/6/6 6007/6/6 6014/6/6
f 6005/6/6 6006/6/6 6014/6/6
f 6014/6/6 6007/6/6 6015/6/6
f 6015/6/6 6007/6/6 6016/6/6
f 6016/6/6 6007/6/6 6017/6/6
f 6017/6/6 6007/6/6 6018/6/6
f 6018/6/6 6007/6/6 6019/6/6
f 5989/6/6 5990/6/6 6021/6/6
f 6021/6/6 5990/6/6 6022/6/6
f 5991/6/6 5992/6/6 6023/6/6
f 6023/6/6 5992/6/6 6024/6/6
f 6013/6/6 6014/6/6 6025/6/6
f 6014/6/6 6015/6/6 6025/6/6
f 6025/6/6 6015/6/6 6026/6/6
f 6026/6/6 6015/6/6 6027/6/6
f 6016/6/6 6017/6/6 6028/6/6
f 6028/6/6 6017/6/6 6029/6/6
f 6019/6/6 6020/6/6 6030/6/6
f 6018/6/6 6019/6/6 6030/6/6
f 6030/6/6 6020/6/6 6031/6/6
f 6031/6/6 6020/6/6 6032/6/6
f 6009/7/6 6010/7/6 6033/7/6
f 6033/7/6 6010/7/6 6034/7/6
f 6011/7/6 6012/7/6 6035/7/6
f 6035/7/6 6012/7/6 6036/7/6
f 6028/6/6 6029/6/6 6038/6/6
f 6027/6/6 6028/6/6 6038/6/6
f 6026/6/6 6027/6/6 6038/6/6
f 6030/6/6 6031/6/6 6038/6/6
f 6029/6/6 6030/6/6 6038/6/6
f 6038/6/6 6031/6/6 6039/6/6
f 6039/6/6 6031/6/6 6040/6/6
f 6040/6/6 6031/6/6 6041/6/6
f 6041/6/6 6031/6/6 6042/6/6
f 6042/6/6 6031/6/6 6043/6/6
f 6021/7/6 6022/7/6 6045/7/6
f 6045/7/6 6022/7/6 6046/7/6
f 6023/7/6 6024/7/6 6047/7/6
f 6047/7/6 6024/7/6 6048/7/6
f 6033/6/6 6034/6/6 6049/6/6
f 6049/6/6 6034/6/6 6050/6/6
f 6035/6/6 6036/6/6 6051/6/6
f 6051/6/6 6036/6/6 6052/6/6
f 6037/6/6 6038/6/6 6053/6/6
f 6038/6/6 6039/6/6 6053/6/6
f 6053/6/6 6039/6/6 6054/6/6
f 6054/6/6 6039/6/6 6055/6/6
f 6040/6/6 6041/6/6 6056/6/6
f 6056/6/6 6041/6/6 6057/6/6
f 6043/6/6 6044/6/6 6058/6/6
f 6042/6/6 6043/6/6 6058/6/6
f 6058/6/6 6044/6/6 6059/6/6
f 6059/6/6 6044/6/6 6060/6/6
f 6045/6/6 6046/6/6 6061/6/6
f 6061/6/6 6046/6/6 6062/6/6
f 6047/6/6 6048/6/6 6063/6/6
f 6063/6/6 6048/6/6 6064/6/6
f 6052/6/6 6053/6/6 6067/6/6
f 6067/6/6 6053/6/6 6068/6/6
f 6056/6/6 6057/6/6 6069/6/6
f 6055/6/6 6056/6/6 6069/6/6
f 6054/6/6 6055/6/6 6069/6/6
f 6058/6/6 6059/6/6 6069/6/6
f 6057/6/6 6058/6/6 6069/6/6
f 6069/6/6 6059/6/6 6070/6/6
f 6060/6/6 6061/6/6 6071/6/6
f 6071/6/6 6061/6/6 6072/6/6
f 6065/6/6 6066/6/6 6075/6/6
f 6066/1/6 6067/1/6 6076/1/6
f 6075/6/6 6066/6/6 6076/6/6
f 6076/1/6 6067/1/6 6077/1/6
f 6072/1/6 6073/1/6 6078/1/6
f 6073/6/6 6074/6/6 6079/6/6
f 6078/1/6 6073/1/6 6079/1/6
f 6079/6/6 6074/6/6 6080/6/6
f 6076/1/6 6077/1/6 6081/1/6
f 6075/1/6 6076/1/6 6081/1/6
f 6081/1/6 6077/1/6 6082/1/6
f 6079/1/6 6080/1/6 6083/1/6
f 6078/1/6 6079/1/6 6083/1/6
f 6083/1/6 6080/1/6 6084/1/6
f 6081/6/6 6082/6/6 6085/6/6
f 6085/6/6 6082/6/6 6086/6/6
f 6086/6/6 6082/6/6 6087/6/6
f 6083/6/6 6084/6/6 6088/6/6
f 6088/6/6 6084/6/6 6089/6/6
f 6089/6/6 6084/6/6 6090/6/6
f 6085/1/6 6086/1/6 6091/1/6
f 6086/6/6 6087/6/6 6092/6/6
f 6091/1/6 6086/1/6 6092/1/6
f 6092/6/6 6087/6/6 6093/6/6
f 6088/6/6 6089/6/6 6094/6/6
f 6089/1/6 6090/1/6 6095/1/6
f 6094/6/6 6089/6/6 6095/6/6
f 6095/1/6 6090/1/6 6096/1/6
f 6092/6/6 6093/6/6 6097/6/6
f 6091/6/6 6092/6/6 6097/6/6
f 6097/6/6 6093/6/6 6098/6/6
f 6095/6/6 6096/6/6 6099/6/6
f 6094/6/6 6095/6/6 6099/6/6
f 6099/6/6 6096/6/6 6100/6/6
f 6097/1/6 6098/1/6 6102/1/6
f 6102/1/6 6098/1/6 6103/1/6
f 6099/1/6 6100/1/6 6104/1/6
f 6104/1/6 6100/1/6 6105/1/6
f 6101/6/6 6102/6/6 6107/6/6
f 6107/6/6 6102/6/6 6108/6/6
f 6108/6/6 6102/6/6 6109/6/6
f 6105/6/6 6106/6/6 6110/6/6
f 6110/6/6 6106/6/6 6111/6/6
f 6111/6/6 6106/6/6 6112/6/6
f 6108/6/6 6109/6/6 6113/6/6
f 6110/6/6 6111/6/6 6114/6/6
f 6107/1/6 6108/1/6 6115/1/6
f 6108/6/6 6113/6/6 6116/6/6
f 6115/1/6 6108/1/6 6116/1/6
f 6114/6/6 6111/6/6 6117/6/6
f 6111/1/6 6112/1/6 6117/1/6
f 6117/1/6 6112/1/6 6118/1/6
f 6116/6/6 6113/6/6 6119/6/6
f 6115/6/6 6116/6/6 6119/6/6
f 6117/6/6 6118/6/6 6120/6/6
f 6114/6/6 6117/6/6 6120/6/6
f 6115/6/6 6119/6/6 6121/6/6
f 6121/6/6 6119/6/6 6122/6/6
f 6120/6/6 6118/6/6 6123/6/6
f 6123/6/6 6118/6/6 6124/6/6
f 6121/1/6 6122/1/6 6125/1/6
f 6115/6/6 6121/6/6 6125/6/6
f 6125/1/6 6122/1/6 6126/1/6
f 6123/1/6 6124/1/6 6127/1/6
f 6124/6/6 6118/6/6 6128/6/6
f 6127/1/6 6124/1/6 6128/1/6
f 6125/6/6 6126/6/6 6129/6/6
f 6115/6/6 6125/6/6 6129/6/6
f 6129/6/6 6126/6/6 6130/6/6
f 6130/6/6 6126/6/6 6131/6/6
f 6127/6/6 6128/6/6 6132/6/6
f 6128/6/6 6118/6/6 6133/6/6
f 6132/6/6 6128/6/6 6133/6/6
f 6133/6/6 6118/6/6 6134/6/6
f 6135/6/6 6136/6/6 6139/6/6
f 6139/6/6 6136/6/6 6140/6/6
f 6137/6/6 6138/6/6 6141/6/6
f 6141/6/6 6138/6/6 6142/6/6
f 6143/6/6 6144/6/6 6145/6/6
f 6145/6/6 6144/6/6 6146/6/6
f 6145/6/6 6146/6/6 6147/6/6
f 6147/6/6 6146/6/6 6148/6/6
f 6145/6/6 6147/6/6 6149/6/6
f 6147/2/6 6148/2/6 6150/2/6
f 6149/6/6 6147/6/6 6150/6/6
f 6149/2/6 6150/2/6 6151/2/6
f 6150/2/6 6148/2/6 6152/2/6
f 6151/2/6 6150/2/6 6152/2/6
f 6153/6/6 6154/6/6 6157/6/6
f 6157/6/6 6154/6/6 6158/6/6
f 6155/6/6 6156/6/6 6159/6/6
f 6159/6/6 6156/6/6 6160/6/6
f 6157/7/6 6158/7/6 6161/7/6
f 6161/7/6 6158/7/6 6162/7/6
f 6159/7/6 6160/7/6 6163/7/6
f 6163/7/6 6160/7/6 6164/7/6
f 6161/6/6 6162/6/6 6165/6/6
f 6165/6/6 6162/6/6 6166/6/6
f 6163/6/6 6164/6/6 6167/6/6
f 6167/6/6 6164/6/6 6168/6/6
f 6165/7/6 6166/7/6 6169/7/6
f 6169/7/6 6166/7/6 6170/7/6
f 6167/7/6 6168/7/6 6171/7/6
f 6171/7/6 6168/7/6 6172/7/6
f 6169/6/6 6170/6/6 6173/6/6
f 6173/6/6 6170/6/6 6174/6/6
f 6171/6/6 6172/6/6 6179/6/6
f 6179/6/6 6172/6/6 6180/6/6
f 6175/7/6 6176/7/6 6181/7/6
f 6181/7/6 6176/7/6 6182/7/6
f 6177/7/6 6178/7/6 6187/7/6
f 6187/7/6 6178/7/6 6188/7/6
f 6173/7/6 6174/7/6 6189/7/6
f 6189/7/6 6174/7/6 6190/7/6
f 6183/7/6 6184/7/6 6193/7/6
f 6193/7/6 6184/7/6 6194/7/6
f 6185/7/6 6186/7/6 6195/7/6
f 6195/7/6 6186/7/6 6196/7/6
f 6179/7/6 6180/7/6 6199/7/6
f 6199/7/6 6180/7/6 6200/7/6
f 6191/7/6 6192/7/6 6201/7/6
f 6201/7/6 6192/7/6 6202/7/6
f 6197/7/6 6198/7/6 6207/7/6
f 6207/7/6 6198/7/6 6208/7/6
f 6203/7/6 6204/7/6 6211/7/6
f 6211/7/6 6204/7/6 6212/7/6
f 6205/7/6 6206/7/6 6213/7/6
f 6213/7/6 6206/7/6 6214/7/6
f 6189/6/6 6190/6/6 6217/6/6
f 6217/6/6 6190/6/6 6218/6/6
f 6209/7/6 6210/7/6 6219/7/6
f 6219/7/6 6210/7/6 6220/7/6
f 6215/7/6 6216/7/6 6225/7/6
f 6225/7/6 6216/7/6 6226/7/6
f 6199/6/6 6200/6/6 6227/6/6
f 6227/6/6 6200/6/6 6228/6/6
f 6221/7/6 6222/7/6 6231/7/6
f 6231/7/6 6222/7/6 6232/7/6
f 6223/7/6 6224/7/6 6233/7/6
f 6233/7/6 6224/7/6 6234/7/6
f 6217/7/6 6218/7/6 6237/7/6
f 6237/7/6 6218/7/6 6238/7/6
f 6229/7/6 6230/7/6 6239/7/6
f 6239/7/6 6230/7/6 6240/7/6
f 6235/7/6 6236/7/6 6245/7/6
f 6245/7/6 6236/7/6 6246/7/6
f 6227/7/6 6228/7/6 6247/7/6
f 6247/7/6 6228/7/6 6248/7/6
f 6237/6/6 6238/6/6 6249/6/6
f 6249/6/6 6238/6/6 6250/6/6
f 6241/7/6 6242/7/6 6253/7/6
f 6253/7/6 6242/7/6 6254/7/6
f 6243/7/6 6244/7/6 6255/7/6
f 6255/7/6 6244/7/6 6256/7/6
f 6247/6/6 6248/6/6 6259/6/6
f 6259/6/6 6248/6/6 6260/6/6
f 6251/7/6 6252/7/6 6262/7/6
f 6262/7/6 6252/7/6 6263/7/6
f 6257/7/6 6258/7/6 6264/7/6
f 6264/7/6 6258/7/6 6265/7/6
f 6262/6/6 6263/6/6 6267/6/6
f 6265/6/6 6266/6/6 6267/6/6
f 6264/6/6 6265/6/6 6267/6/6
f 6263/6/6 6264/6/6 6267/6/6
f 6261/6/6 6262/6/6 6267/6/6
f 6267/6/6 6266/6/6 6268/6/6
f 6261/6/6 6267/6/6 6269/6/6
f 6269/6/6 6267/6/6 6270/6/6
f 6268/6/6 6266/6/6 6271/6/6
f 6271/6/6 6266/6/6 6272/6/6
f 6269/1/6 6270/1/6 6273/1/6
f 6273/1/6 6270/1/6 6274/1/6
f 6271/1/6 6272/1/6 6275/1/6
f 6275/1/6 6272/1/6 6276/1/6
f 6273/6/6 6274/6/6 6277/6/6
f 6277/6/6 6274/6/6 6278/6/6
f 6275/6/6 6276/6/6 6279/6/6
f 6279/6/6 6276/6/6 6280/6/6
f 6277/1/6 6278/1/6 6281/1/6
f 6281/1/6 6278/1/6 6282/1/6
f 6279/1/6 6280/1/6 6283/1/6
f 6283/1/6 6280/1/6 6284/1/6
f 6281/6/6 6282/6/6 6285/6/6
f 6285/6/6 6282/6/6 6286/6/6
f 6283/6/6 6284/6/6 6287/6/6
f 6287/6/6 6284/6/6 6288/6/6
f 6285/1/6 6286/1/6 6290/1/6
f 6290/1/6 6286/1/6 6291/1/6
f 6287/1/6 6288/1/6 6292/1/6
f 6292/1/6 6288/1/6 6293/1/6
f 6289/1/6 6290/1/6 6295/1/6
f 6295/1/6 6290/1/6 6296/1/6
f 6293/1/6 6294/1/6 6297/1/6
f 6297/1/6 6294/1/6 6298/1/6
f 6295/6/6 6296/6/6 6299/6/6
f 6299/6/6 6296/6/6 6300/6/6
f 6297/6/6 6298/6/6 6301/6/6
f 6301/6/6 6298/6/6 6302/6/6
f 6300/6/6 6296/6/6 6303/6/6
f 6299/1/6 6300/1/6 6303/1/6
f 6303/6/6 6296/6/6 6304/6/6
f 6297/6/6 6301/6/6 6305/6/6
f 6301/1/6 6302/1/6 6306/1/6
f 6305/6/6 6301/6/6 6306/6/6
f 6303/1/6 6304/1/6 6307/1/6
f 6299/1/6 6303/1/6 6307/1/6
f 6307/1/6 6304/1/6 6308/1/6
f 6305/1/6 6306/1/6 6309/1/6
f 6306/1/6 6302/1/6 6310/1/6
f 6309/1/6 6306/1/6 6310/1/6
f 6307/6/6 6308/6/6 6311/6/6
f 6311/6/6 6308/6/6 6312/6/6
f 6312/6/6 6308/6/6 6313/6/6
f 6309/6/6 6310/6/6 6314/6/6
f 6314/6/6 6310/6/6 6315/6/6
f 6315/6/6 6310/6/6 6316/6/6
f 6311/1/6 6312/1/6 6317/1/6
f 6312/6/6 6313/6/6 6318/6/6
f 6317/1/6 6312/1/6 6318/1/6
f 6318/6/6 6313/6/6 6319/6/6
f 6314/6/6 6315/6/6 6320/6/6
f 6315/1/6 6316/1/6 6321/1/6
f 6320/6/6 6315/6/6 6321/6/6
f 6321/1/6 6316/1/6 6322/1/6
f 6317/6/6 6318/6/6 6325/6/6
f 6318/1/6 6319/1/6 6326/1/6
f 6325/6/6 6318/6/6 6326/6/6
f 6326/1/6 6319/1/6 6327/1/6
f 6320/1/6 6321/1/6 6328/1/6
f 6321/6/6 6322/6/6 6329/6/6
f 6328/1/6 6321/1/6 6329/1/6
f 6329/6/6 6322/6/6 6330/6/6
f 6323/6/6 6324/6/6 6333/6/6
f 6324/1/6 6325/1/6 6334/1/6
f 6333/6/6 6324/6/6 6334/6/6
f 6334/1/6 6325/1/6 6335/1/6
f 6330/1/6 6331/1/6 6336/1/6
f 6331/6/6 6332/6/6 6337/6/6
f 6336/1/6 6331/1/6 6337/1/6
f 6337/6/6 6332/6/6 6338/6/6
f 6333/1/6 6334/1/6 6339/1/6
f 6334/6/6 6335/6/6 6340/6/6
f 6339/1/6 6334/1/6 6340/1/6
f 6336/6/6 6337/6/6 6341/6/6
f 6337/1/6 6338/1/6 6341/1/6
f 6341/1/6 6338/1/6 6342/1/6
f 6339/6/6 6340/6/6 6343/6/6
f 6340/6/6 6335/6/6 6344/6/6
f 6343/6/6 6340/6/6 6344/6/6
f 6344/6/6 6335/6/6 6345/6/6
f 6336/6/6 6341/6/6 6346/6/6
f 6341/6/6 6342/6/6 6346/6/6
f 6346/6/6 6342/6/6 6347/6/6
f 6347/6/6 6342/6/6 6348/6/6
f 6349/5/6 6350/5/6 6353/5/6
f 6351/5/6 6352/5/6 6364/5/6
f 6353/6/6 6354/6/6 6365/6/6
f 6354/1/6 6355/1/6 6365/1/6
f 6355/6/6 6356/6/6 6366/6/6
f 6365/1/6 6355/1/6 6366/1/6
f 6356/1/6 6357/1/6 6367/1/6
f 6366/6/6 6356/6/6 6367/6/6
f 6360/1/6 6361/1/6 6368/1/6
f 6361/6/6 6362/6/6 6368/6/6
f 6362/1/6 6363/1/6 6369/1/6
f 6368/6/6 6362/6/6 6369/6/6
f 6363/6/6 6364/6/6 6370/6/6
f 6369/1/6 6363/1/6 6370/1/6
f 6349/5/6 6353/5/6 6371/5/6
f 6353/6/6 6365/6/6 6371/6/6
f 6365/6/6 6366/6/6 6371/6/6
f 6366/1/6 6367/1/6 6372/1/6
f 6371/6/6 6366/6/6 6372/6/6
f 6367/1/6 6357/1/6 6373/1/6
f 6372/1/6 6367/1/6 6373/1/6
f 6373/1/6 6357/1/6 6374/1/6
f 6358/7/6 6359/7/6 6376/7/6
f 6376/7/6 6359/7/6 6377/7/6
f 6360/1/6 6368/1/6 6379/1/6
f 6368/1/6 6369/1/6 6379/1/6
f 6379/1/6 6369/1/6 6380/1/6
f 6369/6/6 6370/6/6 6381/6/6
f 6380/1/6 6369/1/6 6381/1/6
f 6370/6/6 6364/6/6 6382/6/6
f 6381/6/6 6370/6/6 6382/6/6
f 6364/5/6 6352/5/6 6382/5/6
f 6349/5/6 6371/5/6 6383/5/6
f 6371/1/6 6372/1/6 6384/1/6
f 6383/5/6 6371/5/6 6384/5/6
f 6372/6/6 6373/6/6 6385/6/6
f 6384/1/6 6372/1/6 6385/1/6
f 6373/1/6 6374/1/6 6386/1/6
f 6385/6/6 6373/6/6 6386/6/6
f 6374/6/6 6375/6/6 6387/6/6
f 6386/1/6 6374/1/6 6387/1/6
f 6387/6/6 6375/6/6 6388/6/6
f 6376/6/6 6377/6/6 6391/6/6
f 6391/6/6 6377/6/6 6392/6/6
f 6378/6/6 6379/6/6 6393/6/6
f 6379/1/6 6380/1/6 6394/1/6
f 6393/6/6 6379/6/6 6394/6/6
f 6380/6/6 6381/6/6 6395/6/6
f 6394/1/6 6380/1/6 6395/1/6
f 6381/1/6 6382/1/6 6396/1/6
f 6395/6/6 6381/6/6 6396/6/6
f 6382/5/6 6352/5/6 6397/5/6
f 6396/1/6 6382/1/6 6397/1/6
f 6397/5/6 6352/5/6 6398/5/6
f 6388/6/6 6389/6/6 6399/6/6
f 6385/6/6 6386/6/6 6399/6/6
f 6384/6/6 6385/6/6 6399/6/6
f 6386/6/6 6387/6/6 6399/6/6
f 6387/6/6 6388/6/6 6399/6/6
f 6399/6/6 6389/6/6 6400/6/6
f 6393/6/6 6394/6/6 6401/6/6
f 6391/6/6 6392/6/6 6401/6/6
f 6392/6/6 6393/6/6 6401/6/6
f 6396/6/6 6397/6/6 6401/6/6
f 6394/6/6 6395/6/6 6401/6/6
f 6395/6/6 6396/6/6 6401/6/6
f 6390/6/6 6391/6/6 6401/6/6
f 6401/6/6 6397/6/6 6402/6/6
f 6403/6/6 6404/6/6 6405/6/6
f 6405/6/6 6404/6/6 6406/6/6
f 6407/6/6 6408/6/6 6411/6/6
f 6411/6/6 6408/6/6 6412/6/6
f 6409/6/6 6410/6/6 6413/6/6
f 6413/6/6 6410/6/6 6414/6/6
f 6411/1/6 6412/1/6 6415/1/6
f 6415/1/6 6412/1/6 6416/1/6
f 6413/1/6 6414/1/6 6417/1/6
f 6417/1/6 6414/1/6 6418/1/6
f 6415/6/6 6416/6/6 6419/6/6
f 6419/6/6 6416/6/6 6420/6/6
f 6417/6/6 6418/6/6 6421/6/6
f 6421/6/6 6418/6/6 6422/6/6
f 6419/1/6 6420/1/6 6423/1/6
f 6423/1/6 6420/1/6 6424/1/6
f 6421/1/6 6422/1/6 6425/1/6
f 6425/1/6 6422/1/6 6426/1/6
f 6423/6/6 6424/6/6 6428/6/6
f 6428/6/6 6424/6/6 6429/6/6
f 6425/6/6 6426/6/6 6430/6/6
f 6430/6/6 6426/6/6 6431/6/6
f 6427/1/6 6428/1/6 6433/1/6
f 6433/1/6 6428/1/6 6434/1/6
f 6431/1/6 6432/1/6 6435/1/6
f 6435/1/6 6432/1/6 6436/1/6
f 6433/6/6 6434/6/6 6437/6/6
f 6435/6/6 6436/6/6 6438/6/6
f 6427/1/6 6433/1/6 6441/1/6
f 6433/6/6 6437/6/6 6442/6/6
f 6441/1/6 6433/1/6 6442/1/6
f 6442/6/6 6437/6/6 6443/6/6
f 6438/6/6 6436/6/6 6444/6/6
f 6436/1/6 6432/1/6 6445/1/6
f 6444/6/6 6436/6/6 6445/6/6
f 6445/1/6 6432/1/6 6446/1/6
f 6439/6/6 6440/6/6 6449/6/6
f 6440/1/6 6441/1/6 6449/1/6
f 6449/1/6 6441/1/6 6450/1/6
f 6446/1/6 6447/1/6 6451/1/6
f 6447/6/6 6448/6/6 6452/6/6
f 6451/1/6 6447/1/6 6452/1/6
f 6449/6/6 6450/6/6 6453/6/6
f 6439/6/6 6449/6/6 6453/6/6
f 6453/6/6 6450/6/6 6454/6/6
f 6454/6/6 6450/6/6 6455/6/6
f 6451/6/6 6452/6/6 6456/6/6
f 6452/6/6 6448/6/6 6457/6/6
f 6456/6/6 6452/6/6 6457/6/6
f 6457/6/6 6448/6/6 6458/6/6
f 6454/6/6 6455/6/6 6459/6/6
f 6453/1/6 6454/1/6 6459/1/6
f 6459/6/6 6455/6/6 6460/6/6
f 6456/6/6 6457/6/6 6461/6/6
f 6457/1/6 6458/1/6 6462/1/6
f 6461/6/6 6457/6/6 6462/6/6
f 6459/1/6 6460/1/6 6463/1/6
f 6453/1/6 6459/1/6 6463/1/6
f 6463/1/6 6460/1/6 6464/1/6
f 6462/1/6 6458/1/6 6465/1/6
f 6461/1/6 6462/1/6 6465/1/6
f 6465/1/6 6458/1/6 6466/1/6
f 6463/6/6 6464/6/6 6467/6/6
f 6464/1/6 6460/1/6 6468/1/6
f 6467/6/6 6464/6/6 6468/6/6
f 6468/1/6 6460/1/6 6469/1/6
f 6461/1/6 6465/1/6 6470/1/6
f 6465/6/6 6466/6/6 6471/6/6
f 6470/1/6 6465/1/6 6471/1/6
f 6471/6/6 6466/6/6 6472/6/6
f 6473/6/6 6474/6/6 6477/6/6
f 6477/6/6 6474/6/6 6478/6/6
f 6475/6/6 6476/6/6 6481/6/6
f 6481/6/6 6476/6/6 6482/6/6
f 6478/6/6 6479/6/6 6483/6/6
f 6483/6/6 6479/6/6 6484/6/6
f 6484/6/6 6479/6/6 6485/6/6
f 6485/6/6 6479/6/6 6486/6/6
f 6480/6/6 6481/6/6 6487/6/6
f 6487/6/6 6481/6/6 6488/6/6
f 6484/6/6 6485/6/6 6489/6/6
f 6489/6/6 6485/6/6 6490/6/6
f 6490/6/6 6485/6/6 6491/6/6
f 6491/6/6 6485/6/6 6492/6/6
f 6490/6/6 6491/6/6 6493/6/6
f 6493/6/6 6491/6/6 6494/6/6
f 6495/6/6 6496/6/6 6497/6/6
f 6497/6/6 6496/6/6 6498/6/6
f 6499/6/6 6500/6/6 6503/6/6
f 6503/6/6 6500/6/6 6504/6/6
f 6501/6/6 6502/6/6 6505/6/6
f 6505/6/6 6502/6/6 6506/6/6
f 6503/1/6 6504/1/6 6507/1/6
f 6507/1/6 6504/1/6 6508/1/6
f 6505/1/6 6506/1/6 6509/1/6
f 6509/1/6 6506/1/6 6510/1/6
f 6507/6/6 6508/6/6 6513/6/6
f 6513/6/6 6508/6/6 6514/6/6
f 6509/6/6 6510/6/6 6515/6/6
f 6515/6/6 6510/6/6 6516/6/6
f 6511/1/6 6512/1/6 6519/1/6
f 6512/6/6 6513/6/6 6520/6/6
f 6519/1/6 6512/1/6 6520/1/6
f 6520/6/6 6513/6/6 6521/6/6
f 6516/6/6 6517/6/6 6522/6/6
f 6517/1/6 6518/1/6 6523/1/6
f 6522/6/6 6517/6/6 6523/6/6
f 6523/1/6 6518/1/6 6524/1/6
f 6520/1/6 6521/1/6 6525/1/6
f 6519/6/6 6520/6/6 6525/6/6
f 6525/1/6 6521/1/6 6526/1/6
f 6522/1/6 6523/1/6 6527/1/6
f 6523/6/6 6524/6/6 6528/6/6
f 6527/1/6 6523/1/6 6528/1/6
f 6525/6/6 6526/6/6 6529/6/6
f 6519/6/6 6525/6/6 6529/6/6
f 6529/6/6 6526/6/6 6530/6/6
f 6527/6/6 6528/6/6 6533/6/6
f 6528/6/6 6524/6/6 6534/6/6
f 6533/6/6 6528/6/6 6534/6/6
f 6530/6/6 6531/6/6 6535/6/6
f 6535/6/6 6531/6/6 6536/6/6
f 6532/6/6 6533/6/6 6537/6/6
f 6537/6/6 6533/6/6 6538/6/6
f 6536/6/6 6537/6/6 6539/6/6
f 6539/6/6 6537/6/6 6540/6/6
f 6541/2/6 6542/2/6 6545/2/6
f 6545/2/6 6542/2/6 6546/2/6
f 6543/2/6 6544/2/6 6547/2/6
f 6547/2/6 6544/2/6 6548/2/6
f 6549/6/6 6550/6/6 6552/6/6
f 6552/6/6 6550/6/6 6553/6/6
f 6552/6/6 6553/6/6 6555/6/6
f 6553/6/6 6554/6/6 6555/6/6
f 6551/6/6 6552/6/6 6555/6/6
f 6555/6/6 6554/6/6 6556/6/6
f 6556/6/6 6554/6/6 6557/6/6
f 6557/6/6 6554/6/6 6558/6/6
f 6556/6/6 6557/6/6 6559/6/6
f 6559/6/6 6557/6/6 6560/6/6
