# MagicaVoxel @ Ephtracy

# group
o 

# material
mtllib guard.mtl
usemtl palette

# normals
vn -1 0 0
vn 1 0 0
vn 0 0 1
vn 0 0 -1
vn 0 -1 0
vn 0 1 0

# texcoords
vt 0.509766 0.5
vt 0.513672 0.5
vt 0.673828 0.5
vt 0.677734 0.5
vt 0.982422 0.5
vt 0.986328 0.5
vt 0.990234 0.5
vt 0.994141 0.5

# verts
v -1 0.1 2.7
v -1 0.1 2
v -1 0.1 1.9
v -1 0.1 0.1
v -1 0.1 0
v -1 0.1 -1.9
v -1 0.1 -2
v -1 0.1 -2.3
v -1 0.2 2.7
v -1 0.2 2.6
v -1 0.2 1.9
v -1 0.2 0.1
v -1 0.2 0
v -1 0.2 -1.9
v -1 0.2 -2.3
v -1 0.2 -2.4
v -1 0.3 2.6
v -1 0.3 2.5
v -1 0.3 1.9
v -1 0.3 0.1
v -1 0.3 0
v -1 0.3 -1.9
v -1 0.3 -2.4
v -1 0.3 -2.5
v -1 0.4 -2.5
v -1 0.4 -2.6
v -1 0.5 -2.6
v -1 0.5 -2.7
v -1 0.6 -2.7
v -1 0.6 -2.8
v -1 0.7 -2.6
v -1 0.7 -2.7
v -1 0.8 -2.6
v -1 0.8 -2.7
v -1 0.9 2.5
v -1 0.9 2
v -1 0.9 1.9
v -1 0.9 0.1
v -1 0.9 0
v -1 0.9 -1.9
v -1 0.9 -2
v -1 0.9 -2.8
v -0.9 0 2.8
v -0.9 0 2.7
v -0.9 0 2.6
v -0.9 0 2.5
v -0.9 0 2.4
v -0.9 0 2.3
v -0.9 0 2.2
v -0.9 0 2.1
v -0.9 0 2
v -0.9 0 1.9
v -0.9 0 1.8
v -0.9 0 1.7
v -0.9 0 1.6
v -0.9 0 1.5
v -0.9 0 1.4
v -0.9 0 1.3
v -0.9 0 1.2
v -0.9 0 1.1
v -0.9 0 1
v -0.9 0 0.9
v -0.9 0 0.8
v -0.9 0 0.7
v -0.9 0 0.6
v -0.9 0 0.5
v -0.9 0 0.4
v -0.9 0 0.3
v -0.9 0 0.2
v -0.9 0 0.1
v -0.9 0 0
v -0.9 0 -0.0999999
v -0.9 0 -0.2
v -0.9 0 -0.3
v -0.9 0 -0.4
v -0.9 0 -0.5
v -0.9 0 -0.6
v -0.9 0 -0.7
v -0.9 0 -0.8
v -0.9 0 -0.9
v -0.9 0 -1
v -0.9 0 -1.1
v -0.9 0 -1.2
v -0.9 0 -1.3
v -0.9 0 -1.4
v -0.9 0 -1.5
v -0.9 0 -1.6
v -0.9 0 -1.7
v -0.9 0 -1.8
v -0.9 0 -1.9
v -0.9 0 -2
v -0.9 0 -2.1
v -0.9 0 -2.2
v -0.9 0 -2.3
v -0.9 0.1 2.9
v -0.9 0.1 2.8
v -0.9 0.1 2.7
v -0.9 0.1 2.6
v -0.9 0.1 2.5
v -0.9 0.1 2.4
v -0.9 0.1 2.3
v -0.9 0.1 2.2
v -0.9 0.1 2.1
v -0.9 0.1 2
v -0.9 0.1 1.9
v -0.9 0.1 1.8
v -0.9 0.1 1.7
v -0.9 0.1 1.6
v -0.9 0.1 1.5
v -0.9 0.1 1.4
v -0.9 0.1 1.3
v -0.9 0.1 1.2
v -0.9 0.1 1.1
v -0.9 0.1 1
v -0.9 0.1 0.9
v -0.9 0.1 0.8
v -0.9 0.1 0.7
v -0.9 0.1 0.6
v -0.9 0.1 0.5
v -0.9 0.1 0.4
v -0.9 0.1 0.3
v -0.9 0.1 0.2
v -0.9 0.1 0.1
v -0.9 0.1 0
v -0.9 0.1 -0.0999999
v -0.9 0.1 -0.2
v -0.9 0.1 -0.3
v -0.9 0.1 -0.4
v -0.9 0.1 -0.5
v -0.9 0.1 -0.6
v -0.9 0.1 -0.7
v -0.9 0.1 -0.8
v -0.9 0.1 -0.9
v -0.9 0.1 -1
v -0.9 0.1 -1.1
v -0.9 0.1 -1.2
v -0.9 0.1 -1.3
v -0.9 0.1 -1.4
v -0.9 0.1 -1.5
v -0.9 0.1 -1.6
v -0.9 0.1 -1.7
v -0.9 0.1 -1.8
v -0.9 0.1 -1.9
v -0.9 0.1 -2
v -0.9 0.1 -2.1
v -0.9 0.1 -2.2
v -0.9 0.1 -2.3
v -0.9 0.1 -2.4
v -0.9 0.2 3
v -0.9 0.2 2.9
v -0.9 0.2 2.7
v -0.9 0.2 2.6
v -0.9 0.2 -2.3
v -0.9 0.2 -2.4
v -0.9 0.2 -2.5
v -0.9 0.3 3.1
v -0.9 0.3 3
v -0.9 0.3 2.9
v -0.9 0.3 2.6
v -0.9 0.3 2.5
v -0.9 0.3 -2.4
v -0.9 0.3 -2.5
v -0.9 0.3 -2.6
v -0.9 0.4 3.2
v -0.9 0.4 3.1
v -0.9 0.4 3
v -0.9 0.4 2.9
v -0.9 0.4 2.7
v -0.9 0.4 2.6
v -0.9 0.4 2.5
v -0.9 0.4 -2.5
v -0.9 0.4 -2.6
v -0.9 0.4 -2.7
v -0.9 0.5 3.2
v -0.9 0.5 3.1
v -0.9 0.5 3
v -0.9 0.5 2.9
v -0.9 0.5 2.7
v -0.9 0.5 2.6
v -0.9 0.5 -2.6
v -0.9 0.5 -2.7
v -0.9 0.5 -2.8
v -0.9 0.6 3.2
v -0.9 0.6 3.1
v -0.9 0.6 -2.7
v -0.9 0.6 -2.8
v -0.9 0.6 -2.9
v -0.9 0.7 3.2
v -0.9 0.7 3.1
v -0.9 0.7 3
v -0.9 0.7 2.9
v -0.9 0.7 2.7
v -0.9 0.7 2.6
v -0.9 0.7 -2.8
v -0.9 0.7 -2.9
v -0.9 0.8 3.2
v -0.9 0.8 3.1
v -0.9 0.8 3
v -0.9 0.8 2.9
v -0.9 0.8 2.7
v -0.9 0.8 2.6
v -0.9 0.8 2.5
v -0.9 0.8 -2.8
v -0.9 0.8 -2.9
v -0.9 0.9 3.1
v -0.9 0.9 3
v -0.9 0.9 2.9
v -0.9 0.9 2.8
v -0.9 0.9 2.7
v -0.9 0.9 2.6
v -0.9 0.9 2.5
v -0.9 0.9 2.4
v -0.9 0.9 2.3
v -0.9 0.9 2.2
v -0.9 0.9 2.1
v -0.9 0.9 2
v -0.9 0.9 1.9
v -0.9 0.9 1.8
v -0.9 0.9 1.7
v -0.9 0.9 1.6
v -0.9 0.9 1.5
v -0.9 0.9 1.4
v -0.9 0.9 1.3
v -0.9 0.9 1.2
v -0.9 0.9 1.1
v -0.9 0.9 1
v -0.9 0.9 0.9
v -0.9 0.9 0.8
v -0.9 0.9 0.7
v -0.9 0.9 0.6
v -0.9 0.9 0.5
v -0.9 0.9 0.4
v -0.9 0.9 0.3
v -0.9 0.9 0.2
v -0.9 0.9 0.1
v -0.9 0.9 0
v -0.9 0.9 -0.0999999
v -0.9 0.9 -0.2
v -0.9 0.9 -0.3
v -0.9 0.9 -0.4
v -0.9 0.9 -0.5
v -0.9 0.9 -0.6
v -0.9 0.9 -0.7
v -0.9 0.9 -0.8
v -0.9 0.9 -0.9
v -0.9 0.9 -1
v -0.9 0.9 -1.1
v -0.9 0.9 -1.2
v -0.9 0.9 -1.3
v -0.9 0.9 -1.4
v -0.9 0.9 -1.5
v -0.9 0.9 -1.6
v -0.9 0.9 -1.7
v -0.9 0.9 -1.8
v -0.9 0.9 -1.9
v -0.9 0.9 -2
v -0.9 0.9 -2.1
v -0.9 0.9 -2.2
v -0.9 0.9 -2.3
v -0.9 0.9 -2.4
v -0.9 0.9 -2.5
v -0.9 0.9 -2.6
v -0.9 0.9 -2.7
v -0.9 0.9 -2.8
v -0.9 0.9 -2.9
v -0.9 1 3.2
v -0.9 1 3
v -0.9 1 2.9
v -0.9 1 2.8
v -0.9 1 2.7
v -0.9 1 2.6
v -0.9 1 2.5
v -0.9 1 2.4
v -0.9 1 2.3
v -0.9 1 2.2
v -0.9 1 2.1
v -0.9 1 2
v -0.9 1 1.9
v -0.9 1 1.8
v -0.9 1 1.7
v -0.9 1 1.6
v -0.9 1 1.5
v -0.9 1 1.4
v -0.9 1 1.3
v -0.9 1 1.2
v -0.9 1 1.1
v -0.9 1 1
v -0.9 1 0.9
v -0.9 1 0.8
v -0.9 1 0.7
v -0.9 1 0.6
v -0.9 1 0.5
v -0.9 1 0.4
v -0.9 1 0.3
v -0.9 1 0.2
v -0.9 1 0.1
v -0.9 1 0
v -0.9 1 -0.0999999
v -0.9 1 -0.2
v -0.9 1 -0.3
v -0.9 1 -0.4
v -0.9 1 -0.5
v -0.9 1 -0.6
v -0.9 1 -0.7
v -0.9 1 -0.8
v -0.9 1 -0.9
v -0.9 1 -1
v -0.9 1 -1.1
v -0.9 1 -1.2
v -0.9 1 -1.3
v -0.9 1 -1.4
v -0.9 1 -1.5
v -0.9 1 -1.6
v -0.9 1 -1.7
v -0.9 1 -1.8
v -0.9 1 -1.9
v -0.9 1 -2
v -0.9 1 -2.1
v -0.9 1 -2.2
v -0.9 1 -2.3
v -0.9 1 -2.4
v -0.9 1 -2.5
v -0.9 1 -2.6
v -0.9 1 -2.7
v -0.9 1 -2.8
v -0.9 1 -2.9
v -0.9 1.1 3.2
v -0.9 1.1 -2.9
v -0.8 1.1 0.6
v -0.8 1.1 0.5
v -0.8 1.1 -0.6
v -0.8 1.2 0.6
v -0.8 1.2 0.5
v -0.8 1.2 -0.6
v -0.7 1.1 -0.6
v -0.7 1.1 -0.7
v -0.7 1.2 -0.6
v -0.7 1.2 -0.7
v -0.6 1.1 0.6
v -0.6 1.1 0.5
v -0.6 1.2 0.6
v -0.6 1.2 0.5
v -0.5 0.5 3.3
v -0.5 0.5 3.2
v -0.5 0.6 3.2
v -0.5 0.7 3.2
v -0.5 0.8 3.2
v -0.5 0.8 3.1
v -0.5 0.9 3.1
v -0.5 0.9 3
v -0.5 1 3.2
v -0.5 1 3
v -0.5 1.1 3.3
v -0.5 1.1 3.2
v -0.5 1.1 -0.6
v -0.5 1.1 -0.7
v -0.5 1.2 -0.6
v -0.5 1.2 -0.7
v -0.3 1 0.6
v -0.3 1 0.5
v -0.3 1 0.4
v -0.3 1 0.3
v -0.3 1 0.2
v -0.3 1 0.1
v -0.3 1 0
v -0.3 1 -0.0999999
v -0.3 1 -0.2
v -0.3 1 -0.3
v -0.3 1 -0.4
v -0.3 1 -0.5
v -0.3 1 -0.7
v -0.3 1 -0.8
v -0.3 1 -0.9
v -0.3 1 -1
v -0.3 1 -1.1
v -0.3 1 -1.2
v -0.3 1.1 0.6
v -0.3 1.1 0.5
v -0.3 1.1 0.4
v -0.3 1.1 0.3
v -0.3 1.1 0.2
v -0.3 1.1 0.1
v -0.3 1.1 0
v -0.3 1.1 -0.0999999
v -0.3 1.1 -0.2
v -0.3 1.1 -0.3
v -0.3 1.1 -0.4
v -0.3 1.1 -0.5
v -0.3 1.1 -0.7
v -0.3 1.1 -0.8
v -0.3 1.1 -0.9
v -0.3 1.1 -1
v -0.3 1.1 -1.1
v -0.3 1.1 -1.2
v -0.0999999 1 0.6
v -0.0999999 1 0.5
v -0.0999999 1 0.4
v -0.0999999 1 0.3
v -0.0999999 1 0.2
v -0.0999999 1 0.1
v -0.0999999 1 0
v -0.0999999 1 -0.0999999
v -0.0999999 1 -0.2
v -0.0999999 1 -0.3
v -0.0999999 1 -0.4
v -0.0999999 1 -0.5
v -0.0999999 1 -0.7
v -0.0999999 1 -0.8
v -0.0999999 1 -0.9
v -0.0999999 1 -1
v -0.0999999 1 -1.1
v -0.0999999 1 -1.2
v -0.0999999 1.1 0.6
v -0.0999999 1.1 0.5
v -0.0999999 1.1 0.4
v -0.0999999 1.1 0.3
v -0.0999999 1.1 0.2
v -0.0999999 1.1 0.1
v -0.0999999 1.1 0
v -0.0999999 1.1 -0.0999999
v -0.0999999 1.1 -0.2
v -0.0999999 1.1 -0.3
v -0.0999999 1.1 -0.4
v -0.0999999 1.1 -0.5
v -0.0999999 1.1 -0.7
v -0.0999999 1.1 -0.8
v -0.0999999 1.1 -0.9
v -0.0999999 1.1 -1
v -0.0999999 1.1 -1.1
v -0.0999999 1.1 -1.2
v 0.2 1 0.6
v 0.2 1 0.5
v 0.2 1 0.4
v 0.2 1 0.3
v 0.2 1 0.2
v 0.2 1 0.1
v 0.2 1 0
v 0.2 1 -0.0999999
v 0.2 1 -0.2
v 0.2 1 -0.3
v 0.2 1 -0.4
v 0.2 1 -0.5
v 0.2 1 -0.7
v 0.2 1 -0.8
v 0.2 1 -0.9
v 0.2 1 -1
v 0.2 1 -1.1
v 0.2 1 -1.2
v 0.2 1.1 0.6
v 0.2 1.1 0.5
v 0.2 1.1 0.4
v 0.2 1.1 0.3
v 0.2 1.1 0.2
v 0.2 1.1 0.1
v 0.2 1.1 0
v 0.2 1.1 -0.0999999
v 0.2 1.1 -0.2
v 0.2 1.1 -0.3
v 0.2 1.1 -0.4
v 0.2 1.1 -0.5
v 0.2 1.1 -0.7
v 0.2 1.1 -0.8
v 0.2 1.1 -0.9
v 0.2 1.1 -1
v 0.2 1.1 -1.1
v 0.2 1.1 -1.2
v 0.4 1 0.6
v 0.4 1 0.5
v 0.4 1 0.4
v 0.4 1 0.3
v 0.4 1 0.2
v 0.4 1 0.1
v 0.4 1 0
v 0.4 1 -0.0999999
v 0.4 1 -0.2
v 0.4 1 -0.3
v 0.4 1 -0.4
v 0.4 1 -0.5
v 0.4 1 -0.7
v 0.4 1 -0.8
v 0.4 1 -0.9
v 0.4 1 -1
v 0.4 1 -1.1
v 0.4 1 -1.2
v 0.4 1.1 0.6
v 0.4 1.1 0.5
v 0.4 1.1 0.4
v 0.4 1.1 0.3
v 0.4 1.1 0.2
v 0.4 1.1 0.1
v 0.4 1.1 0
v 0.4 1.1 -0.0999999
v 0.4 1.1 -0.2
v 0.4 1.1 -0.3
v 0.4 1.1 -0.4
v 0.4 1.1 -0.5
v 0.4 1.1 -0.7
v 0.4 1.1 -0.8
v 0.4 1.1 -0.9
v 0.4 1.1 -1
v 0.4 1.1 -1.1
v 0.4 1.1 -1.2
v 0.5 0 2.8
v 0.5 0 2.7
v 0.5 0 2.6
v 0.5 0 2.5
v 0.5 0 2.4
v 0.5 0 2.3
v 0.5 0 2.2
v 0.5 0 2.1
v 0.5 0 2
v 0.5 0 1.9
v 0.5 0 1.8
v 0.5 0 1.7
v 0.5 0 1.6
v 0.5 0 1.5
v 0.5 0 1.4
v 0.5 0 1.3
v 0.5 0 1.2
v 0.5 0 1.1
v 0.5 0 1
v 0.5 0 0.9
v 0.5 0 0.8
v 0.5 0 0.7
v 0.5 0 0.6
v 0.5 0 0.5
v 0.5 0 0.4
v 0.5 0 0.3
v 0.5 0 0.2
v 0.5 0 0.1
v 0.5 0 0
v 0.5 0 -0.0999999
v 0.5 0 -0.2
v 0.5 0 -0.3
v 0.5 0 -0.4
v 0.5 0 -0.5
v 0.5 0 -0.6
v 0.5 0 -0.7
v 0.5 0 -0.8
v 0.5 0 -0.9
v 0.5 0 -1
v 0.5 0 -1.1
v 0.5 0 -1.2
v 0.5 0 -1.3
v 0.5 0 -1.4
v 0.5 0 -1.5
v 0.5 0 -1.6
v 0.5 0 -1.7
v 0.5 0 -1.8
v 0.5 0 -1.9
v 0.5 0 -2
v 0.5 0 -2.1
v 0.5 0 -2.2
v 0.5 0 -2.3
v 0.5 0.1 2.9
v 0.5 0.1 2.8
v 0.5 0.1 2.7
v 0.5 0.1 2.6
v 0.5 0.1 2.5
v 0.5 0.1 2.4
v 0.5 0.1 2.3
v 0.5 0.1 2.2
v 0.5 0.1 2.1
v 0.5 0.1 2
v 0.5 0.1 1.9
v 0.5 0.1 1.8
v 0.5 0.1 1.7
v 0.5 0.1 1.6
v 0.5 0.1 1.5
v 0.5 0.1 1.4
v 0.5 0.1 1.3
v 0.5 0.1 1.2
v 0.5 0.1 1.1
v 0.5 0.1 1
v 0.5 0.1 0.9
v 0.5 0.1 0.8
v 0.5 0.1 0.7
v 0.5 0.1 0.6
v 0.5 0.1 0.5
v 0.5 0.1 0.4
v 0.5 0.1 0.3
v 0.5 0.1 0.2
v 0.5 0.1 0.1
v 0.5 0.1 0
v 0.5 0.1 -0.0999999
v 0.5 0.1 -0.2
v 0.5 0.1 -0.3
v 0.5 0.1 -0.4
v 0.5 0.1 -0.5
v 0.5 0.1 -0.6
v 0.5 0.1 -0.7
v 0.5 0.1 -0.8
v 0.5 0.1 -0.9
v 0.5 0.1 -1
v 0.5 0.1 -1.1
v 0.5 0.1 -1.2
v 0.5 0.1 -1.3
v 0.5 0.1 -1.4
v 0.5 0.1 -1.5
v 0.5 0.1 -1.6
v 0.5 0.1 -1.7
v 0.5 0.1 -1.8
v 0.5 0.1 -1.9
v 0.5 0.1 -2
v 0.5 0.1 -2.1
v 0.5 0.1 -2.2
v 0.5 0.1 -2.3
v 0.5 0.1 -2.4
v 0.5 0.2 3
v 0.5 0.2 2.9
v 0.5 0.2 -2.4
v 0.5 0.2 -2.5
v 0.5 0.3 3
v 0.5 0.3 2.9
v 0.5 0.3 -2.4
v 0.5 0.3 -2.5
v 0.5 0.6 -2.7
v 0.5 0.6 -2.8
v 0.5 0.6 -2.9
v 0.5 0.7 -2.6
v 0.5 0.7 -2.7
v 0.5 0.7 -2.8
v 0.5 0.7 -2.9
v 0.5 0.8 -2.5
v 0.5 0.8 -2.6
v 0.5 0.8 -2.8
v 0.5 0.8 -2.9
v 0.5 0.9 -2.4
v 0.5 0.9 -2.5
v 0.5 0.9 -2.6
v 0.5 0.9 -2.7
v 0.5 0.9 -2.8
v 0.5 0.9 -2.9
v 0.5 1 -2.3
v 0.5 1 -2.4
v 0.5 1 -2.5
v 0.5 1 -2.6
v 0.5 1 -2.7
v 0.5 1 -2.8
v 0.5 1 -2.9
v 0.5 1.1 0.6
v 0.5 1.1 0.5
v 0.5 1.1 -0.5
v 0.5 1.1 -2.3
v 0.5 1.1 -2.9
v 0.5 1.2 0.6
v 0.5 1.2 0.5
v 0.5 1.2 -0.5
v 0.6 1.1 -0.6
v 0.6 1.1 -0.7
v 0.6 1.2 -0.6
v 0.6 1.2 -0.7
v 0.7 1.1 0.6
v 0.7 1.1 0.5
v 0.7 1.2 0.6
v 0.7 1.2 0.5
v -0.7 1.1 0.6
v -0.7 1.1 0.5
v -0.7 1.2 0.6
v -0.7 1.2 0.5
v -0.6 1.1 -0.6
v -0.6 1.1 -0.7
v -0.6 1.2 -0.6
v -0.6 1.2 -0.7
v -0.5 0 2.8
v -0.5 0 2.7
v -0.5 0 2.6
v -0.5 0 2.5
v -0.5 0 2.4
v -0.5 0 2.3
v -0.5 0 2.2
v -0.5 0 2.1
v -0.5 0 2
v -0.5 0 1.9
v -0.5 0 1.8
v -0.5 0 1.7
v -0.5 0 1.6
v -0.5 0 1.5
v -0.5 0 1.4
v -0.5 0 1.3
v -0.5 0 1.2
v -0.5 0 1.1
v -0.5 0 1
v -0.5 0 0.9
v -0.5 0 0.8
v -0.5 0 0.7
v -0.5 0 0.6
v -0.5 0 0.5
v -0.5 0 0.4
v -0.5 0 0.3
v -0.5 0 0.2
v -0.5 0 0.1
v -0.5 0 0
v -0.5 0 -0.0999999
v -0.5 0 -0.2
v -0.5 0 -0.3
v -0.5 0 -0.4
v -0.5 0 -0.5
v -0.5 0 -0.6
v -0.5 0 -0.7
v -0.5 0 -0.8
v -0.5 0 -0.9
v -0.5 0 -1
v -0.5 0 -1.1
v -0.5 0 -1.2
v -0.5 0 -1.3
v -0.5 0 -1.4
v -0.5 0 -1.5
v -0.5 0 -1.6
v -0.5 0 -1.7
v -0.5 0 -1.8
v -0.5 0 -1.9
v -0.5 0 -2
v -0.5 0 -2.1
v -0.5 0 -2.2
v -0.5 0 -2.3
v -0.5 0.1 2.9
v -0.5 0.1 2.8
v -0.5 0.1 2.7
v -0.5 0.1 2.6
v -0.5 0.1 2.5
v -0.5 0.1 2.4
v -0.5 0.1 2.3
v -0.5 0.1 2.2
v -0.5 0.1 2.1
v -0.5 0.1 2
v -0.5 0.1 1.9
v -0.5 0.1 1.8
v -0.5 0.1 1.7
v -0.5 0.1 1.6
v -0.5 0.1 1.5
v -0.5 0.1 1.4
v -0.5 0.1 1.3
v -0.5 0.1 1.2
v -0.5 0.1 1.1
v -0.5 0.1 1
v -0.5 0.1 0.9
v -0.5 0.1 0.8
v -0.5 0.1 0.7
v -0.5 0.1 0.6
v -0.5 0.1 0.5
v -0.5 0.1 0.4
v -0.5 0.1 0.3
v -0.5 0.1 0.2
v -0.5 0.1 0.1
v -0.5 0.1 0
v -0.5 0.1 -0.0999999
v -0.5 0.1 -0.2
v -0.5 0.1 -0.3
v -0.5 0.1 -0.4
v -0.5 0.1 -0.5
v -0.5 0.1 -0.6
v -0.5 0.1 -0.7
v -0.5 0.1 -0.8
v -0.5 0.1 -0.9
v -0.5 0.1 -1
v -0.5 0.1 -1.1
v -0.5 0.1 -1.2
v -0.5 0.1 -1.3
v -0.5 0.1 -1.4
v -0.5 0.1 -1.5
v -0.5 0.1 -1.6
v -0.5 0.1 -1.7
v -0.5 0.1 -1.8
v -0.5 0.1 -1.9
v -0.5 0.1 -2
v -0.5 0.1 -2.1
v -0.5 0.1 -2.2
v -0.5 0.1 -2.3
v -0.5 0.1 -2.4
v -0.5 0.2 3
v -0.5 0.2 2.9
v -0.5 0.2 -2.4
v -0.5 0.2 -2.5
v -0.5 0.3 3
v -0.5 0.3 2.9
v -0.5 0.3 -2.4
v -0.5 0.3 -2.5
v -0.5 0.6 -2.7
v -0.5 0.6 -2.8
v -0.5 0.6 -2.9
v -0.5 0.7 -2.6
v -0.5 0.7 -2.7
v -0.5 0.7 -2.8
v -0.5 0.7 -2.9
v -0.5 0.8 -2.5
v -0.5 0.8 -2.6
v -0.5 0.8 -2.8
v -0.5 0.8 -2.9
v -0.5 0.9 -2.4
v -0.5 0.9 -2.5
v -0.5 0.9 -2.6
v -0.5 0.9 -2.7
v -0.5 0.9 -2.8
v -0.5 0.9 -2.9
v -0.5 1 -2.3
v -0.5 1 -2.4
v -0.5 1 -2.5
v -0.5 1 -2.6
v -0.5 1 -2.7
v -0.5 1 -2.8
v -0.5 1 -2.9
v -0.5 1.1 0.6
v -0.5 1.1 0.5
v -0.5 1.1 -0.5
v -0.5 1.1 -2.3
v -0.5 1.1 -2.9
v -0.5 1.2 0.6
v -0.5 1.2 0.5
v -0.5 1.2 -0.5
v -0.4 1 0.6
v -0.4 1 0.5
v -0.4 1 0.4
v -0.4 1 0.3
v -0.4 1 0.2
v -0.4 1 0.1
v -0.4 1 0
v -0.4 1 -0.0999999
v -0.4 1 -0.2
v -0.4 1 -0.3
v -0.4 1 -0.4
v -0.4 1 -0.5
v -0.4 1 -0.7
v -0.4 1 -0.8
v -0.4 1 -0.9
v -0.4 1 -1
v -0.4 1 -1.1
v -0.4 1 -1.2
v -0.4 1.1 0.6
v -0.4 1.1 0.5
v -0.4 1.1 0.4
v -0.4 1.1 0.3
v -0.4 1.1 0.2
v -0.4 1.1 0.1
v -0.4 1.1 0
v -0.4 1.1 -0.0999999
v -0.4 1.1 -0.2
v -0.4 1.1 -0.3
v -0.4 1.1 -0.4
v -0.4 1.1 -0.5
v -0.4 1.1 -0.7
v -0.4 1.1 -0.8
v -0.4 1.1 -0.9
v -0.4 1.1 -1
v -0.4 1.1 -1.1
v -0.4 1.1 -1.2
v -0.2 1 0.6
v -0.2 1 0.5
v -0.2 1 0.4
v -0.2 1 0.3
v -0.2 1 0.2
v -0.2 1 0.1
v -0.2 1 0
v -0.2 1 -0.0999999
v -0.2 1 -0.2
v -0.2 1 -0.3
v -0.2 1 -0.4
v -0.2 1 -0.5
v -0.2 1 -0.7
v -0.2 1 -0.8
v -0.2 1 -0.9
v -0.2 1 -1
v -0.2 1 -1.1
v -0.2 1 -1.2
v -0.2 1.1 0.6
v -0.2 1.1 0.5
v -0.2 1.1 0.4
v -0.2 1.1 0.3
v -0.2 1.1 0.2
v -0.2 1.1 0.1
v -0.2 1.1 0
v -0.2 1.1 -0.0999999
v -0.2 1.1 -0.2
v -0.2 1.1 -0.3
v -0.2 1.1 -0.4
v -0.2 1.1 -0.5
v -0.2 1.1 -0.7
v -0.2 1.1 -0.8
v -0.2 1.1 -0.9
v -0.2 1.1 -1
v -0.2 1.1 -1.1
v -0.2 1.1 -1.2
v 0.1 1 0.6
v 0.1 1 0.5
v 0.1 1 0.4
v 0.1 1 0.3
v 0.1 1 0.2
v 0.1 1 0.1
v 0.1 1 0
v 0.1 1 -0.0999999
v 0.1 1 -0.2
v 0.1 1 -0.3
v 0.1 1 -0.4
v 0.1 1 -0.5
v 0.1 1 -0.7
v 0.1 1 -0.8
v 0.1 1 -0.9
v 0.1 1 -1
v 0.1 1 -1.1
v 0.1 1 -1.2
v 0.1 1.1 0.6
v 0.1 1.1 0.5
v 0.1 1.1 0.4
v 0.1 1.1 0.3
v 0.1 1.1 0.2
v 0.1 1.1 0.1
v 0.1 1.1 0
v 0.1 1.1 -0.0999999
v 0.1 1.1 -0.2
v 0.1 1.1 -0.3
v 0.1 1.1 -0.4
v 0.1 1.1 -0.5
v 0.1 1.1 -0.7
v 0.1 1.1 -0.8
v 0.1 1.1 -0.9
v 0.1 1.1 -1
v 0.1 1.1 -1.1
v 0.1 1.1 -1.2
v 0.3 1 0.6
v 0.3 1 0.5
v 0.3 1 0.4
v 0.3 1 0.3
v 0.3 1 0.2
v 0.3 1 0.1
v 0.3 1 0
v 0.3 1 -0.0999999
v 0.3 1 -0.2
v 0.3 1 -0.3
v 0.3 1 -0.4
v 0.3 1 -0.5
v 0.3 1 -0.7
v 0.3 1 -0.8
v 0.3 1 -0.9
v 0.3 1 -1
v 0.3 1 -1.1
v 0.3 1 -1.2
v 0.3 1.1 0.6
v 0.3 1.1 0.5
v 0.3 1.1 0.4
v 0.3 1.1 0.3
v 0.3 1.1 0.2
v 0.3 1.1 0.1
v 0.3 1.1 0
v 0.3 1.1 -0.0999999
v 0.3 1.1 -0.2
v 0.3 1.1 -0.3
v 0.3 1.1 -0.4
v 0.3 1.1 -0.5
v 0.3 1.1 -0.7
v 0.3 1.1 -0.8
v 0.3 1.1 -0.9
v 0.3 1.1 -1
v 0.3 1.1 -1.1
v 0.3 1.1 -1.2
v 0.5 0.5 3.3
v 0.5 0.5 3.2
v 0.5 0.6 3.2
v 0.5 0.7 3.2
v 0.5 0.8 3.2
v 0.5 0.8 3.1
v 0.5 0.9 3.1
v 0.5 0.9 3
v 0.5 1 3.2
v 0.5 1 3
v 0.5 1.1 3.3
v 0.5 1.1 3.2
v 0.5 1.1 -0.6
v 0.5 1.1 -0.7
v 0.5 1.2 -0.6
v 0.5 1.2 -0.7
v 0.6 1.1 0.6
v 0.6 1.1 0.5
v 0.6 1.2 0.6
v 0.6 1.2 0.5
v 0.7 1.1 -0.6
v 0.7 1.1 -0.7
v 0.7 1.2 -0.6
v 0.7 1.2 -0.7
v 0.8 1.1 0.6
v 0.8 1.1 0.5
v 0.8 1.1 -0.6
v 0.8 1.2 0.6
v 0.8 1.2 0.5
v 0.8 1.2 -0.6
v 0.9 0 2.8
v 0.9 0 2.7
v 0.9 0 2.6
v 0.9 0 2.5
v 0.9 0 2.4
v 0.9 0 2.3
v 0.9 0 2.2
v 0.9 0 2.1
v 0.9 0 2
v 0.9 0 1.9
v 0.9 0 1.8
v 0.9 0 1.7
v 0.9 0 1.6
v 0.9 0 1.5
v 0.9 0 1.4
v 0.9 0 1.3
v 0.9 0 1.2
v 0.9 0 1.1
v 0.9 0 1
v 0.9 0 0.9
v 0.9 0 0.8
v 0.9 0 0.7
v 0.9 0 0.6
v 0.9 0 0.5
v 0.9 0 0.4
v 0.9 0 0.3
v 0.9 0 0.2
v 0.9 0 0.1
v 0.9 0 0
v 0.9 0 -0.0999999
v 0.9 0 -0.2
v 0.9 0 -0.3
v 0.9 0 -0.4
v 0.9 0 -0.5
v 0.9 0 -0.6
v 0.9 0 -0.7
v 0.9 0 -0.8
v 0.9 0 -0.9
v 0.9 0 -1
v 0.9 0 -1.1
v 0.9 0 -1.2
v 0.9 0 -1.3
v 0.9 0 -1.4
v 0.9 0 -1.5
v 0.9 0 -1.6
v 0.9 0 -1.7
v 0.9 0 -1.8
v 0.9 0 -1.9
v 0.9 0 -2
v 0.9 0 -2.1
v 0.9 0 -2.2
v 0.9 0 -2.3
v 0.9 0.1 2.9
v 0.9 0.1 2.8
v 0.9 0.1 2.7
v 0.9 0.1 2.6
v 0.9 0.1 2.5
v 0.9 0.1 2.4
v 0.9 0.1 2.3
v 0.9 0.1 2.2
v 0.9 0.1 2.1
v 0.9 0.1 2
v 0.9 0.1 1.9
v 0.9 0.1 1.8
v 0.9 0.1 1.7
v 0.9 0.1 1.6
v 0.9 0.1 1.5
v 0.9 0.1 1.4
v 0.9 0.1 1.3
v 0.9 0.1 1.2
v 0.9 0.1 1.1
v 0.9 0.1 1
v 0.9 0.1 0.9
v 0.9 0.1 0.8
v 0.9 0.1 0.7
v 0.9 0.1 0.6
v 0.9 0.1 0.5
v 0.9 0.1 0.4
v 0.9 0.1 0.3
v 0.9 0.1 0.2
v 0.9 0.1 0.1
v 0.9 0.1 0
v 0.9 0.1 -0.0999999
v 0.9 0.1 -0.2
v 0.9 0.1 -0.3
v 0.9 0.1 -0.4
v 0.9 0.1 -0.5
v 0.9 0.1 -0.6
v 0.9 0.1 -0.7
v 0.9 0.1 -0.8
v 0.9 0.1 -0.9
v 0.9 0.1 -1
v 0.9 0.1 -1.1
v 0.9 0.1 -1.2
v 0.9 0.1 -1.3
v 0.9 0.1 -1.4
v 0.9 0.1 -1.5
v 0.9 0.1 -1.6
v 0.9 0.1 -1.7
v 0.9 0.1 -1.8
v 0.9 0.1 -1.9
v 0.9 0.1 -2
v 0.9 0.1 -2.1
v 0.9 0.1 -2.2
v 0.9 0.1 -2.3
v 0.9 0.1 -2.4
v 0.9 0.2 3
v 0.9 0.2 2.9
v 0.9 0.2 2.7
v 0.9 0.2 2.6
v 0.9 0.2 -2.3
v 0.9 0.2 -2.4
v 0.9 0.2 -2.5
v 0.9 0.3 3.1
v 0.9 0.3 3
v 0.9 0.3 2.9
v 0.9 0.3 2.6
v 0.9 0.3 2.5
v 0.9 0.3 -2.4
v 0.9 0.3 -2.5
v 0.9 0.3 -2.6
v 0.9 0.4 3.2
v 0.9 0.4 3.1
v 0.9 0.4 3
v 0.9 0.4 2.9
v 0.9 0.4 2.7
v 0.9 0.4 2.6
v 0.9 0.4 2.5
v 0.9 0.4 -2.5
v 0.9 0.4 -2.6
v 0.9 0.4 -2.7
v 0.9 0.5 3.2
v 0.9 0.5 3.1
v 0.9 0.5 3
v 0.9 0.5 2.9
v 0.9 0.5 2.7
v 0.9 0.5 2.6
v 0.9 0.5 -2.6
v 0.9 0.5 -2.7
v 0.9 0.5 -2.8
v 0.9 0.6 3.2
v 0.9 0.6 3.1
v 0.9 0.6 -2.7
v 0.9 0.6 -2.8
v 0.9 0.6 -2.9
v 0.9 0.7 3.2
v 0.9 0.7 3.1
v 0.9 0.7 3
v 0.9 0.7 2.9
v 0.9 0.7 2.7
v 0.9 0.7 2.6
v 0.9 0.7 -2.8
v 0.9 0.7 -2.9
v 0.9 0.8 3.2
v 0.9 0.8 3.1
v 0.9 0.8 3
v 0.9 0.8 2.9
v 0.9 0.8 2.7
v 0.9 0.8 2.6
v 0.9 0.8 2.5
v 0.9 0.8 -2.8
v 0.9 0.8 -2.9
v 0.9 0.9 3.1
v 0.9 0.9 3
v 0.9 0.9 2.9
v 0.9 0.9 2.8
v 0.9 0.9 2.7
v 0.9 0.9 2.6
v 0.9 0.9 2.5
v 0.9 0.9 2.4
v 0.9 0.9 2.3
v 0.9 0.9 2.2
v 0.9 0.9 2.1
v 0.9 0.9 2
v 0.9 0.9 1.9
v 0.9 0.9 1.8
v 0.9 0.9 1.7
v 0.9 0.9 1.6
v 0.9 0.9 1.5
v 0.9 0.9 1.4
v 0.9 0.9 1.3
v 0.9 0.9 1.2
v 0.9 0.9 1.1
v 0.9 0.9 1
v 0.9 0.9 0.9
v 0.9 0.9 0.8
v 0.9 0.9 0.7
v 0.9 0.9 0.6
v 0.9 0.9 0.5
v 0.9 0.9 0.4
v 0.9 0.9 0.3
v 0.9 0.9 0.2
v 0.9 0.9 0.1
v 0.9 0.9 0
v 0.9 0.9 -0.0999999
v 0.9 0.9 -0.2
v 0.9 0.9 -0.3
v 0.9 0.9 -0.4
v 0.9 0.9 -0.5
v 0.9 0.9 -0.6
v 0.9 0.9 -0.7
v 0.9 0.9 -0.8
v 0.9 0.9 -0.9
v 0.9 0.9 -1
v 0.9 0.9 -1.1
v 0.9 0.9 -1.2
v 0.9 0.9 -1.3
v 0.9 0.9 -1.4
v 0.9 0.9 -1.5
v 0.9 0.9 -1.6
v 0.9 0.9 -1.7
v 0.9 0.9 -1.8
v 0.9 0.9 -1.9
v 0.9 0.9 -2
v 0.9 0.9 -2.1
v 0.9 0.9 -2.2
v 0.9 0.9 -2.3
v 0.9 0.9 -2.4
v 0.9 0.9 -2.5
v 0.9 0.9 -2.6
v 0.9 0.9 -2.7
v 0.9 0.9 -2.8
v 0.9 0.9 -2.9
v 0.9 1 3.2
v 0.9 1 3
v 0.9 1 2.9
v 0.9 1 2.8
v 0.9 1 2.7
v 0.9 1 2.6
v 0.9 1 2.5
v 0.9 1 2.4
v 0.9 1 2.3
v 0.9 1 2.2
v 0.9 1 2.1
v 0.9 1 2
v 0.9 1 1.9
v 0.9 1 1.8
v 0.9 1 1.7
v 0.9 1 1.6
v 0.9 1 1.5
v 0.9 1 1.4
v 0.9 1 1.3
v 0.9 1 1.2
v 0.9 1 1.1
v 0.9 1 1
v 0.9 1 0.9
v 0.9 1 0.8
v 0.9 1 0.7
v 0.9 1 0.6
v 0.9 1 0.5
v 0.9 1 0.4
v 0.9 1 0.3
v 0.9 1 0.2
v 0.9 1 0.1
v 0.9 1 0
v 0.9 1 -0.0999999
v 0.9 1 -0.2
v 0.9 1 -0.3
v 0.9 1 -0.4
v 0.9 1 -0.5
v 0.9 1 -0.6
v 0.9 1 -0.7
v 0.9 1 -0.8
v 0.9 1 -0.9
v 0.9 1 -1
v 0.9 1 -1.1
v 0.9 1 -1.2
v 0.9 1 -1.3
v 0.9 1 -1.4
v 0.9 1 -1.5
v 0.9 1 -1.6
v 0.9 1 -1.7
v 0.9 1 -1.8
v 0.9 1 -1.9
v 0.9 1 -2
v 0.9 1 -2.1
v 0.9 1 -2.2
v 0.9 1 -2.3
v 0.9 1 -2.4
v 0.9 1 -2.5
v 0.9 1 -2.6
v 0.9 1 -2.7
v 0.9 1 -2.8
v 0.9 1 -2.9
v 0.9 1.1 3.2
v 0.9 1.1 -2.9
v 1 0.1 2.7
v 1 0.1 2
v 1 0.1 1.9
v 1 0.1 0.1
v 1 0.1 0
v 1 0.1 -1.9
v 1 0.1 -2
v 1 0.1 -2.3
v 1 0.2 2.7
v 1 0.2 2.6
v 1 0.2 1.9
v 1 0.2 0.1
v 1 0.2 0
v 1 0.2 -1.9
v 1 0.2 -2.3
v 1 0.2 -2.4
v 1 0.3 2.6
v 1 0.3 2.5
v 1 0.3 1.9
v 1 0.3 0.1
v 1 0.3 0
v 1 0.3 -1.9
v 1 0.3 -2.4
v 1 0.3 -2.5
v 1 0.4 -2.5
v 1 0.4 -2.6
v 1 0.5 -2.6
v 1 0.5 -2.7
v 1 0.6 -2.7
v 1 0.6 -2.8
v 1 0.7 -2.6
v 1 0.7 -2.7
v 1 0.8 -2.6
v 1 0.8 -2.7
v 1 0.9 2.5
v 1 0.9 2
v 1 0.9 1.9
v 1 0.9 0.1
v 1 0.9 0
v 1 0.9 -1.9
v 1 0.9 -2
v 1 0.9 -2.8
v -0.5 0.5 3.3
v -0.5 1.1 3.3
v 0.5 0.5 3.3
v 0.5 1.1 3.3
v -0.9 0.4 3.2
v -0.9 0.5 3.2
v -0.9 0.6 3.2
v -0.9 0.7 3.2
v -0.9 0.8 3.2
v -0.9 1 3.2
v -0.9 1.1 3.2
v -0.5 0.4 3.2
v -0.5 0.5 3.2
v -0.5 0.6 3.2
v -0.5 0.7 3.2
v -0.5 0.8 3.2
v -0.5 1 3.2
v -0.5 1.1 3.2
v 0.5 0.4 3.2
v 0.5 0.5 3.2
v 0.5 0.6 3.2
v 0.5 0.7 3.2
v 0.5 0.8 3.2
v 0.5 1 3.2
v 0.5 1.1 3.2
v 0.9 0.4 3.2
v 0.9 0.5 3.2
v 0.9 0.6 3.2
v 0.9 0.7 3.2
v 0.9 0.8 3.2
v 0.9 1 3.2
v 0.9 1.1 3.2
v -0.9 0.3 3.1
v -0.9 0.4 3.1
v -0.9 0.8 3.1
v -0.9 0.9 3.1
v -0.5 0.3 3.1
v -0.5 0.4 3.1
v -0.5 0.8 3.1
v -0.5 0.9 3.1
v 0.5 0.3 3.1
v 0.5 0.4 3.1
v 0.5 0.8 3.1
v 0.5 0.9 3.1
v 0.9 0.3 3.1
v 0.9 0.4 3.1
v 0.9 0.8 3.1
v 0.9 0.9 3.1
v -0.9 0.2 3
v -0.9 0.3 3
v -0.9 0.9 3
v -0.9 1 3
v -0.5 0.2 3
v -0.5 0.3 3
v -0.5 0.9 3
v -0.5 1 3
v 0.5 0.2 3
v 0.5 0.3 3
v 0.5 0.9 3
v 0.5 1 3
v 0.9 0.2 3
v 0.9 0.3 3
v 0.9 0.9 3
v 0.9 1 3
v -0.9 0.1 2.9
v -0.9 0.2 2.9
v -0.5 0.1 2.9
v -0.5 0.2 2.9
v 0.5 0.1 2.9
v 0.5 0.2 2.9
v 0.9 0.1 2.9
v 0.9 0.2 2.9
v -0.9 0 2.8
v -0.9 0.1 2.8
v -0.5 0 2.8
v -0.5 0.1 2.8
v 0.5 0 2.8
v 0.5 0.1 2.8
v 0.9 0 2.8
v 0.9 0.1 2.8
v -1 0.1 2.7
v -1 0.2 2.7
v -0.9 0.1 2.7
v -0.9 0.2 2.7
v 0.9 0.1 2.7
v 0.9 0.2 2.7
v 1 0.1 2.7
v 1 0.2 2.7
v -1 0.2 2.6
v -1 0.3 2.6
v -0.9 0.2 2.6
v -0.9 0.3 2.6
v 0.9 0.2 2.6
v 0.9 0.3 2.6
v 1 0.2 2.6
v 1 0.3 2.6
v -1 0.3 2.5
v -1 0.9 2.5
v -0.9 0.3 2.5
v -0.9 0.4 2.5
v -0.9 0.8 2.5
v -0.9 0.9 2.5
v 0.9 0.3 2.5
v 0.9 0.4 2.5
v 0.9 0.8 2.5
v 0.9 0.9 2.5
v 1 0.3 2.5
v 1 0.9 2.5
v -0.8 1.1 0.6
v -0.8 1.2 0.6
v -0.7 1.1 0.6
v -0.7 1.2 0.6
v -0.6 1.1 0.6
v -0.6 1.2 0.6
v -0.5 1.1 0.6
v -0.5 1.2 0.6
v 0.5 1.1 0.6
v 0.5 1.2 0.6
v 0.6 1.1 0.6
v 0.6 1.2 0.6
v 0.7 1.1 0.6
v 0.7 1.2 0.6
v 0.8 1.1 0.6
v 0.8 1.2 0.6
v -0.7 1.1 0.5
v -0.7 1.2 0.5
v -0.6 1.1 0.5
v -0.6 1.2 0.5
v -0.4 1 0.5
v -0.4 1.1 0.5
v -0.3 1 0.5
v -0.3 1.1 0.5
v -0.2 1 0.5
v -0.2 1.1 0.5
v -0.0999999 1 0.5
v -0.0999999 1.1 0.5
v 0.1 1 0.5
v 0.1 1.1 0.5
v 0.2 1 0.5
v 0.2 1.1 0.5
v 0.3 1 0.5
v 0.3 1.1 0.5
v 0.4 1 0.5
v 0.4 1.1 0.5
v 0.6 1.1 0.5
v 0.6 1.2 0.5
v 0.7 1.1 0.5
v 0.7 1.2 0.5
v -0.4 1 0.3
v -0.4 1.1 0.3
v -0.3 1 0.3
v -0.3 1.1 0.3
v -0.2 1 0.3
v -0.2 1.1 0.3
v -0.0999999 1 0.3
v -0.0999999 1.1 0.3
v 0.1 1 0.3
v 0.1 1.1 0.3
v 0.2 1 0.3
v 0.2 1.1 0.3
v 0.3 1 0.3
v 0.3 1.1 0.3
v 0.4 1 0.3
v 0.4 1.1 0.3
v -0.4 1 0.1
v -0.4 1.1 0.1
v -0.3 1 0.1
v -0.3 1.1 0.1
v -0.2 1 0.1
v -0.2 1.1 0.1
v -0.0999999 1 0.1
v -0.0999999 1.1 0.1
v 0.1 1 0.1
v 0.1 1.1 0.1
v 0.2 1 0.1
v 0.2 1.1 0.1
v 0.3 1 0.1
v 0.3 1.1 0.1
v 0.4 1 0.1
v 0.4 1.1 0.1
v -0.4 1 -0.0999999
v -0.4 1.1 -0.0999999
v -0.3 1 -0.0999999
v -0.3 1.1 -0.0999999
v -0.2 1 -0.0999999
v -0.2 1.1 -0.0999999
v -0.0999999 1 -0.0999999
v -0.0999999 1.1 -0.0999999
v 0.1 1 -0.0999999
v 0.1 1.1 -0.0999999
v 0.2 1 -0.0999999
v 0.2 1.1 -0.0999999
v 0.3 1 -0.0999999
v 0.3 1.1 -0.0999999
v 0.4 1 -0.0999999
v 0.4 1.1 -0.0999999
v -0.4 1 -0.3
v -0.4 1.1 -0.3
v -0.3 1 -0.3
v -0.3 1.1 -0.3
v -0.2 1 -0.3
v -0.2 1.1 -0.3
v -0.0999999 1 -0.3
v -0.0999999 1.1 -0.3
v 0.1 1 -0.3
v 0.1 1.1 -0.3
v 0.2 1 -0.3
v 0.2 1.1 -0.3
v 0.3 1 -0.3
v 0.3 1.1 -0.3
v 0.4 1 -0.3
v 0.4 1.1 -0.3
v -0.5 1.1 -0.5
v -0.5 1.2 -0.5
v -0.4 1 -0.5
v -0.4 1.1 -0.5
v -0.3 1 -0.5
v -0.3 1.1 -0.5
v -0.2 1 -0.5
v -0.2 1.1 -0.5
v -0.0999999 1 -0.5
v -0.0999999 1.1 -0.5
v 0.1 1 -0.5
v 0.1 1.1 -0.5
v 0.2 1 -0.5
v 0.2 1.1 -0.5
v 0.3 1 -0.5
v 0.3 1.1 -0.5
v 0.4 1 -0.5
v 0.4 1.1 -0.5
v 0.5 1.1 -0.5
v 0.5 1.2 -0.5
v -0.4 1 -0.8
v -0.4 1.1 -0.8
v -0.3 1 -0.8
v -0.3 1.1 -0.8
v -0.2 1 -0.8
v -0.2 1.1 -0.8
v -0.0999999 1 -0.8
v -0.0999999 1.1 -0.8
v 0.1 1 -0.8
v 0.1 1.1 -0.8
v 0.2 1 -0.8
v 0.2 1.1 -0.8
v 0.3 1 -0.8
v 0.3 1.1 -0.8
v 0.4 1 -0.8
v 0.4 1.1 -0.8
v -0.4 1 -1
v -0.4 1.1 -1
v -0.3 1 -1
v -0.3 1.1 -1
v -0.2 1 -1
v -0.2 1.1 -1
v -0.0999999 1 -1
v -0.0999999 1.1 -1
v 0.1 1 -1
v 0.1 1.1 -1
v 0.2 1 -1
v 0.2 1.1 -1
v 0.3 1 -1
v 0.3 1.1 -1
v 0.4 1 -1
v 0.4 1.1 -1
v -0.4 1 -1.2
v -0.4 1.1 -1.2
v -0.3 1 -1.2
v -0.3 1.1 -1.2
v -0.2 1 -1.2
v -0.2 1.1 -1.2
v -0.0999999 1 -1.2
v -0.0999999 1.1 -1.2
v 0.1 1 -1.2
v 0.1 1.1 -1.2
v 0.2 1 -1.2
v 0.2 1.1 -1.2
v 0.3 1 -1.2
v 0.3 1.1 -1.2
v 0.4 1 -1.2
v 0.4 1.1 -1.2
v -0.4 1 0.6
v -0.4 1.1 0.6
v -0.3 1 0.6
v -0.3 1.1 0.6
v -0.2 1 0.6
v -0.2 1.1 0.6
v -0.0999999 1 0.6
v -0.0999999 1.1 0.6
v 0.1 1 0.6
v 0.1 1.1 0.6
v 0.2 1 0.6
v 0.2 1.1 0.6
v 0.3 1 0.6
v 0.3 1.1 0.6
v 0.4 1 0.6
v 0.4 1.1 0.6
v -0.4 1 0.4
v -0.4 1.1 0.4
v -0.3 1 0.4
v -0.3 1.1 0.4
v -0.2 1 0.4
v -0.2 1.1 0.4
v -0.0999999 1 0.4
v -0.0999999 1.1 0.4
v 0.1 1 0.4
v 0.1 1.1 0.4
v 0.2 1 0.4
v 0.2 1.1 0.4
v 0.3 1 0.4
v 0.3 1.1 0.4
v 0.4 1 0.4
v 0.4 1.1 0.4
v -0.4 1 0.2
v -0.4 1.1 0.2
v -0.3 1 0.2
v -0.3 1.1 0.2
v -0.2 1 0.2
v -0.2 1.1 0.2
v -0.0999999 1 0.2
v -0.0999999 1.1 0.2
v 0.1 1 0.2
v 0.1 1.1 0.2
v 0.2 1 0.2
v 0.2 1.1 0.2
v 0.3 1 0.2
v 0.3 1.1 0.2
v 0.4 1 0.2
v 0.4 1.1 0.2
v -0.4 1 0
v -0.4 1.1 0
v -0.3 1 0
v -0.3 1.1 0
v -0.2 1 0
v -0.2 1.1 0
v -0.0999999 1 0
v -0.0999999 1.1 0
v 0.1 1 0
v 0.1 1.1 0
v 0.2 1 0
v 0.2 1.1 0
v 0.3 1 0
v 0.3 1.1 0
v 0.4 1 0
v 0.4 1.1 0
v -0.4 1 -0.2
v -0.4 1.1 -0.2
v -0.3 1 -0.2
v -0.3 1.1 -0.2
v -0.2 1 -0.2
v -0.2 1.1 -0.2
v -0.0999999 1 -0.2
v -0.0999999 1.1 -0.2
v 0.1 1 -0.2
v 0.1 1.1 -0.2
v 0.2 1 -0.2
v 0.2 1.1 -0.2
v 0.3 1 -0.2
v 0.3 1.1 -0.2
v 0.4 1 -0.2
v 0.4 1.1 -0.2
v -0.4 1 -0.4
v -0.4 1.1 -0.4
v -0.3 1 -0.4
v -0.3 1.1 -0.4
v -0.2 1 -0.4
v -0.2 1.1 -0.4
v -0.0999999 1 -0.4
v -0.0999999 1.1 -0.4
v 0.1 1 -0.4
v 0.1 1.1 -0.4
v 0.2 1 -0.4
v 0.2 1.1 -0.4
v 0.3 1 -0.4
v 0.3 1.1 -0.4
v 0.4 1 -0.4
v 0.4 1.1 -0.4
v -0.8 1.1 -0.6
v -0.8 1.2 -0.6
v -0.7 1.1 -0.6
v -0.7 1.2 -0.6
v -0.6 1.1 -0.6
v -0.6 1.2 -0.6
v -0.5 1.1 -0.6
v -0.5 1.2 -0.6
v 0.5 1.1 -0.6
v 0.5 1.2 -0.6
v 0.6 1.1 -0.6
v 0.6 1.2 -0.6
v 0.7 1.1 -0.6
v 0.7 1.2 -0.6
v 0.8 1.1 -0.6
v 0.8 1.2 -0.6
v -0.7 1.1 -0.7
v -0.7 1.2 -0.7
v -0.6 1.1 -0.7
v -0.6 1.2 -0.7
v -0.5 1.1 -0.7
v -0.5 1.2 -0.7
v -0.4 1 -0.7
v -0.4 1.1 -0.7
v -0.3 1 -0.7
v -0.3 1.1 -0.7
v -0.2 1 -0.7
v -0.2 1.1 -0.7
v -0.0999999 1 -0.7
v -0.0999999 1.1 -0.7
v 0.1 1 -0.7
v 0.1 1.1 -0.7
v 0.2 1 -0.7
v 0.2 1.1 -0.7
v 0.3 1 -0.7
v 0.3 1.1 -0.7
v 0.4 1 -0.7
v 0.4 1.1 -0.7
v 0.5 1.1 -0.7
v 0.5 1.2 -0.7
v 0.6 1.1 -0.7
v 0.6 1.2 -0.7
v 0.7 1.1 -0.7
v 0.7 1.2 -0.7
v -0.4 1 -0.9
v -0.4 1.1 -0.9
v -0.3 1 -0.9
v -0.3 1.1 -0.9
v -0.2 1 -0.9
v -0.2 1.1 -0.9
v -0.0999999 1 -0.9
v -0.0999999 1.1 -0.9
v 0.1 1 -0.9
v 0.1 1.1 -0.9
v 0.2 1 -0.9
v 0.2 1.1 -0.9
v 0.3 1 -0.9
v 0.3 1.1 -0.9
v 0.4 1 -0.9
v 0.4 1.1 -0.9
v -0.4 1 -1.1
v -0.4 1.1 -1.1
v -0.3 1 -1.1
v -0.3 1.1 -1.1
v -0.2 1 -1.1
v -0.2 1.1 -1.1
v -0.0999999 1 -1.1
v -0.0999999 1.1 -1.1
v 0.1 1 -1.1
v 0.1 1.1 -1.1
v 0.2 1 -1.1
v 0.2 1.1 -1.1
v 0.3 1 -1.1
v 0.3 1.1 -1.1
v 0.4 1 -1.1
v 0.4 1.1 -1.1
v -1 0.1 -2.3
v -1 0.2 -2.3
v -0.9 0 -2.3
v -0.9 0.1 -2.3
v -0.9 0.2 -2.3
v -0.5 0 -2.3
v -0.5 0.1 -2.3
v -0.5 1 -2.3
v -0.5 1.1 -2.3
v 0.5 0 -2.3
v 0.5 0.1 -2.3
v 0.5 1 -2.3
v 0.5 1.1 -2.3
v 0.9 0 -2.3
v 0.9 0.1 -2.3
v 0.9 0.2 -2.3
v 1 0.1 -2.3
v 1 0.2 -2.3
v -1 0.2 -2.4
v -1 0.3 -2.4
v -0.9 0.1 -2.4
v -0.9 0.2 -2.4
v -0.9 0.3 -2.4
v -0.5 0.1 -2.4
v -0.5 0.2 -2.4
v -0.5 0.9 -2.4
v -0.5 1 -2.4
v 0.5 0.1 -2.4
v 0.5 0.2 -2.4
v 0.5 0.9 -2.4
v 0.5 1 -2.4
v 0.9 0.1 -2.4
v 0.9 0.2 -2.4
v 0.9 0.3 -2.4
v 1 0.2 -2.4
v 1 0.3 -2.4
v -1 0.3 -2.5
v -1 0.4 -2.5
v -0.9 0.2 -2.5
v -0.9 0.3 -2.5
v -0.9 0.4 -2.5
v -0.5 0.2 -2.5
v -0.5 0.3 -2.5
v -0.5 0.8 -2.5
v -0.5 0.9 -2.5
v 0.5 0.2 -2.5
v 0.5 0.3 -2.5
v 0.5 0.8 -2.5
v 0.5 0.9 -2.5
v 0.9 0.2 -2.5
v 0.9 0.3 -2.5
v 0.9 0.4 -2.5
v 1 0.3 -2.5
v 1 0.4 -2.5
v -1 0.4 -2.6
v -1 0.5 -2.6
v -0.9 0.3 -2.6
v -0.9 0.4 -2.6
v -0.9 0.5 -2.6
v -0.5 0.3 -2.6
v -0.5 0.4 -2.6
v -0.5 0.7 -2.6
v -0.5 0.8 -2.6
v 0.5 0.3 -2.6
v 0.5 0.4 -2.6
v 0.5 0.7 -2.6
v 0.5 0.8 -2.6
v 0.9 0.3 -2.6
v 0.9 0.4 -2.6
v 0.9 0.5 -2.6
v 1 0.4 -2.6
v 1 0.5 -2.6
v -1 0.5 -2.7
v -1 0.6 -2.7
v -0.9 0.4 -2.7
v -0.9 0.5 -2.7
v -0.9 0.6 -2.7
v -0.5 0.4 -2.7
v -0.5 0.5 -2.7
v -0.5 0.6 -2.7
v -0.5 0.7 -2.7
v 0.5 0.4 -2.7
v 0.5 0.5 -2.7
v 0.5 0.6 -2.7
v 0.5 0.7 -2.7
v 0.9 0.4 -2.7
v 0.9 0.5 -2.7
v 0.9 0.6 -2.7
v 1 0.5 -2.7
v 1 0.6 -2.7
v -1 0.6 -2.8
v -1 0.9 -2.8
v -0.9 0.5 -2.8
v -0.9 0.6 -2.8
v -0.9 0.7 -2.8
v -0.9 0.8 -2.8
v -0.9 0.9 -2.8
v -0.9 1 -2.8
v -0.5 0.5 -2.8
v -0.5 0.6 -2.8
v -0.5 0.9 -2.8
v -0.5 1 -2.8
v 0.5 0.5 -2.8
v 0.5 0.6 -2.8
v 0.5 0.9 -2.8
v 0.5 1 -2.8
v 0.9 0.5 -2.8
v 0.9 0.6 -2.8
v 0.9 0.7 -2.8
v 0.9 0.8 -2.8
v 0.9 0.9 -2.8
v 0.9 1 -2.8
v 1 0.6 -2.8
v 1 0.9 -2.8
v -0.9 0.6 -2.9
v -0.9 0.7 -2.9
v -0.9 0.8 -2.9
v -0.9 0.9 -2.9
v -0.9 1 -2.9
v -0.9 1.1 -2.9
v -0.5 0.6 -2.9
v -0.5 0.7 -2.9
v -0.5 0.8 -2.9
v -0.5 0.9 -2.9
v -0.5 1 -2.9
v -0.5 1.1 -2.9
v 0.5 0.6 -2.9
v 0.5 0.7 -2.9
v 0.5 0.8 -2.9
v 0.5 0.9 -2.9
v 0.5 1 -2.9
v 0.5 1.1 -2.9
v 0.9 0.6 -2.9
v 0.9 0.7 -2.9
v 0.9 0.8 -2.9
v 0.9 0.9 -2.9
v 0.9 1 -2.9
v 0.9 1.1 -2.9
v -0.9 0 2.8
v -0.5 0 2.8
v 0.5 0 2.8
v 0.9 0 2.8
v -0.9 0 2.7
v -0.5 0 2.7
v 0.5 0 2.7
v 0.9 0 2.7
v -0.9 0 2.6
v -0.5 0 2.6
v 0.5 0 2.6
v 0.9 0 2.6
v -0.9 0 2.5
v -0.5 0 2.5
v 0.5 0 2.5
v 0.9 0 2.5
v -0.9 0 2.4
v -0.5 0 2.4
v 0.5 0 2.4
v 0.9 0 2.4
v -0.9 0 2.3
v -0.5 0 2.3
v 0.5 0 2.3
v 0.9 0 2.3
v -0.9 0 2.2
v -0.5 0 2.2
v 0.5 0 2.2
v 0.9 0 2.2
v -0.9 0 2.1
v -0.5 0 2.1
v 0.5 0 2.1
v 0.9 0 2.1
v -0.9 0 2
v -0.5 0 2
v 0.5 0 2
v 0.9 0 2
v -0.9 0 1.9
v -0.5 0 1.9
v 0.5 0 1.9
v 0.9 0 1.9
v -0.9 0 1.8
v -0.5 0 1.8
v 0.5 0 1.8
v 0.9 0 1.8
v -0.9 0 1.7
v -0.5 0 1.7
v 0.5 0 1.7
v 0.9 0 1.7
v -0.9 0 1.6
v -0.5 0 1.6
v 0.5 0 1.6
v 0.9 0 1.6
v -0.9 0 1.5
v -0.5 0 1.5
v 0.5 0 1.5
v 0.9 0 1.5
v -0.9 0 1.4
v -0.5 0 1.4
v 0.5 0 1.4
v 0.9 0 1.4
v -0.9 0 1.3
v -0.5 0 1.3
v 0.5 0 1.3
v 0.9 0 1.3
v -0.9 0 1.2
v -0.5 0 1.2
v 0.5 0 1.2
v 0.9 0 1.2
v -0.9 0 1.1
v -0.5 0 1.1
v 0.5 0 1.1
v 0.9 0 1.1
v -0.9 0 1
v -0.5 0 1
v 0.5 0 1
v 0.9 0 1
v -0.9 0 0.9
v -0.5 0 0.9
v 0.5 0 0.9
v 0.9 0 0.9
v -0.9 0 0.8
v -0.5 0 0.8
v 0.5 0 0.8
v 0.9 0 0.8
v -0.9 0 0.7
v -0.5 0 0.7
v 0.5 0 0.7
v 0.9 0 0.7
v -0.9 0 0.6
v -0.5 0 0.6
v 0.5 0 0.6
v 0.9 0 0.6
v -0.9 0 0.5
v -0.5 0 0.5
v 0.5 0 0.5
v 0.9 0 0.5
v -0.9 0 0.4
v -0.5 0 0.4
v 0.5 0 0.4
v 0.9 0 0.4
v -0.9 0 0.3
v -0.5 0 0.3
v 0.5 0 0.3
v 0.9 0 0.3
v -0.9 0 0.2
v -0.5 0 0.2
v 0.5 0 0.2
v 0.9 0 0.2
v -0.9 0 0.1
v -0.5 0 0.1
v 0.5 0 0.1
v 0.9 0 0.1
v -0.9 0 0
v -0.5 0 0
v 0.5 0 0
v 0.9 0 0
v -0.9 0 -0.0999999
v -0.5 0 -0.0999999
v 0.5 0 -0.0999999
v 0.9 0 -0.0999999
v -0.9 0 -0.2
v -0.5 0 -0.2
v 0.5 0 -0.2
v 0.9 0 -0.2
v -0.9 0 -0.3
v -0.5 0 -0.3
v 0.5 0 -0.3
v 0.9 0 -0.3
v -0.9 0 -0.4
v -0.5 0 -0.4
v 0.5 0 -0.4
v 0.9 0 -0.4
v -0.9 0 -0.5
v -0.5 0 -0.5
v 0.5 0 -0.5
v 0.9 0 -0.5
v -0.9 0 -0.6
v -0.5 0 -0.6
v 0.5 0 -0.6
v 0.9 0 -0.6
v -0.9 0 -0.7
v -0.5 0 -0.7
v 0.5 0 -0.7
v 0.9 0 -0.7
v -0.9 0 -0.8
v -0.5 0 -0.8
v 0.5 0 -0.8
v 0.9 0 -0.8
v -0.9 0 -0.9
v -0.5 0 -0.9
v 0.5 0 -0.9
v 0.9 0 -0.9
v -0.9 0 -1
v -0.5 0 -1
v 0.5 0 -1
v 0.9 0 -1
v -0.9 0 -1.1
v -0.5 0 -1.1
v 0.5 0 -1.1
v 0.9 0 -1.1
v -0.9 0 -1.2
v -0.5 0 -1.2
v 0.5 0 -1.2
v 0.9 0 -1.2
v -0.9 0 -1.3
v -0.5 0 -1.3
v 0.5 0 -1.3
v 0.9 0 -1.3
v -0.9 0 -1.4
v -0.5 0 -1.4
v 0.5 0 -1.4
v 0.9 0 -1.4
v -0.9 0 -1.5
v -0.5 0 -1.5
v 0.5 0 -1.5
v 0.9 0 -1.5
v -0.9 0 -1.6
v -0.5 0 -1.6
v 0.5 0 -1.6
v 0.9 0 -1.6
v -0.9 0 -1.7
v -0.5 0 -1.7
v 0.5 0 -1.7
v 0.9 0 -1.7
v -0.9 0 -1.8
v -0.5 0 -1.8
v 0.5 0 -1.8
v 0.9 0 -1.8
v -0.9 0 -1.9
v -0.5 0 -1.9
v 0.5 0 -1.9
v 0.9 0 -1.9
v -0.9 0 -2
v -0.5 0 -2
v 0.5 0 -2
v 0.9 0 -2
v -0.9 0 -2.1
v -0.5 0 -2.1
v 0.5 0 -2.1
v 0.9 0 -2.1
v -0.9 0 -2.2
v -0.5 0 -2.2
v 0.5 0 -2.2
v 0.9 0 -2.2
v -0.9 0 -2.3
v -0.5 0 -2.3
v 0.5 0 -2.3
v 0.9 0 -2.3
v -0.9 0.1 2.9
v -0.5 0.1 2.9
v 0.5 0.1 2.9
v 0.9 0.1 2.9
v -0.9 0.1 2.8
v -0.5 0.1 2.8
v 0.5 0.1 2.8
v 0.9 0.1 2.8
v -1 0.1 2.7
v -0.9 0.1 2.7
v 0.9 0.1 2.7
v 1 0.1 2.7
v -0.9 0.1 2.6
v 0.9 0.1 2.6
v -0.9 0.1 2.5
v 0.9 0.1 2.5
v -0.9 0.1 2.4
v 0.9 0.1 2.4
v -0.9 0.1 2.3
v 0.9 0.1 2.3
v -0.9 0.1 2.2
v 0.9 0.1 2.2
v -0.9 0.1 2.1
v 0.9 0.1 2.1
v -1 0.1 2
v -0.9 0.1 2
v 0.9 0.1 2
v 1 0.1 2
v -1 0.1 1.9
v -0.9 0.1 1.9
v 0.9 0.1 1.9
v 1 0.1 1.9
v -0.9 0.1 1.8
v 0.9 0.1 1.8
v -0.9 0.1 1.7
v 0.9 0.1 1.7
v -0.9 0.1 1.6
v 0.9 0.1 1.6
v -0.9 0.1 1.5
v 0.9 0.1 1.5
v -0.9 0.1 1.4
v 0.9 0.1 1.4
v -0.9 0.1 1.3
v 0.9 0.1 1.3
v -0.9 0.1 1.2
v 0.9 0.1 1.2
v -0.9 0.1 1.1
v 0.9 0.1 1.1
v -0.9 0.1 1
v 0.9 0.1 1
v -0.9 0.1 0.9
v 0.9 0.1 0.9
v -0.9 0.1 0.8
v 0.9 0.1 0.8
v -0.9 0.1 0.7
v 0.9 0.1 0.7
v -0.9 0.1 0.6
v 0.9 0.1 0.6
v -0.9 0.1 0.5
v 0.9 0.1 0.5
v -0.9 0.1 0.4
v 0.9 0.1 0.4
v -0.9 0.1 0.3
v 0.9 0.1 0.3
v -0.9 0.1 0.2
v 0.9 0.1 0.2
v -1 0.1 0.1
v -0.9 0.1 0.1
v 0.9 0.1 0.1
v 1 0.1 0.1
v -1 0.1 0
v -0.9 0.1 0
v 0.9 0.1 0
v 1 0.1 0
v -0.9 0.1 -0.0999999
v 0.9 0.1 -0.0999999
v -0.9 0.1 -0.2
v 0.9 0.1 -0.2
v -0.9 0.1 -0.3
v 0.9 0.1 -0.3
v -0.9 0.1 -0.4
v 0.9 0.1 -0.4
v -0.9 0.1 -0.5
v 0.9 0.1 -0.5
v -0.9 0.1 -0.6
v 0.9 0.1 -0.6
v -0.9 0.1 -0.7
v 0.9 0.1 -0.7
v -0.9 0.1 -0.8
v 0.9 0.1 -0.8
v -0.9 0.1 -0.9
v 0.9 0.1 -0.9
v -0.9 0.1 -1
v 0.9 0.1 -1
v -0.9 0.1 -1.1
v 0.9 0.1 -1.1
v -0.9 0.1 -1.2
v 0.9 0.1 -1.2
v -0.9 0.1 -1.3
v 0.9 0.1 -1.3
v -0.9 0.1 -1.4
v 0.9 0.1 -1.4
v -0.9 0.1 -1.5
v 0.9 0.1 -1.5
v -0.9 0.1 -1.6
v 0.9 0.1 -1.6
v -0.9 0.1 -1.7
v 0.9 0.1 -1.7
v -0.9 0.1 -1.8
v 0.9 0.1 -1.8
v -1 0.1 -1.9
v -0.9 0.1 -1.9
v 0.9 0.1 -1.9
v 1 0.1 -1.9
v -1 0.1 -2
v -0.9 0.1 -2
v 0.9 0.1 -2
v 1 0.1 -2
v -0.9 0.1 -2.1
v 0.9 0.1 -2.1
v -0.9 0.1 -2.2
v 0.9 0.1 -2.2
v -1 0.1 -2.3
v -0.9 0.1 -2.3
v -0.5 0.1 -2.3
v 0.5 0.1 -2.3
v 0.9 0.1 -2.3
v 1 0.1 -2.3
v -0.9 0.1 -2.4
v -0.5 0.1 -2.4
v 0.5 0.1 -2.4
v 0.9 0.1 -2.4
v -0.9 0.2 3
v -0.5 0.2 3
v 0.5 0.2 3
v 0.9 0.2 3
v -0.9 0.2 2.9
v -0.5 0.2 2.9
v 0.5 0.2 2.9
v 0.9 0.2 2.9
v -1 0.2 -2.3
v -0.9 0.2 -2.3
v 0.9 0.2 -2.3
v 1 0.2 -2.3
v -1 0.2 -2.4
v -0.9 0.2 -2.4
v -0.5 0.2 -2.4
v 0.5 0.2 -2.4
v 0.9 0.2 -2.4
v 1 0.2 -2.4
v -0.9 0.2 -2.5
v -0.5 0.2 -2.5
v 0.5 0.2 -2.5
v 0.9 0.2 -2.5
v -0.9 0.3 3.1
v -0.5 0.3 3.1
v 0.5 0.3 3.1
v 0.9 0.3 3.1
v -0.9 0.3 3
v -0.5 0.3 3
v 0.5 0.3 3
v 0.9 0.3 3
v -0.5 0.3 2.9
v 0.5 0.3 2.9
v -1 0.3 -2.4
v -0.9 0.3 -2.4
v -0.5 0.3 -2.4
v 0.5 0.3 -2.4
v 0.9 0.3 -2.4
v 1 0.3 -2.4
v -1 0.3 -2.5
v -0.9 0.3 -2.5
v -0.5 0.3 -2.5
v 0.5 0.3 -2.5
v 0.9 0.3 -2.5
v 1 0.3 -2.5
v -0.9 0.3 -2.6
v -0.5 0.3 -2.6
v 0.5 0.3 -2.6
v 0.9 0.3 -2.6
v -0.9 0.4 3.2
v -0.5 0.4 3.2
v 0.5 0.4 3.2
v 0.9 0.4 3.2
v -0.9 0.4 3.1
v -0.5 0.4 3.1
v 0.5 0.4 3.1
v 0.9 0.4 3.1
v -1 0.4 -2.5
v -0.9 0.4 -2.5
v 0.9 0.4 -2.5
v 1 0.4 -2.5
v -1 0.4 -2.6
v -0.9 0.4 -2.6
v -0.5 0.4 -2.6
v 0.5 0.4 -2.6
v 0.9 0.4 -2.6
v 1 0.4 -2.6
v -0.9 0.4 -2.7
v -0.5 0.4 -2.7
v 0.5 0.4 -2.7
v 0.9 0.4 -2.7
v -0.5 0.5 3.3
v 0.5 0.5 3.3
v -0.5 0.5 3.2
v 0.5 0.5 3.2
v -1 0.5 -2.6
v -0.9 0.5 -2.6
v 0.9 0.5 -2.6
v 1 0.5 -2.6
v -1 0.5 -2.7
v -0.9 0.5 -2.7
v -0.5 0.5 -2.7
v 0.5 0.5 -2.7
v 0.9 0.5 -2.7
v 1 0.5 -2.7
v -0.9 0.5 -2.8
v -0.5 0.5 -2.8
v 0.5 0.5 -2.8
v 0.9 0.5 -2.8
v -1 0.6 -2.7
v -0.9 0.6 -2.7
v 0.9 0.6 -2.7
v 1 0.6 -2.7
v -1 0.6 -2.8
v -0.9 0.6 -2.8
v -0.5 0.6 -2.8
v 0.5 0.6 -2.8
v 0.9 0.6 -2.8
v 1 0.6 -2.8
v -0.9 0.6 -2.9
v -0.5 0.6 -2.9
v 0.5 0.6 -2.9
v 0.9 0.6 -2.9
v -0.9 1 3.2
v -0.5 1 3.2
v 0.5 1 3.2
v 0.9 1 3.2
v -0.9 1 3
v -0.5 1 3
v 0.5 1 3
v 0.9 1 3
v -0.9 1 -2.8
v -0.5 1 -2.8
v 0.5 1 -2.8
v 0.9 1 -2.8
v -0.9 1 -2.9
v -0.5 1 -2.9
v 0.5 1 -2.9
v 0.9 1 -2.9
v -1 0.2 2.7
v -0.9 0.2 2.7
v 0.9 0.2 2.7
v 1 0.2 2.7
v -1 0.2 2.6
v -0.9 0.2 2.6
v 0.9 0.2 2.6
v 1 0.2 2.6
v -1 0.3 2.6
v -0.9 0.3 2.6
v 0.9 0.3 2.6
v 1 0.3 2.6
v -1 0.3 2.5
v -0.9 0.3 2.5
v 0.9 0.3 2.5
v 1 0.3 2.5
v -0.5 0.6 -2.7
v 0.5 0.6 -2.7
v -0.5 0.6 -2.8
v 0.5 0.6 -2.8
v -0.5 0.7 -2.6
v 0.5 0.7 -2.6
v -0.5 0.7 -2.7
v 0.5 0.7 -2.7
v -0.9 0.8 3.2
v -0.5 0.8 3.2
v 0.5 0.8 3.2
v 0.9 0.8 3.2
v -0.9 0.8 3.1
v -0.5 0.8 3.1
v 0.5 0.8 3.1
v 0.9 0.8 3.1
v -0.5 0.8 -2.5
v 0.5 0.8 -2.5
v -0.5 0.8 -2.6
v 0.5 0.8 -2.6
v -0.9 0.9 3.1
v -0.5 0.9 3.1
v 0.5 0.9 3.1
v 0.9 0.9 3.1
v -0.9 0.9 3
v -0.5 0.9 3
v 0.5 0.9 3
v 0.9 0.9 3
v -1 0.9 2.5
v -0.9 0.9 2.5
v 0.9 0.9 2.5
v 1 0.9 2.5
v -0.9 0.9 2.4
v 0.9 0.9 2.4
v -0.9 0.9 2.3
v 0.9 0.9 2.3
v -0.9 0.9 2.2
v 0.9 0.9 2.2
v -0.9 0.9 2.1
v 0.9 0.9 2.1
v -1 0.9 2
v -0.9 0.9 2
v 0.9 0.9 2
v 1 0.9 2
v -1 0.9 1.9
v -0.9 0.9 1.9
v 0.9 0.9 1.9
v 1 0.9 1.9
v -0.9 0.9 1.8
v 0.9 0.9 1.8
v -0.9 0.9 1.7
v 0.9 0.9 1.7
v -0.9 0.9 1.6
v 0.9 0.9 1.6
v -0.9 0.9 1.5
v 0.9 0.9 1.5
v -0.9 0.9 1.4
v 0.9 0.9 1.4
v -0.9 0.9 1.3
v 0.9 0.9 1.3
v -0.9 0.9 1.2
v 0.9 0.9 1.2
v -0.9 0.9 1.1
v 0.9 0.9 1.1
v -0.9 0.9 1
v 0.9 0.9 1
v -0.9 0.9 0.9
v 0.9 0.9 0.9
v -0.9 0.9 0.8
v 0.9 0.9 0.8
v -0.9 0.9 0.7
v 0.9 0.9 0.7
v -0.9 0.9 0.6
v 0.9 0.9 0.6
v -0.9 0.9 0.5
v 0.9 0.9 0.5
v -0.9 0.9 0.4
v 0.9 0.9 0.4
v -0.9 0.9 0.3
v 0.9 0.9 0.3
v -0.9 0.9 0.2
v 0.9 0.9 0.2
v -1 0.9 0.1
v -0.9 0.9 0.1
v 0.9 0.9 0.1
v 1 0.9 0.1
v -1 0.9 0
v -0.9 0.9 0
v 0.9 0.9 0
v 1 0.9 0
v -0.9 0.9 -0.0999999
v 0.9 0.9 -0.0999999
v -0.9 0.9 -0.2
v 0.9 0.9 -0.2
v -0.9 0.9 -0.3
v 0.9 0.9 -0.3
v -0.9 0.9 -0.4
v 0.9 0.9 -0.4
v -0.9 0.9 -0.5
v 0.9 0.9 -0.5
v -0.9 0.9 -0.6
v 0.9 0.9 -0.6
v -0.9 0.9 -0.7
v 0.9 0.9 -0.7
v -0.9 0.9 -0.8
v 0.9 0.9 -0.8
v -0.9 0.9 -0.9
v 0.9 0.9 -0.9
v -0.9 0.9 -1
v 0.9 0.9 -1
v -0.9 0.9 -1.1
v 0.9 0.9 -1.1
v -0.9 0.9 -1.2
v 0.9 0.9 -1.2
v -0.9 0.9 -1.3
v 0.9 0.9 -1.3
v -0.9 0.9 -1.4
v 0.9 0.9 -1.4
v -0.9 0.9 -1.5
v 0.9 0.9 -1.5
v -0.9 0.9 -1.6
v 0.9 0.9 -1.6
v -0.9 0.9 -1.7
v 0.9 0.9 -1.7
v -0.9 0.9 -1.8
v 0.9 0.9 -1.8
v -1 0.9 -1.9
v -0.9 0.9 -1.9
v 0.9 0.9 -1.9
v 1 0.9 -1.9
v -1 0.9 -2
v -0.9 0.9 -2
v 0.9 0.9 -2
v 1 0.9 -2
v -0.9 0.9 -2.1
v 0.9 0.9 -2.1
v -0.9 0.9 -2.2
v 0.9 0.9 -2.2
v -0.9 0.9 -2.3
v 0.9 0.9 -2.3
v -0.9 0.9 -2.4
v -0.5 0.9 -2.4
v 0.5 0.9 -2.4
v 0.9 0.9 -2.4
v -0.9 0.9 -2.5
v -0.5 0.9 -2.5
v 0.5 0.9 -2.5
v 0.9 0.9 -2.5
v -0.9 0.9 -2.6
v 0.9 0.9 -2.6
v -0.9 0.9 -2.7
v 0.9 0.9 -2.7
v -1 0.9 -2.8
v -0.9 0.9 -2.8
v -0.5 0.9 -2.8
v 0.5 0.9 -2.8
v 0.9 0.9 -2.8
v 1 0.9 -2.8
v -0.9 0.9 -2.9
v -0.5 0.9 -2.9
v 0.5 0.9 -2.9
v 0.9 0.9 -2.9
v -0.4 1 0.6
v -0.3 1 0.6
v -0.2 1 0.6
v -0.0999999 1 0.6
v 0.1 1 0.6
v 0.2 1 0.6
v 0.3 1 0.6
v 0.4 1 0.6
v -0.4 1 0.5
v -0.3 1 0.5
v -0.2 1 0.5
v -0.0999999 1 0.5
v 0.1 1 0.5
v 0.2 1 0.5
v 0.3 1 0.5
v 0.4 1 0.5
v -0.4 1 0.4
v -0.3 1 0.4
v -0.2 1 0.4
v -0.0999999 1 0.4
v 0.1 1 0.4
v 0.2 1 0.4
v 0.3 1 0.4
v 0.4 1 0.4
v -0.4 1 0.3
v -0.3 1 0.3
v -0.2 1 0.3
v -0.0999999 1 0.3
v 0.1 1 0.3
v 0.2 1 0.3
v 0.3 1 0.3
v 0.4 1 0.3
v -0.4 1 0.2
v -0.3 1 0.2
v -0.2 1 0.2
v -0.0999999 1 0.2
v 0.1 1 0.2
v 0.2 1 0.2
v 0.3 1 0.2
v 0.4 1 0.2
v -0.4 1 0.1
v -0.3 1 0.1
v -0.2 1 0.1
v -0.0999999 1 0.1
v 0.1 1 0.1
v 0.2 1 0.1
v 0.3 1 0.1
v 0.4 1 0.1
v -0.4 1 0
v -0.3 1 0
v -0.2 1 0
v -0.0999999 1 0
v 0.1 1 0
v 0.2 1 0
v 0.3 1 0
v 0.4 1 0
v -0.4 1 -0.0999999
v -0.3 1 -0.0999999
v -0.2 1 -0.0999999
v -0.0999999 1 -0.0999999
v 0.1 1 -0.0999999
v 0.2 1 -0.0999999
v 0.3 1 -0.0999999
v 0.4 1 -0.0999999
v -0.4 1 -0.2
v -0.3 1 -0.2
v -0.2 1 -0.2
v -0.0999999 1 -0.2
v 0.1 1 -0.2
v 0.2 1 -0.2
v 0.3 1 -0.2
v 0.4 1 -0.2
v -0.4 1 -0.3
v -0.3 1 -0.3
v -0.2 1 -0.3
v -0.0999999 1 -0.3
v 0.1 1 -0.3
v 0.2 1 -0.3
v 0.3 1 -0.3
v 0.4 1 -0.3
v -0.4 1 -0.4
v -0.3 1 -0.4
v -0.2 1 -0.4
v -0.0999999 1 -0.4
v 0.1 1 -0.4
v 0.2 1 -0.4
v 0.3 1 -0.4
v 0.4 1 -0.4
v -0.4 1 -0.5
v -0.3 1 -0.5
v -0.2 1 -0.5
v -0.0999999 1 -0.5
v 0.1 1 -0.5
v 0.2 1 -0.5
v 0.3 1 -0.5
v 0.4 1 -0.5
v -0.4 1 -0.7
v -0.3 1 -0.7
v -0.2 1 -0.7
v -0.0999999 1 -0.7
v 0.1 1 -0.7
v 0.2 1 -0.7
v 0.3 1 -0.7
v 0.4 1 -0.7
v -0.4 1 -0.8
v -0.3 1 -0.8
v -0.2 1 -0.8
v -0.0999999 1 -0.8
v 0.1 1 -0.8
v 0.2 1 -0.8
v 0.3 1 -0.8
v 0.4 1 -0.8
v -0.4 1 -0.9
v -0.3 1 -0.9
v -0.2 1 -0.9
v -0.0999999 1 -0.9
v 0.1 1 -0.9
v 0.2 1 -0.9
v 0.3 1 -0.9
v 0.4 1 -0.9
v -0.4 1 -1
v -0.3 1 -1
v -0.2 1 -1
v -0.0999999 1 -1
v 0.1 1 -1
v 0.2 1 -1
v 0.3 1 -1
v 0.4 1 -1
v -0.4 1 -1.1
v -0.3 1 -1.1
v -0.2 1 -1.1
v -0.0999999 1 -1.1
v 0.1 1 -1.1
v 0.2 1 -1.1
v 0.3 1 -1.1
v 0.4 1 -1.1
v -0.4 1 -1.2
v -0.3 1 -1.2
v -0.2 1 -1.2
v -0.0999999 1 -1.2
v 0.1 1 -1.2
v 0.2 1 -1.2
v 0.3 1 -1.2
v 0.4 1 -1.2
v -0.5 1 -2.3
v 0.5 1 -2.3
v -0.5 1 -2.4
v 0.5 1 -2.4
v -0.5 1.1 3.3
v 0.5 1.1 3.3
v -0.9 1.1 3.2
v -0.5 1.1 3.2
v 0.5 1.1 3.2
v 0.9 1.1 3.2
v -0.8 1.1 0.6
v -0.7 1.1 0.6
v -0.6 1.1 0.6
v -0.5 1.1 0.6
v -0.4 1.1 0.6
v -0.3 1.1 0.6
v -0.2 1.1 0.6
v -0.0999999 1.1 0.6
v 0.1 1.1 0.6
v 0.2 1.1 0.6
v 0.3 1.1 0.6
v 0.4 1.1 0.6
v 0.5 1.1 0.6
v 0.6 1.1 0.6
v 0.7 1.1 0.6
v 0.8 1.1 0.6
v -0.8 1.1 0.5
v -0.7 1.1 0.5
v -0.6 1.1 0.5
v -0.5 1.1 0.5
v -0.4 1.1 0.5
v -0.3 1.1 0.5
v -0.2 1.1 0.5
v -0.0999999 1.1 0.5
v 0.1 1.1 0.5
v 0.2 1.1 0.5
v 0.3 1.1 0.5
v 0.4 1.1 0.5
v 0.5 1.1 0.5
v 0.6 1.1 0.5
v 0.7 1.1 0.5
v 0.8 1.1 0.5
v -0.4 1.1 0.4
v -0.3 1.1 0.4
v -0.2 1.1 0.4
v -0.0999999 1.1 0.4
v 0.1 1.1 0.4
v 0.2 1.1 0.4
v 0.3 1.1 0.4
v 0.4 1.1 0.4
v -0.4 1.1 0.3
v -0.3 1.1 0.3
v -0.2 1.1 0.3
v -0.0999999 1.1 0.3
v 0.1 1.1 0.3
v 0.2 1.1 0.3
v 0.3 1.1 0.3
v 0.4 1.1 0.3
v -0.4 1.1 0.2
v -0.3 1.1 0.2
v -0.2 1.1 0.2
v -0.0999999 1.1 0.2
v 0.1 1.1 0.2
v 0.2 1.1 0.2
v 0.3 1.1 0.2
v 0.4 1.1 0.2
v -0.4 1.1 0.1
v -0.3 1.1 0.1
v -0.2 1.1 0.1
v -0.0999999 1.1 0.1
v 0.1 1.1 0.1
v 0.2 1.1 0.1
v 0.3 1.1 0.1
v 0.4 1.1 0.1
v -0.4 1.1 0
v -0.3 1.1 0
v -0.2 1.1 0
v -0.0999999 1.1 0
v 0.1 1.1 0
v 0.2 1.1 0
v 0.3 1.1 0
v 0.4 1.1 0
v -0.4 1.1 -0.0999999
v -0.3 1.1 -0.0999999
v -0.2 1.1 -0.0999999
v -0.0999999 1.1 -0.0999999
v 0.1 1.1 -0.0999999
v 0.2 1.1 -0.0999999
v 0.3 1.1 -0.0999999
v 0.4 1.1 -0.0999999
v -0.4 1.1 -0.2
v -0.3 1.1 -0.2
v -0.2 1.1 -0.2
v -0.0999999 1.1 -0.2
v 0.1 1.1 -0.2
v 0.2 1.1 -0.2
v 0.3 1.1 -0.2
v 0.4 1.1 -0.2
v -0.4 1.1 -0.3
v -0.3 1.1 -0.3
v -0.2 1.1 -0.3
v -0.0999999 1.1 -0.3
v 0.1 1.1 -0.3
v 0.2 1.1 -0.3
v 0.3 1.1 -0.3
v 0.4 1.1 -0.3
v -0.4 1.1 -0.4
v -0.3 1.1 -0.4
v -0.2 1.1 -0.4
v -0.0999999 1.1 -0.4
v 0.1 1.1 -0.4
v 0.2 1.1 -0.4
v 0.3 1.1 -0.4
v 0.4 1.1 -0.4
v -0.5 1.1 -0.5
v -0.4 1.1 -0.5
v -0.3 1.1 -0.5
v -0.2 1.1 -0.5
v -0.0999999 1.1 -0.5
v 0.1 1.1 -0.5
v 0.2 1.1 -0.5
v 0.3 1.1 -0.5
v 0.4 1.1 -0.5
v 0.5 1.1 -0.5
v -0.8 1.1 -0.6
v -0.7 1.1 -0.6
v -0.6 1.1 -0.6
v -0.5 1.1 -0.6
v 0.5 1.1 -0.6
v 0.6 1.1 -0.6
v 0.7 1.1 -0.6
v 0.8 1.1 -0.6
v -0.7 1.1 -0.7
v -0.6 1.1 -0.7
v -0.5 1.1 -0.7
v -0.4 1.1 -0.7
v -0.3 1.1 -0.7
v -0.2 1.1 -0.7
v -0.0999999 1.1 -0.7
v 0.1 1.1 -0.7
v 0.2 1.1 -0.7
v 0.3 1.1 -0.7
v 0.4 1.1 -0.7
v 0.5 1.1 -0.7
v 0.6 1.1 -0.7
v 0.7 1.1 -0.7
v -0.4 1.1 -0.8
v -0.3 1.1 -0.8
v -0.2 1.1 -0.8
v -0.0999999 1.1 -0.8
v 0.1 1.1 -0.8
v 0.2 1.1 -0.8
v 0.3 1.1 -0.8
v 0.4 1.1 -0.8
v -0.4 1.1 -0.9
v -0.3 1.1 -0.9
v -0.2 1.1 -0.9
v -0.0999999 1.1 -0.9
v 0.1 1.1 -0.9
v 0.2 1.1 -0.9
v 0.3 1.1 -0.9
v 0.4 1.1 -0.9
v -0.4 1.1 -1
v -0.3 1.1 -1
v -0.2 1.1 -1
v -0.0999999 1.1 -1
v 0.1 1.1 -1
v 0.2 1.1 -1
v 0.3 1.1 -1
v 0.4 1.1 -1
v -0.4 1.1 -1.1
v -0.3 1.1 -1.1
v -0.2 1.1 -1.1
v -0.0999999 1.1 -1.1
v 0.1 1.1 -1.1
v 0.2 1.1 -1.1
v 0.3 1.1 -1.1
v 0.4 1.1 -1.1
v -0.4 1.1 -1.2
v -0.3 1.1 -1.2
v -0.2 1.1 -1.2
v -0.0999999 1.1 -1.2
v 0.1 1.1 -1.2
v 0.2 1.1 -1.2
v 0.3 1.1 -1.2
v 0.4 1.1 -1.2
v -0.5 1.1 -1.3
v 0.5 1.1 -1.3
v -0.5 1.1 -2.3
v 0.5 1.1 -2.3
v -0.9 1.1 -2.9
v -0.5 1.1 -2.9
v 0.5 1.1 -2.9
v 0.9 1.1 -2.9
v -0.8 1.2 0.6
v -0.7 1.2 0.6
v -0.6 1.2 0.6
v -0.5 1.2 0.6
v 0.5 1.2 0.6
v 0.6 1.2 0.6
v 0.7 1.2 0.6
v 0.8 1.2 0.6
v -0.8 1.2 0.5
v -0.7 1.2 0.5
v -0.6 1.2 0.5
v -0.5 1.2 0.5
v 0.5 1.2 0.5
v 0.6 1.2 0.5
v 0.7 1.2 0.5
v 0.8 1.2 0.5
v -0.5 1.2 -0.5
v 0.5 1.2 -0.5
v -0.8 1.2 -0.6
v -0.7 1.2 -0.6
v -0.6 1.2 -0.6
v -0.5 1.2 -0.6
v 0.5 1.2 -0.6
v 0.6 1.2 -0.6
v 0.7 1.2 -0.6
v 0.8 1.2 -0.6
v -0.7 1.2 -0.7
v -0.6 1.2 -0.7
v -0.5 1.2 -0.7
v 0.5 1.2 -0.7
v 0.6 1.2 -0.7
v 0.7 1.2 -0.7

# faces
f 9/2/1 2/2/1 1/2/1
f 10/2/1 2/2/1 9/2/1
f 11/3/1 3/3/1 2/3/1
f 11/2/1 4/2/1 3/2/1
f 12/3/1 5/3/1 4/3/1
f 12/2/1 4/2/1 11/2/1
f 13/2/1 6/2/1 5/2/1
f 13/3/1 5/3/1 12/3/1
f 14/3/1 7/3/1 6/3/1
f 14/2/1 6/2/1 13/2/1
f 15/2/1 8/2/1 7/2/1
f 17/2/1 2/2/1 10/2/1
f 18/2/1 2/2/1 17/2/1
f 19/3/1 11/3/1 2/3/1
f 19/3/1 12/3/1 11/3/1
f 19/3/1 13/3/1 12/3/1
f 19/3/1 14/3/1 13/3/1
f 20/3/1 14/3/1 19/3/1
f 21/3/1 14/3/1 20/3/1
f 22/3/1 7/3/1 14/3/1
f 22/3/1 14/3/1 21/3/1
f 23/2/1 16/2/1 15/2/1
f 25/2/1 24/2/1 23/2/1
f 27/2/1 26/2/1 25/2/1
f 29/2/1 28/2/1 27/2/1
f 31/2/1 27/2/1 25/2/1
f 31/2/1 30/2/1 29/2/1
f 31/2/1 29/2/1 27/2/1
f 32/2/1 30/2/1 31/2/1
f 33/2/1 31/2/1 25/2/1
f 33/3/1 32/3/1 31/3/1
f 34/2/1 30/2/1 32/2/1
f 34/3/1 32/3/1 33/3/1
f 35/2/1 2/2/1 18/2/1
f 36/3/1 19/3/1 2/3/1
f 36/2/1 2/2/1 35/2/1
f 37/2/1 20/2/1 19/2/1
f 37/3/1 19/3/1 36/3/1
f 38/3/1 21/3/1 20/3/1
f 38/2/1 20/2/1 37/2/1
f 39/2/1 22/2/1 21/2/1
f 39/3/1 21/3/1 38/3/1
f 40/3/1 7/3/1 22/3/1
f 40/2/1 22/2/1 39/2/1
f 41/2/1 15/2/1 7/2/1
f 41/3/1 7/3/1 40/3/1
f 41/2/1 23/2/1 15/2/1
f 41/2/1 34/2/1 33/2/1
f 41/2/1 33/2/1 25/2/1
f 41/2/1 25/2/1 23/2/1
f 42/2/1 30/2/1 34/2/1
f 42/2/1 34/2/1 41/2/1
f 96/5/1 44/5/1 43/5/1
f 97/7/1 45/7/1 44/7/1
f 97/5/1 44/5/1 96/5/1
f 98/5/1 46/5/1 45/5/1
f 98/7/1 45/7/1 97/7/1
f 99/7/1 47/7/1 46/7/1
f 99/5/1 46/5/1 98/5/1
f 100/5/1 48/5/1 47/5/1
f 100/7/1 47/7/1 99/7/1
f 101/7/1 49/7/1 48/7/1
f 101/5/1 48/5/1 100/5/1
f 102/5/1 50/5/1 49/5/1
f 102/7/1 49/7/1 101/7/1
f 103/7/1 51/7/1 50/7/1
f 103/5/1 50/5/1 102/5/1
f 104/5/1 52/5/1 51/5/1
f 104/7/1 51/7/1 103/7/1
f 105/7/1 53/7/1 52/7/1
f 105/5/1 52/5/1 104/5/1
f 106/5/1 54/5/1 53/5/1
f 106/7/1 53/7/1 105/7/1
f 107/7/1 55/7/1 54/7/1
f 107/5/1 54/5/1 106/5/1
f 108/5/1 56/5/1 55/5/1
f 108/7/1 55/7/1 107/7/1
f 109/7/1 57/7/1 56/7/1
f 109/5/1 56/5/1 108/5/1
f 110/5/1 58/5/1 57/5/1
f 110/7/1 57/7/1 109/7/1
f 111/7/1 59/7/1 58/7/1
f 111/5/1 58/5/1 110/5/1
f 112/5/1 60/5/1 59/5/1
f 112/7/1 59/7/1 111/7/1
f 113/7/1 61/7/1 60/7/1
f 113/5/1 60/5/1 112/5/1
f 114/5/1 62/5/1 61/5/1
f 114/7/1 61/7/1 113/7/1
f 115/7/1 63/7/1 62/7/1
f 115/5/1 62/5/1 114/5/1
f 116/5/1 64/5/1 63/5/1
f 116/7/1 63/7/1 115/7/1
f 117/7/1 65/7/1 64/7/1
f 117/5/1 64/5/1 116/5/1
f 118/5/1 66/5/1 65/5/1
f 118/7/1 65/7/1 117/7/1
f 119/7/1 67/7/1 66/7/1
f 119/5/1 66/5/1 118/5/1
f 120/5/1 68/5/1 67/5/1
f 120/7/1 67/7/1 119/7/1
f 121/7/1 69/7/1 68/7/1
f 121/5/1 68/5/1 120/5/1
f 122/5/1 70/5/1 69/5/1
f 122/7/1 69/7/1 121/7/1
f 123/7/1 71/7/1 70/7/1
f 123/5/1 70/5/1 122/5/1
f 124/5/1 72/5/1 71/5/1
f 124/7/1 71/7/1 123/7/1
f 125/7/1 73/7/1 72/7/1
f 125/5/1 72/5/1 124/5/1
f 126/5/1 74/5/1 73/5/1
f 126/7/1 73/7/1 125/7/1
f 127/7/1 75/7/1 74/7/1
f 127/5/1 74/5/1 126/5/1
f 128/5/1 76/5/1 75/5/1
f 128/7/1 75/7/1 127/7/1
f 129/7/1 77/7/1 76/7/1
f 129/5/1 76/5/1 128/5/1
f 130/5/1 78/5/1 77/5/1
f 130/7/1 77/7/1 129/7/1
f 131/7/1 79/7/1 78/7/1
f 131/5/1 78/5/1 130/5/1
f 132/5/1 80/5/1 79/5/1
f 132/7/1 79/7/1 131/7/1
f 133/7/1 81/7/1 80/7/1
f 133/5/1 80/5/1 132/5/1
f 134/5/1 82/5/1 81/5/1
f 134/7/1 81/7/1 133/7/1
f 135/7/1 83/7/1 82/7/1
f 135/5/1 82/5/1 134/5/1
f 136/5/1 84/5/1 83/5/1
f 136/7/1 83/7/1 135/7/1
f 137/7/1 85/7/1 84/7/1
f 137/5/1 84/5/1 136/5/1
f 138/5/1 86/5/1 85/5/1
f 138/7/1 85/7/1 137/7/1
f 139/7/1 87/7/1 86/7/1
f 139/5/1 86/5/1 138/5/1
f 140/5/1 88/5/1 87/5/1
f 140/7/1 87/7/1 139/7/1
f 141/7/1 89/7/1 88/7/1
f 141/5/1 88/5/1 140/5/1
f 142/5/1 90/5/1 89/5/1
f 142/7/1 89/7/1 141/7/1
f 143/7/1 91/7/1 90/7/1
f 143/5/1 90/5/1 142/5/1
f 144/5/1 92/5/1 91/5/1
f 144/7/1 91/7/1 143/7/1
f 145/7/1 93/7/1 92/7/1
f 145/5/1 92/5/1 144/5/1
f 146/5/1 94/5/1 93/5/1
f 146/7/1 93/7/1 145/7/1
f 147/5/1 94/5/1 146/5/1
f 150/7/1 96/7/1 95/7/1
f 150/7/1 97/7/1 96/7/1
f 151/7/1 97/7/1 150/7/1
f 153/7/1 148/7/1 147/7/1
f 154/7/1 148/7/1 153/7/1
f 157/5/1 150/5/1 149/5/1
f 158/7/1 152/7/1 151/7/1
f 158/7/1 151/7/1 150/7/1
f 158/5/1 150/5/1 157/5/1
f 159/7/1 152/7/1 158/7/1
f 161/5/1 155/5/1 154/5/1
f 162/5/1 155/5/1 161/5/1
f 165/7/1 157/7/1 156/7/1
f 166/4/1 158/4/1 157/4/1
f 166/4/1 159/4/1 158/4/1
f 166/7/1 157/7/1 165/7/1
f 167/4/1 159/4/1 166/4/1
f 168/4/1 159/4/1 167/4/1
f 169/7/1 160/7/1 159/7/1
f 169/4/1 159/4/1 168/4/1
f 170/7/1 160/7/1 169/7/1
f 171/7/1 163/7/1 162/7/1
f 172/7/1 163/7/1 171/7/1
f 174/5/1 165/5/1 164/5/1
f 175/4/1 166/4/1 165/4/1
f 175/5/1 165/5/1 174/5/1
f 175/4/1 167/4/1 166/4/1
f 176/4/1 167/4/1 175/4/1
f 177/8/1 168/8/1 167/8/1
f 177/4/1 167/4/1 176/4/1
f 178/4/1 170/4/1 169/4/1
f 178/8/1 168/8/1 177/8/1
f 178/4/1 169/4/1 168/4/1
f 179/4/1 170/4/1 178/4/1
f 180/5/1 173/5/1 172/5/1
f 181/5/1 173/5/1 180/5/1
f 183/7/1 175/7/1 174/7/1
f 184/4/1 176/4/1 175/4/1
f 184/7/1 175/7/1 183/7/1
f 185/7/1 182/7/1 181/7/1
f 186/7/1 182/7/1 185/7/1
f 188/5/1 184/5/1 183/5/1
f 189/4/1 176/4/1 184/4/1
f 189/5/1 184/5/1 188/5/1
f 190/8/1 177/8/1 176/8/1
f 190/4/1 176/4/1 189/4/1
f 190/8/1 178/8/1 177/8/1
f 190/8/1 179/8/1 178/8/1
f 191/8/1 179/8/1 190/8/1
f 192/8/1 179/8/1 191/8/1
f 193/4/1 170/4/1 179/4/1
f 193/8/1 179/8/1 192/8/1
f 194/5/1 187/5/1 186/5/1
f 195/5/1 187/5/1 194/5/1
f 196/7/1 189/7/1 188/7/1
f 197/4/1 190/4/1 189/4/1
f 197/7/1 189/7/1 196/7/1
f 197/4/1 191/4/1 190/4/1
f 198/4/1 191/4/1 197/4/1
f 199/8/1 192/8/1 191/8/1
f 199/4/1 191/4/1 198/4/1
f 200/4/1 193/4/1 192/4/1
f 200/8/1 192/8/1 199/8/1
f 201/4/1 170/4/1 193/4/1
f 201/4/1 193/4/1 200/4/1
f 202/4/1 170/4/1 201/4/1
f 203/7/1 195/7/1 194/7/1
f 204/7/1 195/7/1 203/7/1
f 205/5/1 198/5/1 197/5/1
f 206/4/1 200/4/1 199/4/1
f 206/5/1 198/5/1 205/5/1
f 206/4/1 199/4/1 198/4/1
f 206/4/1 201/4/1 200/4/1
f 207/4/1 201/4/1 206/4/1
f 208/4/1 201/4/1 207/4/1
f 209/4/1 201/4/1 208/4/1
f 210/7/1 202/7/1 201/7/1
f 210/4/1 201/4/1 209/4/1
f 211/7/1 202/7/1 210/7/1
f 264/5/1 204/5/1 203/5/1
f 265/5/1 204/5/1 264/5/1
f 267/7/1 207/7/1 206/7/1
f 268/5/1 208/5/1 207/5/1
f 268/7/1 207/7/1 267/7/1
f 269/7/1 209/7/1 208/7/1
f 269/5/1 208/5/1 268/5/1
f 270/5/1 210/5/1 209/5/1
f 270/7/1 209/7/1 269/7/1
f 271/7/1 211/7/1 210/7/1
f 271/5/1 210/5/1 270/5/1
f 272/5/1 212/5/1 211/5/1
f 272/7/1 211/7/1 271/7/1
f 273/7/1 213/7/1 212/7/1
f 273/5/1 212/5/1 272/5/1
f 274/5/1 214/5/1 213/5/1
f 274/7/1 213/7/1 273/7/1
f 275/7/1 215/7/1 214/7/1
f 275/5/1 214/5/1 274/5/1
f 276/5/1 216/5/1 215/5/1
f 276/7/1 215/7/1 275/7/1
f 277/7/1 217/7/1 216/7/1
f 277/5/1 216/5/1 276/5/1
f 278/5/1 218/5/1 217/5/1
f 278/7/1 217/7/1 277/7/1
f 279/7/1 219/7/1 218/7/1
f 279/5/1 218/5/1 278/5/1
f 280/5/1 220/5/1 219/5/1
f 280/7/1 219/7/1 279/7/1
f 281/7/1 221/7/1 220/7/1
f 281/5/1 220/5/1 280/5/1
f 282/5/1 222/5/1 221/5/1
f 282/7/1 221/7/1 281/7/1
f 283/7/1 223/7/1 222/7/1
f 283/5/1 222/5/1 282/5/1
f 284/5/1 224/5/1 223/5/1
f 284/7/1 223/7/1 283/7/1
f 285/7/1 225/7/1 224/7/1
f 285/5/1 224/5/1 284/5/1
f 286/5/1 226/5/1 225/5/1
f 286/7/1 225/7/1 285/7/1
f 287/7/1 227/7/1 226/7/1
f 287/5/1 226/5/1 286/5/1
f 288/5/1 228/5/1 227/5/1
f 288/7/1 227/7/1 287/7/1
f 289/7/1 229/7/1 228/7/1
f 289/5/1 228/5/1 288/5/1
f 290/5/1 230/5/1 229/5/1
f 290/7/1 229/7/1 289/7/1
f 291/7/1 231/7/1 230/7/1
f 291/5/1 230/5/1 290/5/1
f 292/5/1 232/5/1 231/5/1
f 292/7/1 231/7/1 291/7/1
f 293/7/1 233/7/1 232/7/1
f 293/5/1 232/5/1 292/5/1
f 294/5/1 234/5/1 233/5/1
f 294/7/1 233/7/1 293/7/1
f 295/7/1 235/7/1 234/7/1
f 295/5/1 234/5/1 294/5/1
f 296/5/1 236/5/1 235/5/1
f 296/7/1 235/7/1 295/7/1
f 297/7/1 237/7/1 236/7/1
f 297/5/1 236/5/1 296/5/1
f 298/5/1 238/5/1 237/5/1
f 298/7/1 237/7/1 297/7/1
f 299/7/1 239/7/1 238/7/1
f 299/5/1 238/5/1 298/5/1
f 300/5/1 240/5/1 239/5/1
f 300/7/1 239/7/1 299/7/1
f 301/7/1 241/7/1 240/7/1
f 301/5/1 240/5/1 300/5/1
f 302/5/1 242/5/1 241/5/1
f 302/7/1 241/7/1 301/7/1
f 303/7/1 243/7/1 242/7/1
f 303/5/1 242/5/1 302/5/1
f 304/5/1 244/5/1 243/5/1
f 304/7/1 243/7/1 303/7/1
f 305/7/1 245/7/1 244/7/1
f 305/5/1 244/5/1 304/5/1
f 306/5/1 246/5/1 245/5/1
f 306/7/1 245/7/1 305/7/1
f 307/7/1 247/7/1 246/7/1
f 307/5/1 246/5/1 306/5/1
f 308/5/1 248/5/1 247/5/1
f 308/7/1 247/7/1 307/7/1
f 309/7/1 249/7/1 248/7/1
f 309/5/1 248/5/1 308/5/1
f 310/5/1 250/5/1 249/5/1
f 310/7/1 249/7/1 309/7/1
f 311/7/1 251/7/1 250/7/1
f 311/5/1 250/5/1 310/5/1
f 312/5/1 252/5/1 251/5/1
f 312/7/1 251/7/1 311/7/1
f 313/7/1 253/7/1 252/7/1
f 313/5/1 252/5/1 312/5/1
f 314/5/1 254/5/1 253/5/1
f 314/7/1 253/7/1 313/7/1
f 315/7/1 255/7/1 254/7/1
f 315/5/1 254/5/1 314/5/1
f 316/5/1 256/5/1 255/5/1
f 316/7/1 255/7/1 315/7/1
f 317/7/1 257/7/1 256/7/1
f 317/5/1 256/5/1 316/5/1
f 318/5/1 258/5/1 257/5/1
f 318/7/1 257/7/1 317/7/1
f 319/7/1 259/7/1 258/7/1
f 319/5/1 258/5/1 318/5/1
f 320/5/1 260/5/1 259/5/1
f 320/7/1 259/7/1 319/7/1
f 321/7/1 261/7/1 260/7/1
f 321/5/1 260/5/1 320/5/1
f 322/5/1 262/5/1 261/5/1
f 322/7/1 261/7/1 321/7/1
f 323/7/1 263/7/1 262/7/1
f 323/5/1 262/5/1 322/5/1
f 324/5/1 264/5/1 263/5/1
f 324/7/1 263/7/1 323/7/1
f 325/5/1 264/5/1 324/5/1
f 327/1/1 268/1/1 267/1/1
f 327/1/1 326/1/1 325/1/1
f 327/1/1 325/1/1 324/1/1
f 327/1/1 324/1/1 323/1/1
f 327/1/1 322/1/1 321/1/1
f 327/1/1 323/1/1 322/1/1
f 327/1/1 321/1/1 320/1/1
f 327/1/1 320/1/1 319/1/1
f 327/1/1 319/1/1 318/1/1
f 327/1/1 318/1/1 317/1/1
f 327/1/1 317/1/1 316/1/1
f 327/1/1 316/1/1 315/1/1
f 327/1/1 315/1/1 314/1/1
f 327/1/1 314/1/1 313/1/1
f 327/1/1 313/1/1 312/1/1
f 327/1/1 312/1/1 311/1/1
f 327/1/1 311/1/1 310/1/1
f 327/1/1 310/1/1 309/1/1
f 327/1/1 309/1/1 308/1/1
f 327/1/1 308/1/1 307/1/1
f 327/1/1 307/1/1 306/1/1
f 327/1/1 306/1/1 305/1/1
f 327/1/1 305/1/1 304/1/1
f 327/1/1 304/1/1 303/1/1
f 327/1/1 303/1/1 302/1/1
f 327/1/1 302/1/1 301/1/1
f 327/1/1 301/1/1 300/1/1
f 327/1/1 300/1/1 299/1/1
f 327/1/1 299/1/1 298/1/1
f 327/1/1 298/1/1 297/1/1
f 327/1/1 297/1/1 296/1/1
f 327/1/1 296/1/1 295/1/1
f 327/1/1 295/1/1 294/1/1
f 327/1/1 294/1/1 293/1/1
f 327/1/1 293/1/1 292/1/1
f 327/1/1 292/1/1 291/1/1
f 327/1/1 291/1/1 290/1/1
f 327/1/1 290/1/1 289/1/1
f 327/1/1 289/1/1 288/1/1
f 327/1/1 288/1/1 287/1/1
f 327/1/1 287/1/1 286/1/1
f 327/1/1 286/1/1 285/1/1
f 327/1/1 285/1/1 284/1/1
f 327/1/1 284/1/1 283/1/1
f 327/1/1 283/1/1 282/1/1
f 327/1/1 282/1/1 281/1/1
f 327/1/1 281/1/1 280/1/1
f 327/1/1 280/1/1 279/1/1
f 327/1/1 279/1/1 278/1/1
f 327/1/1 278/1/1 277/1/1
f 327/1/1 277/1/1 276/1/1
f 327/1/1 276/1/1 275/1/1
f 327/1/1 275/1/1 274/1/1
f 327/1/1 274/1/1 273/1/1
f 327/1/1 273/1/1 272/1/1
f 327/1/1 272/1/1 271/1/1
f 327/1/1 271/1/1 270/1/1
f 327/1/1 270/1/1 269/1/1
f 327/1/1 269/1/1 268/1/1
f 327/1/1 267/1/1 266/1/1
f 328/1/1 326/1/1 327/1/1
f 332/6/1 330/6/1 329/6/1
f 333/5/1 331/5/1 330/5/1
f 333/6/1 330/6/1 332/6/1
f 334/5/1 331/5/1 333/5/1
f 337/6/1 336/6/1 335/6/1
f 338/6/1 336/6/1 337/6/1
f 341/6/1 340/6/1 339/6/1
f 342/6/1 340/6/1 341/6/1
f 345/4/1 344/4/1 343/4/1
f 346/4/1 345/4/1 343/4/1
f 347/4/1 346/4/1 343/4/1
f 349/4/1 348/4/1 347/4/1
f 351/4/1 347/4/1 343/4/1
f 351/4/1 350/4/1 349/4/1
f 351/4/1 349/4/1 347/4/1
f 352/4/1 350/4/1 351/4/1
f 353/4/1 351/4/1 343/4/1
f 354/4/1 351/4/1 353/4/1
f 357/6/1 356/6/1 355/6/1
f 358/6/1 356/6/1 357/6/1
f 377/7/1 360/7/1 359/7/1
f 378/7/1 360/7/1 377/7/1
f 379/7/1 362/7/1 361/7/1
f 380/7/1 362/7/1 379/7/1
f 381/7/1 364/7/1 363/7/1
f 382/7/1 364/7/1 381/7/1
f 383/7/1 366/7/1 365/7/1
f 384/7/1 366/7/1 383/7/1
f 385/7/1 368/7/1 367/7/1
f 386/7/1 368/7/1 385/7/1
f 387/7/1 370/7/1 369/7/1
f 388/7/1 370/7/1 387/7/1
f 389/7/1 372/7/1 371/7/1
f 390/7/1 372/7/1 389/7/1
f 391/7/1 374/7/1 373/7/1
f 392/7/1 374/7/1 391/7/1
f 393/7/1 376/7/1 375/7/1
f 394/7/1 376/7/1 393/7/1
f 413/7/1 396/7/1 395/7/1
f 414/7/1 396/7/1 413/7/1
f 415/7/1 398/7/1 397/7/1
f 416/7/1 398/7/1 415/7/1
f 417/7/1 400/7/1 399/7/1
f 418/7/1 400/7/1 417/7/1
f 419/7/1 402/7/1 401/7/1
f 420/7/1 402/7/1 419/7/1
f 421/7/1 404/7/1 403/7/1
f 422/7/1 404/7/1 421/7/1
f 423/7/1 406/7/1 405/7/1
f 424/7/1 406/7/1 423/7/1
f 425/7/1 408/7/1 407/7/1
f 426/7/1 408/7/1 425/7/1
f 427/7/1 410/7/1 409/7/1
f 428/7/1 410/7/1 427/7/1
f 429/7/1 412/7/1 411/7/1
f 430/7/1 412/7/1 429/7/1
f 449/7/1 432/7/1 431/7/1
f 450/7/1 432/7/1 449/7/1
f 451/7/1 434/7/1 433/7/1
f 452/7/1 434/7/1 451/7/1
f 453/7/1 436/7/1 435/7/1
f 454/7/1 436/7/1 453/7/1
f 455/7/1 438/7/1 437/7/1
f 456/7/1 438/7/1 455/7/1
f 457/7/1 440/7/1 439/7/1
f 458/7/1 440/7/1 457/7/1
f 459/7/1 442/7/1 441/7/1
f 460/7/1 442/7/1 459/7/1
f 461/7/1 444/7/1 443/7/1
f 462/7/1 444/7/1 461/7/1
f 463/7/1 446/7/1 445/7/1
f 464/7/1 446/7/1 463/7/1
f 465/7/1 448/7/1 447/7/1
f 466/7/1 448/7/1 465/7/1
f 485/7/1 468/7/1 467/7/1
f 486/7/1 468/7/1 485/7/1
f 487/7/1 470/7/1 469/7/1
f 488/7/1 470/7/1 487/7/1
f 489/7/1 472/7/1 471/7/1
f 490/7/1 472/7/1 489/7/1
f 491/7/1 474/7/1 473/7/1
f 492/7/1 474/7/1 491/7/1
f 493/7/1 476/7/1 475/7/1
f 494/7/1 476/7/1 493/7/1
f 495/7/1 478/7/1 477/7/1
f 496/7/1 478/7/1 495/7/1
f 497/7/1 480/7/1 479/7/1
f 498/7/1 480/7/1 497/7/1
f 499/7/1 482/7/1 481/7/1
f 500/7/1 482/7/1 499/7/1
f 501/7/1 484/7/1 483/7/1
f 502/7/1 484/7/1 501/7/1
f 556/5/1 504/5/1 503/5/1
f 557/7/1 505/7/1 504/7/1
f 557/5/1 504/5/1 556/5/1
f 558/5/1 506/5/1 505/5/1
f 558/7/1 505/7/1 557/7/1
f 559/7/1 507/7/1 506/7/1
f 559/5/1 506/5/1 558/5/1
f 560/5/1 508/5/1 507/5/1
f 560/7/1 507/7/1 559/7/1
f 561/7/1 509/7/1 508/7/1
f 561/5/1 508/5/1 560/5/1
f 562/5/1 510/5/1 509/5/1
f 562/7/1 509/7/1 561/7/1
f 563/7/1 511/7/1 510/7/1
f 563/5/1 510/5/1 562/5/1
f 564/5/1 512/5/1 511/5/1
f 564/7/1 511/7/1 563/7/1
f 565/7/1 513/7/1 512/7/1
f 565/5/1 512/5/1 564/5/1
f 566/5/1 514/5/1 513/5/1
f 566/7/1 513/7/1 565/7/1
f 567/7/1 515/7/1 514/7/1
f 567/5/1 514/5/1 566/5/1
f 568/5/1 516/5/1 515/5/1
f 568/7/1 515/7/1 567/7/1
f 569/7/1 517/7/1 516/7/1
f 569/5/1 516/5/1 568/5/1
f 570/5/1 518/5/1 517/5/1
f 570/7/1 517/7/1 569/7/1
f 571/7/1 519/7/1 518/7/1
f 571/5/1 518/5/1 570/5/1
f 572/5/1 520/5/1 519/5/1
f 572/7/1 519/7/1 571/7/1
f 573/7/1 521/7/1 520/7/1
f 573/5/1 520/5/1 572/5/1
f 574/5/1 522/5/1 521/5/1
f 574/7/1 521/7/1 573/7/1
f 575/7/1 523/7/1 522/7/1
f 575/5/1 522/5/1 574/5/1
f 576/5/1 524/5/1 523/5/1
f 576/7/1 523/7/1 575/7/1
f 577/7/1 525/7/1 524/7/1
f 577/5/1 524/5/1 576/5/1
f 578/5/1 526/5/1 525/5/1
f 578/7/1 525/7/1 577/7/1
f 579/7/1 527/7/1 526/7/1
f 579/5/1 526/5/1 578/5/1
f 580/5/1 528/5/1 527/5/1
f 580/7/1 527/7/1 579/7/1
f 581/7/1 529/7/1 528/7/1
f 581/5/1 528/5/1 580/5/1
f 582/5/1 530/5/1 529/5/1
f 582/7/1 529/7/1 581/7/1
f 583/7/1 531/7/1 530/7/1
f 583/5/1 530/5/1 582/5/1
f 584/5/1 532/5/1 531/5/1
f 584/7/1 531/7/1 583/7/1
f 585/7/1 533/7/1 532/7/1
f 585/5/1 532/5/1 584/5/1
f 586/5/1 534/5/1 533/5/1
f 586/7/1 533/7/1 585/7/1
f 587/7/1 535/7/1 534/7/1
f 587/5/1 534/5/1 586/5/1
f 588/5/1 536/5/1 535/5/1
f 588/7/1 535/7/1 587/7/1
f 589/7/1 537/7/1 536/7/1
f 589/5/1 536/5/1 588/5/1
f 590/5/1 538/5/1 537/5/1
f 590/7/1 537/7/1 589/7/1
f 591/7/1 539/7/1 538/7/1
f 591/5/1 538/5/1 590/5/1
f 592/5/1 540/5/1 539/5/1
f 592/7/1 539/7/1 591/7/1
f 593/7/1 541/7/1 540/7/1
f 593/5/1 540/5/1 592/5/1
f 594/5/1 542/5/1 541/5/1
f 594/7/1 541/7/1 593/7/1
f 595/7/1 543/7/1 542/7/1
f 595/5/1 542/5/1 594/5/1
f 596/5/1 544/5/1 543/5/1
f 596/7/1 543/7/1 595/7/1
f 597/7/1 545/7/1 544/7/1
f 597/5/1 544/5/1 596/5/1
f 598/5/1 546/5/1 545/5/1
f 598/7/1 545/7/1 597/7/1
f 599/7/1 547/7/1 546/7/1
f 599/5/1 546/5/1 598/5/1
f 600/5/1 548/5/1 547/5/1
f 600/7/1 547/7/1 599/7/1
f 601/7/1 549/7/1 548/7/1
f 601/5/1 548/5/1 600/5/1
f 602/5/1 550/5/1 549/5/1
f 602/7/1 549/7/1 601/7/1
f 603/7/1 551/7/1 550/7/1
f 603/5/1 550/5/1 602/5/1
f 604/5/1 552/5/1 551/5/1
f 604/7/1 551/7/1 603/7/1
f 605/7/1 553/7/1 552/7/1
f 605/5/1 552/5/1 604/5/1
f 606/5/1 554/5/1 553/5/1
f 606/7/1 553/7/1 605/7/1
f 607/5/1 554/5/1 606/5/1
f 610/7/1 605/7/1 604/7/1
f 610/7/1 608/7/1 607/7/1
f 610/7/1 607/7/1 606/7/1
f 610/7/1 606/7/1 605/7/1
f 610/7/1 556/7/1 555/7/1
f 610/7/1 604/7/1 603/7/1
f 610/7/1 603/7/1 602/7/1
f 610/7/1 602/7/1 601/7/1
f 610/7/1 601/7/1 600/7/1
f 610/7/1 600/7/1 599/7/1
f 610/7/1 599/7/1 598/7/1
f 610/7/1 598/7/1 597/7/1
f 610/7/1 597/7/1 596/7/1
f 610/7/1 596/7/1 595/7/1
f 610/7/1 595/7/1 594/7/1
f 610/7/1 594/7/1 593/7/1
f 610/7/1 593/7/1 592/7/1
f 610/7/1 592/7/1 591/7/1
f 610/7/1 591/7/1 590/7/1
f 610/7/1 590/7/1 589/7/1
f 610/7/1 589/7/1 588/7/1
f 610/7/1 588/7/1 587/7/1
f 610/7/1 587/7/1 586/7/1
f 610/7/1 586/7/1 585/7/1
f 610/7/1 585/7/1 584/7/1
f 610/7/1 584/7/1 583/7/1
f 610/7/1 583/7/1 582/7/1
f 610/7/1 582/7/1 581/7/1
f 610/7/1 581/7/1 580/7/1
f 610/7/1 580/7/1 579/7/1
f 610/7/1 579/7/1 578/7/1
f 610/7/1 578/7/1 577/7/1
f 610/7/1 577/7/1 576/7/1
f 610/7/1 576/7/1 575/7/1
f 610/7/1 575/7/1 574/7/1
f 610/7/1 574/7/1 573/7/1
f 610/7/1 573/7/1 572/7/1
f 610/7/1 572/7/1 571/7/1
f 610/7/1 571/7/1 570/7/1
f 610/7/1 570/7/1 569/7/1
f 610/7/1 569/7/1 568/7/1
f 610/7/1 568/7/1 567/7/1
f 610/7/1 567/7/1 566/7/1
f 610/7/1 566/7/1 565/7/1
f 610/7/1 565/7/1 564/7/1
f 610/7/1 564/7/1 563/7/1
f 610/7/1 563/7/1 562/7/1
f 610/7/1 562/7/1 561/7/1
f 610/7/1 561/7/1 560/7/1
f 610/7/1 560/7/1 559/7/1
f 610/7/1 559/7/1 558/7/1
f 610/7/1 558/7/1 557/7/1
f 610/7/1 557/7/1 556/7/1
f 611/7/1 608/7/1 610/7/1
f 613/5/1 610/5/1 609/5/1
f 614/7/1 611/7/1 610/7/1
f 614/5/1 610/5/1 613/5/1
f 615/5/1 612/5/1 611/5/1
f 615/7/1 611/7/1 614/7/1
f 616/5/1 612/5/1 615/5/1
f 621/7/1 618/7/1 617/7/1
f 622/5/1 619/5/1 618/5/1
f 622/7/1 618/7/1 621/7/1
f 623/5/1 619/5/1 622/5/1
f 625/7/1 621/7/1 620/7/1
f 625/7/1 622/7/1 621/7/1
f 625/7/1 623/7/1 622/7/1
f 626/7/1 623/7/1 625/7/1
f 627/7/1 623/7/1 626/7/1
f 629/7/1 625/7/1 624/7/1
f 629/7/1 626/7/1 625/7/1
f 630/7/1 626/7/1 629/7/1
f 631/7/1 626/7/1 630/7/1
f 632/5/1 627/5/1 626/5/1
f 632/7/1 626/7/1 631/7/1
f 633/5/1 627/5/1 632/5/1
f 635/7/1 629/7/1 628/7/1
f 636/5/1 630/5/1 629/5/1
f 636/7/1 629/7/1 635/7/1
f 637/7/1 631/7/1 630/7/1
f 637/5/1 630/5/1 636/5/1
f 638/5/1 632/5/1 631/5/1
f 638/7/1 631/7/1 637/7/1
f 639/5/1 632/5/1 638/5/1
f 644/1/1 636/1/1 635/1/1
f 644/1/1 635/1/1 634/1/1
f 644/1/1 637/1/1 636/1/1
f 644/1/1 640/1/1 639/1/1
f 644/1/1 639/1/1 638/1/1
f 644/1/1 638/1/1 637/1/1
f 645/1/1 640/1/1 644/1/1
f 646/6/1 642/6/1 641/6/1
f 647/5/1 643/5/1 642/5/1
f 647/6/1 642/6/1 646/6/1
f 648/5/1 643/5/1 647/5/1
f 651/6/1 650/6/1 649/6/1
f 652/6/1 650/6/1 651/6/1
f 655/6/1 654/6/1 653/6/1
f 656/6/1 654/6/1 655/6/1
f 657/6/2 658/6/2 659/6/2
f 659/6/2 658/6/2 660/6/2
f 661/6/2 662/6/2 663/6/2
f 663/6/2 662/6/2 664/6/2
f 665/5/2 666/5/2 718/5/2
f 666/7/2 667/7/2 719/7/2
f 718/5/2 666/5/2 719/5/2
f 667/5/2 668/5/2 720/5/2
f 719/7/2 667/7/2 720/7/2
f 668/7/2 669/7/2 721/7/2
f 720/5/2 668/5/2 721/5/2
f 669/5/2 670/5/2 722/5/2
f 721/7/2 669/7/2 722/7/2
f 670/7/2 671/7/2 723/7/2
f 722/5/2 670/5/2 723/5/2
f 671/5/2 672/5/2 724/5/2
f 723/7/2 671/7/2 724/7/2
f 672/7/2 673/7/2 725/7/2
f 724/5/2 672/5/2 725/5/2
f 673/5/2 674/5/2 726/5/2
f 725/7/2 673/7/2 726/7/2
f 674/7/2 675/7/2 727/7/2
f 726/5/2 674/5/2 727/5/2
f 675/5/2 676/5/2 728/5/2
f 727/7/2 675/7/2 728/7/2
f 676/7/2 677/7/2 729/7/2
f 728/5/2 676/5/2 729/5/2
f 677/5/2 678/5/2 730/5/2
f 729/7/2 677/7/2 730/7/2
f 678/7/2 679/7/2 731/7/2
f 730/5/2 678/5/2 731/5/2
f 679/5/2 680/5/2 732/5/2
f 731/7/2 679/7/2 732/7/2
f 680/7/2 681/7/2 733/7/2
f 732/5/2 680/5/2 733/5/2
f 681/5/2 682/5/2 734/5/2
f 733/7/2 681/7/2 734/7/2
f 682/7/2 683/7/2 735/7/2
f 734/5/2 682/5/2 735/5/2
f 683/5/2 684/5/2 736/5/2
f 735/7/2 683/7/2 736/7/2
f 684/7/2 685/7/2 737/7/2
f 736/5/2 684/5/2 737/5/2
f 685/5/2 686/5/2 738/5/2
f 737/7/2 685/7/2 738/7/2
f 686/7/2 687/7/2 739/7/2
f 738/5/2 686/5/2 739/5/2
f 687/5/2 688/5/2 740/5/2
f 739/7/2 687/7/2 740/7/2
f 688/7/2 689/7/2 741/7/2
f 740/5/2 688/5/2 741/5/2
f 689/5/2 690/5/2 742/5/2
f 741/7/2 689/7/2 742/7/2
f 690/7/2 691/7/2 743/7/2
f 742/5/2 690/5/2 743/5/2
f 691/5/2 692/5/2 744/5/2
f 743/7/2 691/7/2 744/7/2
f 692/7/2 693/7/2 745/7/2
f 744/5/2 692/5/2 745/5/2
f 693/5/2 694/5/2 746/5/2
f 745/7/2 693/7/2 746/7/2
f 694/7/2 695/7/2 747/7/2
f 746/5/2 694/5/2 747/5/2
f 695/5/2 696/5/2 748/5/2
f 747/7/2 695/7/2 748/7/2
f 696/7/2 697/7/2 749/7/2
f 748/5/2 696/5/2 749/5/2
f 697/5/2 698/5/2 750/5/2
f 749/7/2 697/7/2 750/7/2
f 698/7/2 699/7/2 751/7/2
f 750/5/2 698/5/2 751/5/2
f 699/5/2 700/5/2 752/5/2
f 751/7/2 699/7/2 752/7/2
f 700/7/2 701/7/2 753/7/2
f 752/5/2 700/5/2 753/5/2
f 701/5/2 702/5/2 754/5/2
f 753/7/2 701/7/2 754/7/2
f 702/7/2 703/7/2 755/7/2
f 754/5/2 702/5/2 755/5/2
f 703/5/2 704/5/2 756/5/2
f 755/7/2 703/7/2 756/7/2
f 704/7/2 705/7/2 757/7/2
f 756/5/2 704/5/2 757/5/2
f 705/5/2 706/5/2 758/5/2
f 757/7/2 705/7/2 758/7/2
f 706/7/2 707/7/2 759/7/2
f 758/5/2 706/5/2 759/5/2
f 707/5/2 708/5/2 760/5/2
f 759/7/2 707/7/2 760/7/2
f 708/7/2 709/7/2 761/7/2
f 760/5/2 708/5/2 761/5/2
f 709/5/2 710/5/2 762/5/2
f 761/7/2 709/7/2 762/7/2
f 710/7/2 711/7/2 763/7/2
f 762/5/2 710/5/2 763/5/2
f 711/5/2 712/5/2 764/5/2
f 763/7/2 711/7/2 764/7/2
f 712/7/2 713/7/2 765/7/2
f 764/5/2 712/5/2 765/5/2
f 713/5/2 714/5/2 766/5/2
f 765/7/2 713/7/2 766/7/2
f 714/7/2 715/7/2 767/7/2
f 766/5/2 714/5/2 767/5/2
f 715/5/2 716/5/2 768/5/2
f 767/7/2 715/7/2 768/7/2
f 768/5/2 716/5/2 769/5/2
f 766/7/2 767/7/2 772/7/2
f 769/7/2 770/7/2 772/7/2
f 768/7/2 769/7/2 772/7/2
f 767/7/2 768/7/2 772/7/2
f 717/7/2 718/7/2 772/7/2
f 765/7/2 766/7/2 772/7/2
f 764/7/2 765/7/2 772/7/2
f 763/7/2 764/7/2 772/7/2
f 762/7/2 763/7/2 772/7/2
f 761/7/2 762/7/2 772/7/2
f 760/7/2 761/7/2 772/7/2
f 759/7/2 760/7/2 772/7/2
f 758/7/2 759/7/2 772/7/2
f 757/7/2 758/7/2 772/7/2
f 756/7/2 757/7/2 772/7/2
f 755/7/2 756/7/2 772/7/2
f 754/7/2 755/7/2 772/7/2
f 753/7/2 754/7/2 772/7/2
f 752/7/2 753/7/2 772/7/2
f 751/7/2 752/7/2 772/7/2
f 750/7/2 751/7/2 772/7/2
f 749/7/2 750/7/2 772/7/2
f 748/7/2 749/7/2 772/7/2
f 747/7/2 748/7/2 772/7/2
f 746/7/2 747/7/2 772/7/2
f 745/7/2 746/7/2 772/7/2
f 744/7/2 745/7/2 772/7/2
f 743/7/2 744/7/2 772/7/2
f 742/7/2 743/7/2 772/7/2
f 741/7/2 742/7/2 772/7/2
f 740/7/2 741/7/2 772/7/2
f 739/7/2 740/7/2 772/7/2
f 738/7/2 739/7/2 772/7/2
f 737/7/2 738/7/2 772/7/2
f 736/7/2 737/7/2 772/7/2
f 735/7/2 736/7/2 772/7/2
f 734/7/2 735/7/2 772/7/2
f 733/7/2 734/7/2 772/7/2
f 732/7/2 733/7/2 772/7/2
f 731/7/2 732/7/2 772/7/2
f 730/7/2 731/7/2 772/7/2
f 729/7/2 730/7/2 772/7/2
f 728/7/2 729/7/2 772/7/2
f 727/7/2 728/7/2 772/7/2
f 726/7/2 727/7/2 772/7/2
f 725/7/2 726/7/2 772/7/2
f 724/7/2 725/7/2 772/7/2
f 723/7/2 724/7/2 772/7/2
f 722/7/2 723/7/2 772/7/2
f 721/7/2 722/7/2 772/7/2
f 720/7/2 721/7/2 772/7/2
f 719/7/2 720/7/2 772/7/2
f 718/7/2 719/7/2 772/7/2
f 772/7/2 770/7/2 773/7/2
f 771/5/2 772/5/2 775/5/2
f 772/7/2 773/7/2 776/7/2
f 775/5/2 772/5/2 776/5/2
f 773/5/2 774/5/2 777/5/2
f 776/7/2 773/7/2 777/7/2
f 777/5/2 774/5/2 778/5/2
f 779/7/2 780/7/2 783/7/2
f 780/5/2 781/5/2 784/5/2
f 783/7/2 780/7/2 784/7/2
f 784/5/2 781/5/2 785/5/2
f 782/7/2 783/7/2 787/7/2
f 783/7/2 784/7/2 787/7/2
f 784/7/2 785/7/2 787/7/2
f 787/7/2 785/7/2 788/7/2
f 788/7/2 785/7/2 789/7/2
f 786/7/2 787/7/2 791/7/2
f 787/7/2 788/7/2 791/7/2
f 791/7/2 788/7/2 792/7/2
f 792/7/2 788/7/2 793/7/2
f 788/5/2 789/5/2 794/5/2
f 793/7/2 788/7/2 794/7/2
f 794/5/2 789/5/2 795/5/2
f 790/7/2 791/7/2 797/7/2
f 791/5/2 792/5/2 798/5/2
f 797/7/2 791/7/2 798/7/2
f 792/7/2 793/7/2 799/7/2
f 798/5/2 792/5/2 799/5/2
f 793/5/2 794/5/2 800/5/2
f 799/7/2 793/7/2 800/7/2
f 800/5/2 794/5/2 801/5/2
f 797/1/2 798/1/2 806/1/2
f 796/1/2 797/1/2 806/1/2
f 798/1/2 799/1/2 806/1/2
f 801/1/2 802/1/2 806/1/2
f 800/1/2 801/1/2 806/1/2
f 799/1/2 800/1/2 806/1/2
f 806/1/2 802/1/2 807/1/2
f 803/6/2 804/6/2 808/6/2
f 804/5/2 805/5/2 809/5/2
f 808/6/2 804/6/2 809/6/2
f 809/5/2 805/5/2 810/5/2
f 811/7/2 812/7/2 829/7/2
f 829/7/2 812/7/2 830/7/2
f 813/7/2 814/7/2 831/7/2
f 831/7/2 814/7/2 832/7/2
f 815/7/2 816/7/2 833/7/2
f 833/7/2 816/7/2 834/7/2
f 817/7/2 818/7/2 835/7/2
f 835/7/2 818/7/2 836/7/2
f 819/7/2 820/7/2 837/7/2
f 837/7/2 820/7/2 838/7/2
f 821/7/2 822/7/2 839/7/2
f 839/7/2 822/7/2 840/7/2
f 823/7/2 824/7/2 841/7/2
f 841/7/2 824/7/2 842/7/2
f 825/7/2 826/7/2 843/7/2
f 843/7/2 826/7/2 844/7/2
f 827/7/2 828/7/2 845/7/2
f 845/7/2 828/7/2 846/7/2
f 847/7/2 848/7/2 865/7/2
f 865/7/2 848/7/2 866/7/2
f 849/7/2 850/7/2 867/7/2
f 867/7/2 850/7/2 868/7/2
f 851/7/2 852/7/2 869/7/2
f 869/7/2 852/7/2 870/7/2
f 853/7/2 854/7/2 871/7/2
f 871/7/2 854/7/2 872/7/2
f 855/7/2 856/7/2 873/7/2
f 873/7/2 856/7/2 874/7/2
f 857/7/2 858/7/2 875/7/2
f 875/7/2 858/7/2 876/7/2
f 859/7/2 860/7/2 877/7/2
f 877/7/2 860/7/2 878/7/2
f 861/7/2 862/7/2 879/7/2
f 879/7/2 862/7/2 880/7/2
f 863/7/2 864/7/2 881/7/2
f 881/7/2 864/7/2 882/7/2
f 883/7/2 884/7/2 901/7/2
f 901/7/2 884/7/2 902/7/2
f 885/7/2 886/7/2 903/7/2
f 903/7/2 886/7/2 904/7/2
f 887/7/2 888/7/2 905/7/2
f 905/7/2 888/7/2 906/7/2
f 889/7/2 890/7/2 907/7/2
f 907/7/2 890/7/2 908/7/2
f 891/7/2 892/7/2 909/7/2
f 909/7/2 892/7/2 910/7/2
f 893/7/2 894/7/2 911/7/2
f 911/7/2 894/7/2 912/7/2
f 895/7/2 896/7/2 913/7/2
f 913/7/2 896/7/2 914/7/2
f 897/7/2 898/7/2 915/7/2
f 915/7/2 898/7/2 916/7/2
f 899/7/2 900/7/2 917/7/2
f 917/7/2 900/7/2 918/7/2
f 919/7/2 920/7/2 937/7/2
f 937/7/2 920/7/2 938/7/2
f 921/7/2 922/7/2 939/7/2
f 939/7/2 922/7/2 940/7/2
f 923/7/2 924/7/2 941/7/2
f 941/7/2 924/7/2 942/7/2
f 925/7/2 926/7/2 943/7/2
f 943/7/2 926/7/2 944/7/2
f 927/7/2 928/7/2 945/7/2
f 945/7/2 928/7/2 946/7/2
f 929/7/2 930/7/2 947/7/2
f 947/7/2 930/7/2 948/7/2
f 931/7/2 932/7/2 949/7/2
f 949/7/2 932/7/2 950/7/2
f 933/7/2 934/7/2 951/7/2
f 951/7/2 934/7/2 952/7/2
f 935/7/2 936/7/2 953/7/2
f 953/7/2 936/7/2 954/7/2
f 955/4/2 956/4/2 957/4/2
f 955/4/2 957/4/2 958/4/2
f 955/4/2 958/4/2 959/4/2
f 959/4/2 960/4/2 961/4/2
f 955/4/2 959/4/2 963/4/2
f 961/4/2 962/4/2 963/4/2
f 959/4/2 961/4/2 963/4/2
f 963/4/2 962/4/2 964/4/2
f 955/4/2 963/4/2 965/4/2
f 965/4/2 963/4/2 966/4/2
f 967/6/2 968/6/2 969/6/2
f 969/6/2 968/6/2 970/6/2
f 971/6/2 972/6/2 973/6/2
f 973/6/2 972/6/2 974/6/2
f 975/6/2 976/6/2 977/6/2
f 977/6/2 976/6/2 978/6/2
f 979/6/2 980/6/2 982/6/2
f 980/5/2 981/5/2 983/5/2
f 982/6/2 980/6/2 983/6/2
f 983/5/2 981/5/2 984/5/2
f 985/5/2 986/5/2 1038/5/2
f 986/7/2 987/7/2 1039/7/2
f 1038/5/2 986/5/2 1039/5/2
f 987/5/2 988/5/2 1040/5/2
f 1039/7/2 987/7/2 1040/7/2
f 988/7/2 989/7/2 1041/7/2
f 1040/5/2 988/5/2 1041/5/2
f 989/5/2 990/5/2 1042/5/2
f 1041/7/2 989/7/2 1042/7/2
f 990/7/2 991/7/2 1043/7/2
f 1042/5/2 990/5/2 1043/5/2
f 991/5/2 992/5/2 1044/5/2
f 1043/7/2 991/7/2 1044/7/2
f 992/7/2 993/7/2 1045/7/2
f 1044/5/2 992/5/2 1045/5/2
f 993/5/2 994/5/2 1046/5/2
f 1045/7/2 993/7/2 1046/7/2
f 994/7/2 995/7/2 1047/7/2
f 1046/5/2 994/5/2 1047/5/2
f 995/5/2 996/5/2 1048/5/2
f 1047/7/2 995/7/2 1048/7/2
f 996/7/2 997/7/2 1049/7/2
f 1048/5/2 996/5/2 1049/5/2
f 997/5/2 998/5/2 1050/5/2
f 1049/7/2 997/7/2 1050/7/2
f 998/7/2 999/7/2 1051/7/2
f 1050/5/2 998/5/2 1051/5/2
f 999/5/2 1000/5/2 1052/5/2
f 1051/7/2 999/7/2 1052/7/2
f 1000/7/2 1001/7/2 1053/7/2
f 1052/5/2 1000/5/2 1053/5/2
f 1001/5/2 1002/5/2 1054/5/2
f 1053/7/2 1001/7/2 1054/7/2
f 1002/7/2 1003/7/2 1055/7/2
f 1054/5/2 1002/5/2 1055/5/2
f 1003/5/2 1004/5/2 1056/5/2
f 1055/7/2 1003/7/2 1056/7/2
f 1004/7/2 1005/7/2 1057/7/2
f 1056/5/2 1004/5/2 1057/5/2
f 1005/5/2 1006/5/2 1058/5/2
f 1057/7/2 1005/7/2 1058/7/2
f 1006/7/2 1007/7/2 1059/7/2
f 1058/5/2 1006/5/2 1059/5/2
f 1007/5/2 1008/5/2 1060/5/2
f 1059/7/2 1007/7/2 1060/7/2
f 1008/7/2 1009/7/2 1061/7/2
f 1060/5/2 1008/5/2 1061/5/2
f 1009/5/2 1010/5/2 1062/5/2
f 1061/7/2 1009/7/2 1062/7/2
f 1010/7/2 1011/7/2 1063/7/2
f 1062/5/2 1010/5/2 1063/5/2
f 1011/5/2 1012/5/2 1064/5/2
f 1063/7/2 1011/7/2 1064/7/2
f 1012/7/2 1013/7/2 1065/7/2
f 1064/5/2 1012/5/2 1065/5/2
f 1013/5/2 1014/5/2 1066/5/2
f 1065/7/2 1013/7/2 1066/7/2
f 1014/7/2 1015/7/2 1067/7/2
f 1066/5/2 1014/5/2 1067/5/2
f 1015/5/2 1016/5/2 1068/5/2
f 1067/7/2 1015/7/2 1068/7/2
f 1016/7/2 1017/7/2 1069/7/2
f 1068/5/2 1016/5/2 1069/5/2
f 1017/5/2 1018/5/2 1070/5/2
f 1069/7/2 1017/7/2 1070/7/2
f 1018/7/2 1019/7/2 1071/7/2
f 1070/5/2 1018/5/2 1071/5/2
f 1019/5/2 1020/5/2 1072/5/2
f 1071/7/2 1019/7/2 1072/7/2
f 1020/7/2 1021/7/2 1073/7/2
f 1072/5/2 1020/5/2 1073/5/2
f 1021/5/2 1022/5/2 1074/5/2
f 1073/7/2 1021/7/2 1074/7/2
f 1022/7/2 1023/7/2 1075/7/2
f 1074/5/2 1022/5/2 1075/5/2
f 1023/5/2 1024/5/2 1076/5/2
f 1075/7/2 1023/7/2 1076/7/2
f 1024/7/2 1025/7/2 1077/7/2
f 1076/5/2 1024/5/2 1077/5/2
f 1025/5/2 1026/5/2 1078/5/2
f 1077/7/2 1025/7/2 1078/7/2
f 1026/7/2 1027/7/2 1079/7/2
f 1078/5/2 1026/5/2 1079/5/2
f 1027/5/2 1028/5/2 1080/5/2
f 1079/7/2 1027/7/2 1080/7/2
f 1028/7/2 1029/7/2 1081/7/2
f 1080/5/2 1028/5/2 1081/5/2
f 1029/5/2 1030/5/2 1082/5/2
f 1081/7/2 1029/7/2 1082/7/2
f 1030/7/2 1031/7/2 1083/7/2
f 1082/5/2 1030/5/2 1083/5/2
f 1031/5/2 1032/5/2 1084/5/2
f 1083/7/2 1031/7/2 1084/7/2
f 1032/7/2 1033/7/2 1085/7/2
f 1084/5/2 1032/5/2 1085/5/2
f 1033/5/2 1034/5/2 1086/5/2
f 1085/7/2 1033/7/2 1086/7/2
f 1034/7/2 1035/7/2 1087/7/2
f 1086/5/2 1034/5/2 1087/5/2
f 1035/5/2 1036/5/2 1088/5/2
f 1087/7/2 1035/7/2 1088/7/2
f 1088/5/2 1036/5/2 1089/5/2
f 1037/7/2 1038/7/2 1092/7/2
f 1038/7/2 1039/7/2 1092/7/2
f 1092/7/2 1039/7/2 1093/7/2
f 1089/7/2 1090/7/2 1095/7/2
f 1095/7/2 1090/7/2 1096/7/2
f 1091/5/2 1092/5/2 1099/5/2
f 1093/7/2 1094/7/2 1100/7/2
f 1092/7/2 1093/7/2 1100/7/2
f 1099/5/2 1092/5/2 1100/5/2
f 1100/7/2 1094/7/2 1101/7/2
f 1096/5/2 1097/5/2 1103/5/2
f 1103/5/2 1097/5/2 1104/5/2
f 1098/7/2 1099/7/2 1107/7/2
f 1099/4/2 1100/4/2 1108/4/2
f 1100/4/2 1101/4/2 1108/4/2
f 1107/7/2 1099/7/2 1108/7/2
f 1108/4/2 1101/4/2 1109/4/2
f 1109/4/2 1101/4/2 1110/4/2
f 1101/7/2 1102/7/2 1111/7/2
f 1110/4/2 1101/4/2 1111/4/2
f 1111/7/2 1102/7/2 1112/7/2
f 1104/7/2 1105/7/2 1113/7/2
f 1113/7/2 1105/7/2 1114/7/2
f 1106/5/2 1107/5/2 1116/5/2
f 1107/4/2 1108/4/2 1117/4/2
f 1116/5/2 1107/5/2 1117/5/2
f 1108/4/2 1109/4/2 1117/4/2
f 1117/4/2 1109/4/2 1118/4/2
f 1109/8/2 1110/8/2 1119/8/2
f 1118/4/2 1109/4/2 1119/4/2
f 1111/4/2 1112/4/2 1120/4/2
f 1119/8/2 1110/8/2 1120/8/2
f 1110/4/2 1111/4/2 1120/4/2
f 1120/4/2 1112/4/2 1121/4/2
f 1114/5/2 1115/5/2 1122/5/2
f 1122/5/2 1115/5/2 1123/5/2
f 1116/7/2 1117/7/2 1125/7/2
f 1117/4/2 1118/4/2 1126/4/2
f 1125/7/2 1117/7/2 1126/7/2
f 1123/7/2 1124/7/2 1127/7/2
f 1127/7/2 1124/7/2 1128/7/2
f 1125/5/2 1126/5/2 1130/5/2
f 1126/4/2 1118/4/2 1131/4/2
f 1130/5/2 1126/5/2 1131/5/2
f 1118/8/2 1119/8/2 1132/8/2
f 1131/4/2 1118/4/2 1132/4/2
f 1119/8/2 1120/8/2 1132/8/2
f 1120/8/2 1121/8/2 1132/8/2
f 1132/8/2 1121/8/2 1133/8/2
f 1133/8/2 1121/8/2 1134/8/2
f 1121/4/2 1112/4/2 1135/4/2
f 1134/8/2 1121/8/2 1135/8/2
f 1128/5/2 1129/5/2 1136/5/2
f 1136/5/2 1129/5/2 1137/5/2
f 1130/7/2 1131/7/2 1138/7/2
f 1131/4/2 1132/4/2 1139/4/2
f 1138/7/2 1131/7/2 1139/7/2
f 1132/4/2 1133/4/2 1139/4/2
f 1139/4/2 1133/4/2 1140/4/2
f 1133/8/2 1134/8/2 1141/8/2
f 1140/4/2 1133/4/2 1141/4/2
f 1134/4/2 1135/4/2 1142/4/2
f 1141/8/2 1134/8/2 1142/8/2
f 1135/4/2 1112/4/2 1143/4/2
f 1142/4/2 1135/4/2 1143/4/2
f 1143/4/2 1112/4/2 1144/4/2
f 1136/7/2 1137/7/2 1145/7/2
f 1145/7/2 1137/7/2 1146/7/2
f 1139/5/2 1140/5/2 1147/5/2
f 1141/4/2 1142/4/2 1148/4/2
f 1147/5/2 1140/5/2 1148/5/2
f 1140/4/2 1141/4/2 1148/4/2
f 1142/4/2 1143/4/2 1148/4/2
f 1148/4/2 1143/4/2 1149/4/2
f 1149/4/2 1143/4/2 1150/4/2
f 1150/4/2 1143/4/2 1151/4/2
f 1143/7/2 1144/7/2 1152/7/2
f 1151/4/2 1143/4/2 1152/4/2
f 1152/7/2 1144/7/2 1153/7/2
f 1145/5/2 1146/5/2 1206/5/2
f 1206/5/2 1146/5/2 1207/5/2
f 1148/7/2 1149/7/2 1209/7/2
f 1149/5/2 1150/5/2 1210/5/2
f 1209/7/2 1149/7/2 1210/7/2
f 1150/7/2 1151/7/2 1211/7/2
f 1210/5/2 1150/5/2 1211/5/2
f 1151/5/2 1152/5/2 1212/5/2
f 1211/7/2 1151/7/2 1212/7/2
f 1152/7/2 1153/7/2 1213/7/2
f 1212/5/2 1152/5/2 1213/5/2
f 1153/5/2 1154/5/2 1214/5/2
f 1213/7/2 1153/7/2 1214/7/2
f 1154/7/2 1155/7/2 1215/7/2
f 1214/5/2 1154/5/2 1215/5/2
f 1155/5/2 1156/5/2 1216/5/2
f 1215/7/2 1155/7/2 1216/7/2
f 1156/7/2 1157/7/2 1217/7/2
f 1216/5/2 1156/5/2 1217/5/2
f 1157/5/2 1158/5/2 1218/5/2
f 1217/7/2 1157/7/2 1218/7/2
f 1158/7/2 1159/7/2 1219/7/2
f 1218/5/2 1158/5/2 1219/5/2
f 1159/5/2 1160/5/2 1220/5/2
f 1219/7/2 1159/7/2 1220/7/2
f 1160/7/2 1161/7/2 1221/7/2
f 1220/5/2 1160/5/2 1221/5/2
f 1161/5/2 1162/5/2 1222/5/2
f 1221/7/2 1161/7/2 1222/7/2
f 1162/7/2 1163/7/2 1223/7/2
f 1222/5/2 1162/5/2 1223/5/2
f 1163/5/2 1164/5/2 1224/5/2
f 1223/7/2 1163/7/2 1224/7/2
f 1164/7/2 1165/7/2 1225/7/2
f 1224/5/2 1164/5/2 1225/5/2
f 1165/5/2 1166/5/2 1226/5/2
f 1225/7/2 1165/7/2 1226/7/2
f 1166/7/2 1167/7/2 1227/7/2
f 1226/5/2 1166/5/2 1227/5/2
f 1167/5/2 1168/5/2 1228/5/2
f 1227/7/2 1167/7/2 1228/7/2
f 1168/7/2 1169/7/2 1229/7/2
f 1228/5/2 1168/5/2 1229/5/2
f 1169/5/2 1170/5/2 1230/5/2
f 1229/7/2 1169/7/2 1230/7/2
f 1170/7/2 1171/7/2 1231/7/2
f 1230/5/2 1170/5/2 1231/5/2
f 1171/5/2 1172/5/2 1232/5/2
f 1231/7/2 1171/7/2 1232/7/2
f 1172/7/2 1173/7/2 1233/7/2
f 1232/5/2 1172/5/2 1233/5/2
f 1173/5/2 1174/5/2 1234/5/2
f 1233/7/2 1173/7/2 1234/7/2
f 1174/7/2 1175/7/2 1235/7/2
f 1234/5/2 1174/5/2 1235/5/2
f 1175/5/2 1176/5/2 1236/5/2
f 1235/7/2 1175/7/2 1236/7/2
f 1176/7/2 1177/7/2 1237/7/2
f 1236/5/2 1176/5/2 1237/5/2
f 1177/5/2 1178/5/2 1238/5/2
f 1237/7/2 1177/7/2 1238/7/2
f 1178/7/2 1179/7/2 1239/7/2
f 1238/5/2 1178/5/2 1239/5/2
f 1179/5/2 1180/5/2 1240/5/2
f 1239/7/2 1179/7/2 1240/7/2
f 1180/7/2 1181/7/2 1241/7/2
f 1240/5/2 1180/5/2 1241/5/2
f 1181/5/2 1182/5/2 1242/5/2
f 1241/7/2 1181/7/2 1242/7/2
f 1182/7/2 1183/7/2 1243/7/2
f 1242/5/2 1182/5/2 1243/5/2
f 1183/5/2 1184/5/2 1244/5/2
f 1243/7/2 1183/7/2 1244/7/2
f 1184/7/2 1185/7/2 1245/7/2
f 1244/5/2 1184/5/2 1245/5/2
f 1185/5/2 1186/5/2 1246/5/2
f 1245/7/2 1185/7/2 1246/7/2
f 1186/7/2 1187/7/2 1247/7/2
f 1246/5/2 1186/5/2 1247/5/2
f 1187/5/2 1188/5/2 1248/5/2
f 1247/7/2 1187/7/2 1248/7/2
f 1188/7/2 1189/7/2 1249/7/2
f 1248/5/2 1188/5/2 1249/5/2
f 1189/5/2 1190/5/2 1250/5/2
f 1249/7/2 1189/7/2 1250/7/2
f 1190/7/2 1191/7/2 1251/7/2
f 1250/5/2 1190/5/2 1251/5/2
f 1191/5/2 1192/5/2 1252/5/2
f 1251/7/2 1191/7/2 1252/7/2
f 1192/7/2 1193/7/2 1253/7/2
f 1252/5/2 1192/5/2 1253/5/2
f 1193/5/2 1194/5/2 1254/5/2
f 1253/7/2 1193/7/2 1254/7/2
f 1194/7/2 1195/7/2 1255/7/2
f 1254/5/2 1194/5/2 1255/5/2
f 1195/5/2 1196/5/2 1256/5/2
f 1255/7/2 1195/7/2 1256/7/2
f 1196/7/2 1197/7/2 1257/7/2
f 1256/5/2 1196/5/2 1257/5/2
f 1197/5/2 1198/5/2 1258/5/2
f 1257/7/2 1197/7/2 1258/7/2
f 1198/7/2 1199/7/2 1259/7/2
f 1258/5/2 1198/5/2 1259/5/2
f 1199/5/2 1200/5/2 1260/5/2
f 1259/7/2 1199/7/2 1260/7/2
f 1200/7/2 1201/7/2 1261/7/2
f 1260/5/2 1200/5/2 1261/5/2
f 1201/5/2 1202/5/2 1262/5/2
f 1261/7/2 1201/7/2 1262/7/2
f 1202/7/2 1203/7/2 1263/7/2
f 1262/5/2 1202/5/2 1263/5/2
f 1203/5/2 1204/5/2 1264/5/2
f 1263/7/2 1203/7/2 1264/7/2
f 1204/7/2 1205/7/2 1265/7/2
f 1264/5/2 1204/5/2 1265/5/2
f 1205/5/2 1206/5/2 1266/5/2
f 1265/7/2 1205/7/2 1266/7/2
f 1266/5/2 1206/5/2 1267/5/2
f 1209/1/2 1210/1/2 1269/1/2
f 1267/1/2 1268/1/2 1269/1/2
f 1266/1/2 1267/1/2 1269/1/2
f 1265/1/2 1266/1/2 1269/1/2
f 1263/1/2 1264/1/2 1269/1/2
f 1264/1/2 1265/1/2 1269/1/2
f 1262/1/2 1263/1/2 1269/1/2
f 1261/1/2 1262/1/2 1269/1/2
f 1260/1/2 1261/1/2 1269/1/2
f 1259/1/2 1260/1/2 1269/1/2
f 1258/1/2 1259/1/2 1269/1/2
f 1257/1/2 1258/1/2 1269/1/2
f 1256/1/2 1257/1/2 1269/1/2
f 1255/1/2 1256/1/2 1269/1/2
f 1254/1/2 1255/1/2 1269/1/2
f 1253/1/2 1254/1/2 1269/1/2
f 1252/1/2 1253/1/2 1269/1/2
f 1251/1/2 1252/1/2 1269/1/2
f 1250/1/2 1251/1/2 1269/1/2
f 1249/1/2 1250/1/2 1269/1/2
f 1248/1/2 1249/1/2 1269/1/2
f 1247/1/2 1248/1/2 1269/1/2
f 1246/1/2 1247/1/2 1269/1/2
f 1245/1/2 1246/1/2 1269/1/2
f 1244/1/2 1245/1/2 1269/1/2
f 1243/1/2 1244/1/2 1269/1/2
f 1242/1/2 1243/1/2 1269/1/2
f 1241/1/2 1242/1/2 1269/1/2
f 1240/1/2 1241/1/2 1269/1/2
f 1239/1/2 1240/1/2 1269/1/2
f 1238/1/2 1239/1/2 1269/1/2
f 1237/1/2 1238/1/2 1269/1/2
f 1236/1/2 1237/1/2 1269/1/2
f 1235/1/2 1236/1/2 1269/1/2
f 1234/1/2 1235/1/2 1269/1/2
f 1233/1/2 1234/1/2 1269/1/2
f 1232/1/2 1233/1/2 1269/1/2
f 1231/1/2 1232/1/2 1269/1/2
f 1230/1/2 1231/1/2 1269/1/2
f 1229/1/2 1230/1/2 1269/1/2
f 1228/1/2 1229/1/2 1269/1/2
f 1227/1/2 1228/1/2 1269/1/2
f 1226/1/2 1227/1/2 1269/1/2
f 1225/1/2 1226/1/2 1269/1/2
f 1224/1/2 1225/1/2 1269/1/2
f 1223/1/2 1224/1/2 1269/1/2
f 1222/1/2 1223/1/2 1269/1/2
f 1221/1/2 1222/1/2 1269/1/2
f 1220/1/2 1221/1/2 1269/1/2
f 1219/1/2 1220/1/2 1269/1/2
f 1218/1/2 1219/1/2 1269/1/2
f 1217/1/2 1218/1/2 1269/1/2
f 1216/1/2 1217/1/2 1269/1/2
f 1215/1/2 1216/1/2 1269/1/2
f 1214/1/2 1215/1/2 1269/1/2
f 1213/1/2 1214/1/2 1269/1/2
f 1212/1/2 1213/1/2 1269/1/2
f 1211/1/2 1212/1/2 1269/1/2
f 1210/1/2 1211/1/2 1269/1/2
f 1208/1/2 1209/1/2 1269/1/2
f 1269/1/2 1268/1/2 1270/1/2
f 1271/2/2 1272/2/2 1279/2/2
f 1279/2/2 1272/2/2 1280/2/2
f 1272/3/2 1273/3/2 1281/3/2
f 1273/2/2 1274/2/2 1281/2/2
f 1274/3/2 1275/3/2 1282/3/2
f 1281/2/2 1274/2/2 1282/2/2
f 1275/2/2 1276/2/2 1283/2/2
f 1282/3/2 1275/3/2 1283/3/2
f 1276/3/2 1277/3/2 1284/3/2
f 1283/2/2 1276/2/2 1284/2/2
f 1277/2/2 1278/2/2 1285/2/2
f 1280/2/2 1272/2/2 1287/2/2
f 1287/2/2 1272/2/2 1288/2/2
f 1272/3/2 1281/3/2 1289/3/2
f 1281/3/2 1282/3/2 1289/3/2
f 1282/3/2 1283/3/2 1289/3/2
f 1283/3/2 1284/3/2 1289/3/2
f 1289/3/2 1284/3/2 1290/3/2
f 1290/3/2 1284/3/2 1291/3/2
f 1284/3/2 1277/3/2 1292/3/2
f 1291/3/2 1284/3/2 1292/3/2
f 1285/2/2 1286/2/2 1293/2/2
f 1293/2/2 1294/2/2 1295/2/2
f 1295/2/2 1296/2/2 1297/2/2
f 1297/2/2 1298/2/2 1299/2/2
f 1295/2/2 1297/2/2 1301/2/2
f 1299/2/2 1300/2/2 1301/2/2
f 1297/2/2 1299/2/2 1301/2/2
f 1301/2/2 1300/2/2 1302/2/2
f 1295/2/2 1301/2/2 1303/2/2
f 1301/3/2 1302/3/2 1303/3/2
f 1302/2/2 1300/2/2 1304/2/2
f 1303/3/2 1302/3/2 1304/3/2
f 1288/2/2 1272/2/2 1305/2/2
f 1272/3/2 1289/3/2 1306/3/2
f 1305/2/2 1272/2/2 1306/2/2
f 1289/2/2 1290/2/2 1307/2/2
f 1306/3/2 1289/3/2 1307/3/2
f 1290/3/2 1291/3/2 1308/3/2
f 1307/2/2 1290/2/2 1308/2/2
f 1291/2/2 1292/2/2 1309/2/2
f 1308/3/2 1291/3/2 1309/3/2
f 1292/3/2 1277/3/2 1310/3/2
f 1309/2/2 1292/2/2 1310/2/2
f 1277/2/2 1285/2/2 1311/2/2
f 1310/3/2 1277/3/2 1311/3/2
f 1285/2/2 1293/2/2 1311/2/2
f 1303/2/2 1304/2/2 1311/2/2
f 1295/2/2 1303/2/2 1311/2/2
f 1293/2/2 1295/2/2 1311/2/2
f 1304/2/2 1300/2/2 1312/2/2
f 1311/2/2 1304/2/2 1312/2/2
f 1315/4/3 1314/4/3 1313/4/3
f 1316/4/3 1314/4/3 1315/4/3
f 1324/5/3 1318/5/3 1317/5/3
f 1325/7/3 1319/7/3 1318/7/3
f 1325/5/3 1318/5/3 1324/5/3
f 1326/5/3 1320/5/3 1319/5/3
f 1326/7/3 1319/7/3 1325/7/3
f 1327/7/3 1321/7/3 1320/7/3
f 1327/5/3 1320/5/3 1326/5/3
f 1328/7/3 1321/7/3 1327/7/3
f 1329/1/3 1323/1/3 1322/1/3
f 1330/1/3 1323/1/3 1329/1/3
f 1331/4/3 1325/4/3 1324/4/3
f 1332/4/3 1325/4/3 1331/4/3
f 1338/5/3 1332/5/3 1331/5/3
f 1339/7/3 1333/7/3 1332/7/3
f 1339/5/3 1332/5/3 1338/5/3
f 1340/5/3 1334/5/3 1333/5/3
f 1340/7/3 1333/7/3 1339/7/3
f 1341/7/3 1335/7/3 1334/7/3
f 1341/5/3 1334/5/3 1340/5/3
f 1342/7/3 1335/7/3 1341/7/3
f 1343/1/3 1337/1/3 1336/1/3
f 1344/1/3 1337/1/3 1343/1/3
f 1349/7/3 1346/7/3 1345/7/3
f 1350/7/3 1346/7/3 1349/7/3
f 1351/5/3 1348/5/3 1347/5/3
f 1352/5/3 1348/5/3 1351/5/3
f 1353/4/3 1350/4/3 1349/4/3
f 1354/4/3 1350/4/3 1353/4/3
f 1357/7/3 1354/7/3 1353/7/3
f 1358/7/3 1354/7/3 1357/7/3
f 1359/5/3 1356/5/3 1355/5/3
f 1360/5/3 1356/5/3 1359/5/3
f 1365/5/3 1362/5/3 1361/5/3
f 1366/5/3 1362/5/3 1365/5/3
f 1367/7/3 1364/7/3 1363/7/3
f 1368/7/3 1364/7/3 1367/7/3
f 1373/5/3 1370/5/3 1369/5/3
f 1374/5/3 1370/5/3 1373/5/3
f 1375/7/3 1372/7/3 1371/7/3
f 1376/7/3 1372/7/3 1375/7/3
f 1379/7/3 1378/7/3 1377/7/3
f 1380/7/3 1378/7/3 1379/7/3
f 1383/7/3 1382/7/3 1381/7/3
f 1384/7/3 1382/7/3 1383/7/3
f 1387/5/3 1386/5/3 1385/5/3
f 1388/5/3 1386/5/3 1387/5/3
f 1391/5/3 1390/5/3 1389/5/3
f 1392/5/3 1390/5/3 1391/5/3
f 1395/2/3 1394/2/3 1393/2/3
f 1396/2/3 1394/2/3 1395/2/3
f 1399/2/3 1398/2/3 1397/2/3
f 1400/2/3 1398/2/3 1399/2/3
f 1403/2/3 1402/2/3 1401/2/3
f 1404/2/3 1402/2/3 1403/2/3
f 1407/2/3 1406/2/3 1405/2/3
f 1408/2/3 1406/2/3 1407/2/3
f 1411/2/3 1410/2/3 1409/2/3
f 1412/2/3 1410/2/3 1411/2/3
f 1413/2/3 1410/2/3 1412/2/3
f 1414/2/3 1410/2/3 1413/2/3
f 1419/2/3 1416/2/3 1415/2/3
f 1419/2/3 1418/2/3 1417/2/3
f 1419/2/3 1417/2/3 1416/2/3
f 1420/2/3 1418/2/3 1419/2/3
f 1423/6/3 1422/6/3 1421/6/3
f 1424/6/3 1422/6/3 1423/6/3
f 1427/6/3 1426/6/3 1425/6/3
f 1428/6/3 1426/6/3 1427/6/3
f 1431/6/3 1430/6/3 1429/6/3
f 1432/6/3 1430/6/3 1431/6/3
f 1435/6/3 1434/6/3 1433/6/3
f 1436/6/3 1434/6/3 1435/6/3
f 1439/5/3 1438/5/3 1437/5/3
f 1440/5/3 1438/5/3 1439/5/3
f 1443/7/3 1442/7/3 1441/7/3
f 1444/7/3 1442/7/3 1443/7/3
f 1447/7/3 1446/7/3 1445/7/3
f 1448/7/3 1446/7/3 1447/7/3
f 1451/7/3 1450/7/3 1449/7/3
f 1452/7/3 1450/7/3 1451/7/3
f 1455/7/3 1454/7/3 1453/7/3
f 1456/7/3 1454/7/3 1455/7/3
f 1459/5/3 1458/5/3 1457/5/3
f 1460/5/3 1458/5/3 1459/5/3
f 1463/7/3 1462/7/3 1461/7/3
f 1464/7/3 1462/7/3 1463/7/3
f 1467/7/3 1466/7/3 1465/7/3
f 1468/7/3 1466/7/3 1467/7/3
f 1471/7/3 1470/7/3 1469/7/3
f 1472/7/3 1470/7/3 1471/7/3
f 1475/7/3 1474/7/3 1473/7/3
f 1476/7/3 1474/7/3 1475/7/3
f 1479/7/3 1478/7/3 1477/7/3
f 1480/7/3 1478/7/3 1479/7/3
f 1483/7/3 1482/7/3 1481/7/3
f 1484/7/3 1482/7/3 1483/7/3
f 1487/7/3 1486/7/3 1485/7/3
f 1488/7/3 1486/7/3 1487/7/3
f 1491/7/3 1490/7/3 1489/7/3
f 1492/7/3 1490/7/3 1491/7/3
f 1495/7/3 1494/7/3 1493/7/3
f 1496/7/3 1494/7/3 1495/7/3
f 1499/7/3 1498/7/3 1497/7/3
f 1500/7/3 1498/7/3 1499/7/3
f 1503/7/3 1502/7/3 1501/7/3
f 1504/7/3 1502/7/3 1503/7/3
f 1507/7/3 1506/7/3 1505/7/3
f 1508/7/3 1506/7/3 1507/7/3
f 1511/7/3 1510/7/3 1509/7/3
f 1512/7/3 1510/7/3 1511/7/3
f 1515/7/3 1514/7/3 1513/7/3
f 1516/7/3 1514/7/3 1515/7/3
f 1519/7/3 1518/7/3 1517/7/3
f 1520/7/3 1518/7/3 1519/7/3
f 1523/7/3 1522/7/3 1521/7/3
f 1524/7/3 1522/7/3 1523/7/3
f 1528/6/3 1526/6/3 1525/6/3
f 1529/4/3 1528/4/3 1527/4/3
f 1530/6/3 1526/6/3 1528/6/3
f 1530/4/3 1528/4/3 1529/4/3
f 1532/6/3 1526/6/3 1530/6/3
f 1533/4/3 1532/4/3 1531/4/3
f 1534/6/3 1526/6/3 1532/6/3
f 1534/4/3 1532/4/3 1533/4/3
f 1536/6/3 1526/6/3 1534/6/3
f 1537/4/3 1536/4/3 1535/4/3
f 1538/6/3 1526/6/3 1536/6/3
f 1538/4/3 1536/4/3 1537/4/3
f 1540/6/3 1526/6/3 1538/6/3
f 1541/4/3 1540/4/3 1539/4/3
f 1542/6/3 1526/6/3 1540/6/3
f 1542/4/3 1540/4/3 1541/4/3
f 1543/6/3 1526/6/3 1542/6/3
f 1544/6/3 1526/6/3 1543/6/3
f 1547/7/3 1546/7/3 1545/7/3
f 1548/7/3 1546/7/3 1547/7/3
f 1551/7/3 1550/7/3 1549/7/3
f 1552/7/3 1550/7/3 1551/7/3
f 1555/7/3 1554/7/3 1553/7/3
f 1556/7/3 1554/7/3 1555/7/3
f 1559/7/3 1558/7/3 1557/7/3
f 1560/7/3 1558/7/3 1559/7/3
f 1563/7/3 1562/7/3 1561/7/3
f 1564/7/3 1562/7/3 1563/7/3
f 1567/7/3 1566/7/3 1565/7/3
f 1568/7/3 1566/7/3 1567/7/3
f 1571/7/3 1570/7/3 1569/7/3
f 1572/7/3 1570/7/3 1571/7/3
f 1575/7/3 1574/7/3 1573/7/3
f 1576/7/3 1574/7/3 1575/7/3
f 1579/7/3 1578/7/3 1577/7/3
f 1580/7/3 1578/7/3 1579/7/3
f 1583/7/3 1582/7/3 1581/7/3
f 1584/7/3 1582/7/3 1583/7/3
f 1587/7/3 1586/7/3 1585/7/3
f 1588/7/3 1586/7/3 1587/7/3
f 1591/7/3 1590/7/3 1589/7/3
f 1592/7/3 1590/7/3 1591/7/3
f 1593/4/4 1594/4/4 1595/4/4
f 1595/4/4 1594/4/4 1596/4/4
f 1597/4/4 1598/4/4 1599/4/4
f 1599/4/4 1598/4/4 1600/4/4
f 1601/4/4 1602/4/4 1603/4/4
f 1603/4/4 1602/4/4 1604/4/4
f 1605/4/4 1606/4/4 1607/4/4
f 1607/4/4 1606/4/4 1608/4/4
f 1609/7/4 1610/7/4 1611/7/4
f 1611/7/4 1610/7/4 1612/7/4
f 1613/7/4 1614/7/4 1615/7/4
f 1615/7/4 1614/7/4 1616/7/4
f 1617/7/4 1618/7/4 1619/7/4
f 1619/7/4 1618/7/4 1620/7/4
f 1621/7/4 1622/7/4 1623/7/4
f 1623/7/4 1622/7/4 1624/7/4
f 1625/7/4 1626/7/4 1627/7/4
f 1627/7/4 1626/7/4 1628/7/4
f 1629/7/4 1630/7/4 1631/7/4
f 1631/7/4 1630/7/4 1632/7/4
f 1633/7/4 1634/7/4 1635/7/4
f 1635/7/4 1634/7/4 1636/7/4
f 1637/7/4 1638/7/4 1639/7/4
f 1639/7/4 1638/7/4 1640/7/4
f 1641/7/4 1642/7/4 1643/7/4
f 1643/7/4 1642/7/4 1644/7/4
f 1645/7/4 1646/7/4 1647/7/4
f 1647/7/4 1646/7/4 1648/7/4
f 1649/7/4 1650/7/4 1651/7/4
f 1651/7/4 1650/7/4 1652/7/4
f 1653/7/4 1654/7/4 1655/7/4
f 1655/7/4 1654/7/4 1656/7/4
f 1657/7/4 1658/7/4 1659/7/4
f 1659/7/4 1658/7/4 1660/7/4
f 1661/7/4 1662/7/4 1663/7/4
f 1663/7/4 1662/7/4 1664/7/4
f 1665/7/4 1666/7/4 1667/7/4
f 1667/7/4 1666/7/4 1668/7/4
f 1669/7/4 1670/7/4 1671/7/4
f 1671/7/4 1670/7/4 1672/7/4
f 1673/7/4 1674/7/4 1675/7/4
f 1675/7/4 1674/7/4 1676/7/4
f 1677/7/4 1678/7/4 1679/7/4
f 1679/7/4 1678/7/4 1680/7/4
f 1681/7/4 1682/7/4 1683/7/4
f 1683/7/4 1682/7/4 1684/7/4
f 1685/7/4 1686/7/4 1687/7/4
f 1687/7/4 1686/7/4 1688/7/4
f 1689/5/4 1690/5/4 1691/5/4
f 1691/5/4 1690/5/4 1692/5/4
f 1693/5/4 1694/5/4 1695/5/4
f 1695/5/4 1694/5/4 1696/5/4
f 1697/5/4 1698/5/4 1699/5/4
f 1699/5/4 1698/5/4 1700/5/4
f 1701/5/4 1702/5/4 1703/5/4
f 1703/5/4 1702/5/4 1704/5/4
f 1705/6/4 1706/6/4 1707/6/4
f 1707/6/4 1706/6/4 1708/6/4
f 1709/6/4 1710/6/4 1712/6/4
f 1711/4/4 1712/4/4 1713/4/4
f 1712/6/4 1710/6/4 1714/6/4
f 1713/4/4 1712/4/4 1714/4/4
f 1714/6/4 1710/6/4 1716/6/4
f 1715/4/4 1716/4/4 1717/4/4
f 1716/6/4 1710/6/4 1718/6/4
f 1717/4/4 1716/4/4 1718/4/4
f 1718/6/4 1710/6/4 1720/6/4
f 1719/4/4 1720/4/4 1721/4/4
f 1720/6/4 1710/6/4 1722/6/4
f 1721/4/4 1720/4/4 1722/4/4
f 1722/6/4 1710/6/4 1724/6/4
f 1723/4/4 1724/4/4 1725/4/4
f 1724/6/4 1710/6/4 1726/6/4
f 1725/4/4 1724/4/4 1726/4/4
f 1726/6/4 1710/6/4 1727/6/4
f 1727/6/4 1710/6/4 1728/6/4
f 1729/6/4 1730/6/4 1731/6/4
f 1731/6/4 1730/6/4 1732/6/4
f 1733/7/4 1734/7/4 1735/7/4
f 1735/7/4 1734/7/4 1736/7/4
f 1737/7/4 1738/7/4 1739/7/4
f 1739/7/4 1738/7/4 1740/7/4
f 1741/7/4 1742/7/4 1743/7/4
f 1743/7/4 1742/7/4 1744/7/4
f 1745/7/4 1746/7/4 1747/7/4
f 1747/7/4 1746/7/4 1748/7/4
f 1749/7/4 1750/7/4 1751/7/4
f 1751/7/4 1750/7/4 1752/7/4
f 1753/7/4 1754/7/4 1755/7/4
f 1755/7/4 1754/7/4 1756/7/4
f 1757/7/4 1758/7/4 1759/7/4
f 1759/7/4 1758/7/4 1760/7/4
f 1761/7/4 1762/7/4 1763/7/4
f 1763/7/4 1762/7/4 1764/7/4
f 1765/2/4 1766/2/4 1768/2/4
f 1768/2/4 1766/2/4 1769/2/4
f 1767/5/4 1768/5/4 1770/5/4
f 1770/5/4 1768/5/4 1771/5/4
f 1772/4/4 1773/4/4 1776/4/4
f 1776/4/4 1773/4/4 1777/4/4
f 1774/5/4 1775/5/4 1778/5/4
f 1778/5/4 1775/5/4 1779/5/4
f 1779/2/4 1780/2/4 1781/2/4
f 1781/2/4 1780/2/4 1782/2/4
f 1783/2/4 1784/2/4 1786/2/4
f 1786/2/4 1784/2/4 1787/2/4
f 1785/7/4 1786/7/4 1788/7/4
f 1788/7/4 1786/7/4 1789/7/4
f 1790/4/4 1791/4/4 1794/4/4
f 1794/4/4 1791/4/4 1795/4/4
f 1792/7/4 1793/7/4 1796/7/4
f 1796/7/4 1793/7/4 1797/7/4
f 1797/2/4 1798/2/4 1799/2/4
f 1799/2/4 1798/2/4 1800/2/4
f 1801/2/4 1802/2/4 1804/2/4
f 1804/2/4 1802/2/4 1805/2/4
f 1803/5/4 1804/5/4 1806/5/4
f 1806/5/4 1804/5/4 1807/5/4
f 1808/4/4 1809/4/4 1812/4/4
f 1812/4/4 1809/4/4 1813/4/4
f 1810/5/4 1811/5/4 1814/5/4
f 1814/5/4 1811/5/4 1815/5/4
f 1815/2/4 1816/2/4 1817/2/4
f 1817/2/4 1816/2/4 1818/2/4
f 1819/2/4 1820/2/4 1822/2/4
f 1822/2/4 1820/2/4 1823/2/4
f 1821/7/4 1822/7/4 1824/7/4
f 1824/7/4 1822/7/4 1825/7/4
f 1824/4/4 1825/4/4 1828/4/4
f 1828/4/4 1825/4/4 1829/4/4
f 1826/4/4 1827/4/4 1830/4/4
f 1830/4/4 1827/4/4 1831/4/4
f 1828/7/4 1829/7/4 1832/7/4
f 1832/7/4 1829/7/4 1833/7/4
f 1833/2/4 1834/2/4 1835/2/4
f 1835/2/4 1834/2/4 1836/2/4
f 1837/2/4 1838/2/4 1840/2/4
f 1840/2/4 1838/2/4 1841/2/4
f 1839/5/4 1840/5/4 1842/5/4
f 1842/5/4 1840/5/4 1843/5/4
f 1842/4/4 1843/4/4 1846/4/4
f 1846/4/4 1843/4/4 1847/4/4
f 1844/4/4 1845/4/4 1848/4/4
f 1848/4/4 1845/4/4 1849/4/4
f 1846/5/4 1847/5/4 1850/5/4
f 1850/5/4 1847/5/4 1851/5/4
f 1851/2/4 1852/2/4 1853/2/4
f 1853/2/4 1852/2/4 1854/2/4
f 1855/2/4 1856/2/4 1858/2/4
f 1858/2/4 1856/2/4 1859/2/4
f 1859/2/4 1856/2/4 1860/2/4
f 1860/2/4 1856/2/4 1861/2/4
f 1857/7/4 1858/7/4 1863/7/4
f 1863/7/4 1858/7/4 1864/7/4
f 1861/5/4 1862/5/4 1865/5/4
f 1865/5/4 1862/5/4 1866/5/4
f 1863/4/4 1864/4/4 1867/4/4
f 1867/4/4 1864/4/4 1868/4/4
f 1867/7/4 1868/7/4 1871/7/4
f 1871/7/4 1868/7/4 1872/7/4
f 1869/5/4 1870/5/4 1875/5/4
f 1875/5/4 1870/5/4 1876/5/4
f 1873/2/4 1874/2/4 1877/2/4
f 1874/2/4 1875/2/4 1877/2/4
f 1872/2/4 1873/2/4 1877/2/4
f 1877/2/4 1875/2/4 1878/2/4
f 1879/5/4 1880/5/4 1885/5/4
f 1880/7/4 1881/7/4 1886/7/4
f 1885/5/4 1880/5/4 1886/5/4
f 1881/5/4 1882/5/4 1887/5/4
f 1886/7/4 1881/7/4 1887/7/4
f 1887/5/4 1882/5/4 1888/5/4
f 1883/1/4 1884/1/4 1889/1/4
f 1889/1/4 1884/1/4 1890/1/4
f 1891/5/4 1892/5/4 1897/5/4
f 1892/7/4 1893/7/4 1898/7/4
f 1897/5/4 1892/5/4 1898/5/4
f 1893/5/4 1894/5/4 1899/5/4
f 1898/7/4 1893/7/4 1899/7/4
f 1899/5/4 1894/5/4 1900/5/4
f 1895/1/4 1896/1/4 1901/1/4
f 1901/1/4 1896/1/4 1902/1/4
f 1907/5/5 1904/5/5 1903/5/5
f 1908/5/5 1904/5/5 1907/5/5
f 1909/5/5 1906/5/5 1905/5/5
f 1910/5/5 1906/5/5 1909/5/5
f 1911/7/5 1908/7/5 1907/7/5
f 1912/7/5 1908/7/5 1911/7/5
f 1913/7/5 1910/7/5 1909/7/5
f 1914/7/5 1910/7/5 1913/7/5
f 1915/5/5 1912/5/5 1911/5/5
f 1916/5/5 1912/5/5 1915/5/5
f 1917/5/5 1914/5/5 1913/5/5
f 1918/5/5 1914/5/5 1917/5/5
f 1919/7/5 1916/7/5 1915/7/5
f 1920/7/5 1916/7/5 1919/7/5
f 1921/7/5 1918/7/5 1917/7/5
f 1922/7/5 1918/7/5 1921/7/5
f 1923/5/5 1920/5/5 1919/5/5
f 1924/5/5 1920/5/5 1923/5/5
f 1925/5/5 1922/5/5 1921/5/5
f 1926/5/5 1922/5/5 1925/5/5
f 1927/7/5 1924/7/5 1923/7/5
f 1928/7/5 1924/7/5 1927/7/5
f 1929/7/5 1926/7/5 1925/7/5
f 1930/7/5 1926/7/5 1929/7/5
f 1931/5/5 1928/5/5 1927/5/5
f 1932/5/5 1928/5/5 1931/5/5
f 1933/5/5 1930/5/5 1929/5/5
f 1934/5/5 1930/5/5 1933/5/5
f 1935/7/5 1932/7/5 1931/7/5
f 1936/7/5 1932/7/5 1935/7/5
f 1937/7/5 1934/7/5 1933/7/5
f 1938/7/5 1934/7/5 1937/7/5
f 1939/5/5 1936/5/5 1935/5/5
f 1940/5/5 1936/5/5 1939/5/5
f 1941/5/5 1938/5/5 1937/5/5
f 1942/5/5 1938/5/5 1941/5/5
f 1943/7/5 1940/7/5 1939/7/5
f 1944/7/5 1940/7/5 1943/7/5
f 1945/7/5 1942/7/5 1941/7/5
f 1946/7/5 1942/7/5 1945/7/5
f 1947/5/5 1944/5/5 1943/5/5
f 1948/5/5 1944/5/5 1947/5/5
f 1949/5/5 1946/5/5 1945/5/5
f 1950/5/5 1946/5/5 1949/5/5
f 1951/7/5 1948/7/5 1947/7/5
f 1952/7/5 1948/7/5 1951/7/5
f 1953/7/5 1950/7/5 1949/7/5
f 1954/7/5 1950/7/5 1953/7/5
f 1955/5/5 1952/5/5 1951/5/5
f 1956/5/5 1952/5/5 1955/5/5
f 1957/5/5 1954/5/5 1953/5/5
f 1958/5/5 1954/5/5 1957/5/5
f 1959/7/5 1956/7/5 1955/7/5
f 1960/7/5 1956/7/5 1959/7/5
f 1961/7/5 1958/7/5 1957/7/5
f 1962/7/5 1958/7/5 1961/7/5
f 1963/5/5 1960/5/5 1959/5/5
f 1964/5/5 1960/5/5 1963/5/5
f 1965/5/5 1962/5/5 1961/5/5
f 1966/5/5 1962/5/5 1965/5/5
f 1967/7/5 1964/7/5 1963/7/5
f 1968/7/5 1964/7/5 1967/7/5
f 1969/7/5 1966/7/5 1965/7/5
f 1970/7/5 1966/7/5 1969/7/5
f 1971/5/5 1968/5/5 1967/5/5
f 1972/5/5 1968/5/5 1971/5/5
f 1973/5/5 1970/5/5 1969/5/5
f 1974/5/5 1970/5/5 1973/5/5
f 1975/7/5 1972/7/5 1971/7/5
f 1976/7/5 1972/7/5 1975/7/5
f 1977/7/5 1974/7/5 1973/7/5
f 1978/7/5 1974/7/5 1977/7/5
f 1979/5/5 1976/5/5 1975/5/5
f 1980/5/5 1976/5/5 1979/5/5
f 1981/5/5 1978/5/5 1977/5/5
f 1982/5/5 1978/5/5 1981/5/5
f 1983/7/5 1980/7/5 1979/7/5
f 1984/7/5 1980/7/5 1983/7/5
f 1985/7/5 1982/7/5 1981/7/5
f 1986/7/5 1982/7/5 1985/7/5
f 1987/5/5 1984/5/5 1983/5/5
f 1988/5/5 1984/5/5 1987/5/5
f 1989/5/5 1986/5/5 1985/5/5
f 1990/5/5 1986/5/5 1989/5/5
f 1991/7/5 1988/7/5 1987/7/5
f 1992/7/5 1988/7/5 1991/7/5
f 1993/7/5 1990/7/5 1989/7/5
f 1994/7/5 1990/7/5 1993/7/5
f 1995/5/5 1992/5/5 1991/5/5
f 1996/5/5 1992/5/5 1995/5/5
f 1997/5/5 1994/5/5 1993/5/5
f 1998/5/5 1994/5/5 1997/5/5
f 1999/7/5 1996/7/5 1995/7/5
f 2000/7/5 1996/7/5 1999/7/5
f 2001/7/5 1998/7/5 1997/7/5
f 2002/7/5 1998/7/5 2001/7/5
f 2003/5/5 2000/5/5 1999/5/5
f 2004/5/5 2000/5/5 2003/5/5
f 2005/5/5 2002/5/5 2001/5/5
f 2006/5/5 2002/5/5 2005/5/5
f 2007/7/5 2004/7/5 2003/7/5
f 2008/7/5 2004/7/5 2007/7/5
f 2009/7/5 2006/7/5 2005/7/5
f 2010/7/5 2006/7/5 2009/7/5
f 2011/5/5 2008/5/5 2007/5/5
f 2012/5/5 2008/5/5 2011/5/5
f 2013/5/5 2010/5/5 2009/5/5
f 2014/5/5 2010/5/5 2013/5/5
f 2015/7/5 2012/7/5 2011/7/5
f 2016/7/5 2012/7/5 2015/7/5
f 2017/7/5 2014/7/5 2013/7/5
f 2018/7/5 2014/7/5 2017/7/5
f 2019/5/5 2016/5/5 2015/5/5
f 2020/5/5 2016/5/5 2019/5/5
f 2021/5/5 2018/5/5 2017/5/5
f 2022/5/5 2018/5/5 2021/5/5
f 2023/7/5 2020/7/5 2019/7/5
f 2024/7/5 2020/7/5 2023/7/5
f 2025/7/5 2022/7/5 2021/7/5
f 2026/7/5 2022/7/5 2025/7/5
f 2027/5/5 2024/5/5 2023/5/5
f 2028/5/5 2024/5/5 2027/5/5
f 2029/5/5 2026/5/5 2025/5/5
f 2030/5/5 2026/5/5 2029/5/5
f 2031/7/5 2028/7/5 2027/7/5
f 2032/7/5 2028/7/5 2031/7/5
f 2033/7/5 2030/7/5 2029/7/5
f 2034/7/5 2030/7/5 2033/7/5
f 2035/5/5 2032/5/5 2031/5/5
f 2036/5/5 2032/5/5 2035/5/5
f 2037/5/5 2034/5/5 2033/5/5
f 2038/5/5 2034/5/5 2037/5/5
f 2039/7/5 2036/7/5 2035/7/5
f 2040/7/5 2036/7/5 2039/7/5
f 2041/7/5 2038/7/5 2037/7/5
f 2042/7/5 2038/7/5 2041/7/5
f 2043/5/5 2040/5/5 2039/5/5
f 2044/5/5 2040/5/5 2043/5/5
f 2045/5/5 2042/5/5 2041/5/5
f 2046/5/5 2042/5/5 2045/5/5
f 2047/7/5 2044/7/5 2043/7/5
f 2048/7/5 2044/7/5 2047/7/5
f 2049/7/5 2046/7/5 2045/7/5
f 2050/7/5 2046/7/5 2049/7/5
f 2051/5/5 2048/5/5 2047/5/5
f 2052/5/5 2048/5/5 2051/5/5
f 2053/5/5 2050/5/5 2049/5/5
f 2054/5/5 2050/5/5 2053/5/5
f 2055/7/5 2052/7/5 2051/7/5
f 2056/7/5 2052/7/5 2055/7/5
f 2057/7/5 2054/7/5 2053/7/5
f 2058/7/5 2054/7/5 2057/7/5
f 2059/5/5 2056/5/5 2055/5/5
f 2060/5/5 2056/5/5 2059/5/5
f 2061/5/5 2058/5/5 2057/5/5
f 2062/5/5 2058/5/5 2061/5/5
f 2063/7/5 2060/7/5 2059/7/5
f 2064/7/5 2060/7/5 2063/7/5
f 2065/7/5 2062/7/5 2061/7/5
f 2066/7/5 2062/7/5 2065/7/5
f 2067/5/5 2064/5/5 2063/5/5
f 2068/5/5 2064/5/5 2067/5/5
f 2069/5/5 2066/5/5 2065/5/5
f 2070/5/5 2066/5/5 2069/5/5
f 2071/7/5 2068/7/5 2067/7/5
f 2072/7/5 2068/7/5 2071/7/5
f 2073/7/5 2070/7/5 2069/7/5
f 2074/7/5 2070/7/5 2073/7/5
f 2075/5/5 2072/5/5 2071/5/5
f 2076/5/5 2072/5/5 2075/5/5
f 2077/5/5 2074/5/5 2073/5/5
f 2078/5/5 2074/5/5 2077/5/5
f 2079/7/5 2076/7/5 2075/7/5
f 2080/7/5 2076/7/5 2079/7/5
f 2081/7/5 2078/7/5 2077/7/5
f 2082/7/5 2078/7/5 2081/7/5
f 2083/5/5 2080/5/5 2079/5/5
f 2084/5/5 2080/5/5 2083/5/5
f 2085/5/5 2082/5/5 2081/5/5
f 2086/5/5 2082/5/5 2085/5/5
f 2087/7/5 2084/7/5 2083/7/5
f 2088/7/5 2084/7/5 2087/7/5
f 2089/7/5 2086/7/5 2085/7/5
f 2090/7/5 2086/7/5 2089/7/5
f 2091/5/5 2088/5/5 2087/5/5
f 2092/5/5 2088/5/5 2091/5/5
f 2093/5/5 2090/5/5 2089/5/5
f 2094/5/5 2090/5/5 2093/5/5
f 2095/7/5 2092/7/5 2091/7/5
f 2096/7/5 2092/7/5 2095/7/5
f 2097/7/5 2094/7/5 2093/7/5
f 2098/7/5 2094/7/5 2097/7/5
f 2099/5/5 2096/5/5 2095/5/5
f 2100/5/5 2096/5/5 2099/5/5
f 2101/5/5 2098/5/5 2097/5/5
f 2102/5/5 2098/5/5 2101/5/5
f 2103/7/5 2100/7/5 2099/7/5
f 2104/7/5 2100/7/5 2103/7/5
f 2105/7/5 2102/7/5 2101/7/5
f 2106/7/5 2102/7/5 2105/7/5
f 2107/5/5 2104/5/5 2103/5/5
f 2108/5/5 2104/5/5 2107/5/5
f 2109/5/5 2106/5/5 2105/5/5
f 2110/5/5 2106/5/5 2109/5/5
f 2115/7/5 2112/7/5 2111/7/5
f 2116/7/5 2112/7/5 2115/7/5
f 2117/7/5 2114/7/5 2113/7/5
f 2118/7/5 2114/7/5 2117/7/5
f 2123/2/5 2120/2/5 2119/2/5
f 2124/2/5 2122/2/5 2121/2/5
f 2125/2/5 2123/2/5 2119/2/5
f 2126/2/5 2122/2/5 2124/2/5
f 2127/2/5 2125/2/5 2119/2/5
f 2128/2/5 2122/2/5 2126/2/5
f 2129/2/5 2127/2/5 2119/2/5
f 2130/2/5 2122/2/5 2128/2/5
f 2131/2/5 2129/2/5 2119/2/5
f 2132/2/5 2122/2/5 2130/2/5
f 2133/2/5 2131/2/5 2119/2/5
f 2134/2/5 2122/2/5 2132/2/5
f 2135/2/5 2133/2/5 2119/2/5
f 2136/2/5 2133/2/5 2135/2/5
f 2137/2/5 2122/2/5 2134/2/5
f 2138/2/5 2122/2/5 2137/2/5
f 2139/3/5 2136/3/5 2135/3/5
f 2140/3/5 2136/3/5 2139/3/5
f 2141/3/5 2138/3/5 2137/3/5
f 2142/3/5 2138/3/5 2141/3/5
f 2143/2/5 2140/2/5 2139/2/5
f 2144/2/5 2142/2/5 2141/2/5
f 2145/2/5 2143/2/5 2139/2/5
f 2146/2/5 2142/2/5 2144/2/5
f 2147/2/5 2145/2/5 2139/2/5
f 2148/2/5 2142/2/5 2146/2/5
f 2149/2/5 2147/2/5 2139/2/5
f 2150/2/5 2142/2/5 2148/2/5
f 2151/2/5 2149/2/5 2139/2/5
f 2152/2/5 2142/2/5 2150/2/5
f 2153/2/5 2151/2/5 2139/2/5
f 2154/2/5 2142/2/5 2152/2/5
f 2155/2/5 2153/2/5 2139/2/5
f 2156/2/5 2142/2/5 2154/2/5
f 2157/2/5 2155/2/5 2139/2/5
f 2158/2/5 2142/2/5 2156/2/5
f 2159/2/5 2157/2/5 2139/2/5
f 2160/2/5 2142/2/5 2158/2/5
f 2161/2/5 2159/2/5 2139/2/5
f 2162/2/5 2142/2/5 2160/2/5
f 2163/2/5 2161/2/5 2139/2/5
f 2164/2/5 2142/2/5 2162/2/5
f 2165/2/5 2163/2/5 2139/2/5
f 2166/2/5 2142/2/5 2164/2/5
f 2167/2/5 2165/2/5 2139/2/5
f 2168/2/5 2142/2/5 2166/2/5
f 2169/2/5 2167/2/5 2139/2/5
f 2170/2/5 2142/2/5 2168/2/5
f 2171/2/5 2169/2/5 2139/2/5
f 2172/2/5 2142/2/5 2170/2/5
f 2173/2/5 2171/2/5 2139/2/5
f 2174/2/5 2142/2/5 2172/2/5
f 2175/2/5 2173/2/5 2139/2/5
f 2176/2/5 2142/2/5 2174/2/5
f 2177/2/5 2175/2/5 2139/2/5
f 2178/2/5 2175/2/5 2177/2/5
f 2179/2/5 2142/2/5 2176/2/5
f 2180/2/5 2142/2/5 2179/2/5
f 2181/3/5 2178/3/5 2177/3/5
f 2182/3/5 2178/3/5 2181/3/5
f 2183/3/5 2180/3/5 2179/3/5
f 2184/3/5 2180/3/5 2183/3/5
f 2185/2/5 2182/2/5 2181/2/5
f 2186/2/5 2184/2/5 2183/2/5
f 2187/2/5 2185/2/5 2181/2/5
f 2188/2/5 2184/2/5 2186/2/5
f 2189/2/5 2187/2/5 2181/2/5
f 2190/2/5 2184/2/5 2188/2/5
f 2191/2/5 2189/2/5 2181/2/5
f 2192/2/5 2184/2/5 2190/2/5
f 2193/2/5 2191/2/5 2181/2/5
f 2194/2/5 2184/2/5 2192/2/5
f 2195/2/5 2193/2/5 2181/2/5
f 2196/2/5 2184/2/5 2194/2/5
f 2197/2/5 2195/2/5 2181/2/5
f 2198/2/5 2184/2/5 2196/2/5
f 2199/2/5 2197/2/5 2181/2/5
f 2200/2/5 2184/2/5 2198/2/5
f 2201/2/5 2199/2/5 2181/2/5
f 2202/2/5 2184/2/5 2200/2/5
f 2203/2/5 2201/2/5 2181/2/5
f 2204/2/5 2184/2/5 2202/2/5
f 2205/2/5 2203/2/5 2181/2/5
f 2206/2/5 2184/2/5 2204/2/5
f 2207/2/5 2205/2/5 2181/2/5
f 2208/2/5 2184/2/5 2206/2/5
f 2209/2/5 2207/2/5 2181/2/5
f 2210/2/5 2184/2/5 2208/2/5
f 2211/2/5 2209/2/5 2181/2/5
f 2212/2/5 2184/2/5 2210/2/5
f 2213/2/5 2211/2/5 2181/2/5
f 2214/2/5 2184/2/5 2212/2/5
f 2215/2/5 2213/2/5 2181/2/5
f 2216/2/5 2184/2/5 2214/2/5
f 2217/2/5 2215/2/5 2181/2/5
f 2218/2/5 2184/2/5 2216/2/5
f 2219/2/5 2217/2/5 2181/2/5
f 2220/2/5 2184/2/5 2218/2/5
f 2221/2/5 2219/2/5 2181/2/5
f 2222/2/5 2219/2/5 2221/2/5
f 2223/2/5 2184/2/5 2220/2/5
f 2224/2/5 2184/2/5 2223/2/5
f 2225/3/5 2222/3/5 2221/3/5
f 2226/3/5 2222/3/5 2225/3/5
f 2227/3/5 2224/3/5 2223/3/5
f 2228/3/5 2224/3/5 2227/3/5
f 2229/2/5 2226/2/5 2225/2/5
f 2230/2/5 2228/2/5 2227/2/5
f 2231/2/5 2229/2/5 2225/2/5
f 2232/2/5 2228/2/5 2230/2/5
f 2233/2/5 2231/2/5 2225/2/5
f 2234/2/5 2231/2/5 2233/2/5
f 2237/2/5 2228/2/5 2232/2/5
f 2238/2/5 2228/2/5 2237/2/5
f 2239/7/5 2235/7/5 2234/7/5
f 2240/7/5 2235/7/5 2239/7/5
f 2241/7/5 2237/7/5 2236/7/5
f 2242/7/5 2237/7/5 2241/7/5
f 2247/5/5 2244/5/5 2243/5/5
f 2248/5/5 2244/5/5 2247/5/5
f 2249/5/5 2246/5/5 2245/5/5
f 2250/5/5 2246/5/5 2249/5/5
f 2255/2/5 2252/2/5 2251/2/5
f 2256/2/5 2252/2/5 2255/2/5
f 2259/2/5 2254/2/5 2253/2/5
f 2260/2/5 2254/2/5 2259/2/5
f 2261/5/5 2257/5/5 2256/5/5
f 2262/5/5 2257/5/5 2261/5/5
f 2263/5/5 2259/5/5 2258/5/5
f 2264/5/5 2259/5/5 2263/5/5
f 2269/7/5 2266/7/5 2265/7/5
f 2270/4/5 2267/4/5 2266/4/5
f 2270/7/5 2266/7/5 2269/7/5
f 2271/7/5 2268/7/5 2267/7/5
f 2271/4/5 2267/4/5 2270/4/5
f 2272/7/5 2268/7/5 2271/7/5
f 2273/4/5 2271/4/5 2270/4/5
f 2274/4/5 2271/4/5 2273/4/5
f 2277/4/5 2274/4/5 2273/4/5
f 2278/4/5 2274/4/5 2277/4/5
f 2281/2/5 2276/2/5 2275/2/5
f 2282/2/5 2276/2/5 2281/2/5
f 2283/4/5 2278/4/5 2277/4/5
f 2284/4/5 2278/4/5 2283/4/5
f 2285/2/5 2280/2/5 2279/2/5
f 2286/2/5 2280/2/5 2285/2/5
f 2287/7/5 2283/7/5 2282/7/5
f 2288/4/5 2284/4/5 2283/4/5
f 2288/7/5 2283/7/5 2287/7/5
f 2289/7/5 2285/7/5 2284/7/5
f 2289/4/5 2284/4/5 2288/4/5
f 2290/7/5 2285/7/5 2289/7/5
f 2295/5/5 2292/5/5 2291/5/5
f 2296/4/5 2293/4/5 2292/4/5
f 2296/5/5 2292/5/5 2295/5/5
f 2297/5/5 2294/5/5 2293/5/5
f 2297/4/5 2293/4/5 2296/4/5
f 2298/5/5 2294/5/5 2297/5/5
f 2303/2/5 2300/2/5 2299/2/5
f 2304/2/5 2300/2/5 2303/2/5
f 2307/2/5 2302/2/5 2301/2/5
f 2308/2/5 2302/2/5 2307/2/5
f 2309/5/5 2305/5/5 2304/5/5
f 2310/4/5 2306/4/5 2305/4/5
f 2310/5/5 2305/5/5 2309/5/5
f 2311/5/5 2307/5/5 2306/5/5
f 2311/4/5 2306/4/5 2310/4/5
f 2312/5/5 2307/5/5 2311/5/5
f 2315/4/5 2314/4/5 2313/4/5
f 2316/4/5 2314/4/5 2315/4/5
f 2321/2/5 2318/2/5 2317/2/5
f 2322/2/5 2318/2/5 2321/2/5
f 2325/2/5 2320/2/5 2319/2/5
f 2326/2/5 2320/2/5 2325/2/5
f 2327/7/5 2323/7/5 2322/7/5
f 2328/4/5 2324/4/5 2323/4/5
f 2328/7/5 2323/7/5 2327/7/5
f 2329/7/5 2325/7/5 2324/7/5
f 2329/4/5 2324/4/5 2328/4/5
f 2330/7/5 2325/7/5 2329/7/5
f 2335/2/5 2332/2/5 2331/2/5
f 2336/2/5 2332/2/5 2335/2/5
f 2339/2/5 2334/2/5 2333/2/5
f 2340/2/5 2334/2/5 2339/2/5
f 2341/5/5 2337/5/5 2336/5/5
f 2342/5/5 2337/5/5 2341/5/5
f 2343/5/5 2339/5/5 2338/5/5
f 2344/5/5 2339/5/5 2343/5/5
f 2349/1/5 2346/1/5 2345/1/5
f 2350/1/5 2346/1/5 2349/1/5
f 2351/1/5 2348/1/5 2347/1/5
f 2352/1/5 2348/1/5 2351/1/5
f 2357/1/5 2354/1/5 2353/1/5
f 2358/1/5 2354/1/5 2357/1/5
f 2359/1/5 2356/1/5 2355/1/5
f 2360/1/5 2356/1/5 2359/1/5
f 2361/2/6 2362/2/6 2365/2/6
f 2365/2/6 2362/2/6 2366/2/6
f 2363/2/6 2364/2/6 2367/2/6
f 2367/2/6 2364/2/6 2368/2/6
f 2369/2/6 2370/2/6 2373/2/6
f 2373/2/6 2370/2/6 2374/2/6
f 2371/2/6 2372/2/6 2375/2/6
f 2375/2/6 2372/2/6 2376/2/6
f 2377/4/6 2378/4/6 2379/4/6
f 2379/4/6 2378/4/6 2380/4/6
f 2381/4/6 2382/4/6 2383/4/6
f 2383/4/6 2382/4/6 2384/4/6
f 2385/7/6 2386/7/6 2389/7/6
f 2389/7/6 2386/7/6 2390/7/6
f 2387/7/6 2388/7/6 2391/7/6
f 2391/7/6 2388/7/6 2392/7/6
f 2393/4/6 2394/4/6 2395/4/6
f 2395/4/6 2394/4/6 2396/4/6
f 2397/5/6 2398/5/6 2401/5/6
f 2401/5/6 2398/5/6 2402/5/6
f 2399/5/6 2400/5/6 2403/5/6
f 2403/5/6 2400/5/6 2404/5/6
f 2405/2/6 2406/2/6 2409/2/6
f 2407/2/6 2408/2/6 2410/2/6
f 2405/2/6 2409/2/6 2411/2/6
f 2410/2/6 2408/2/6 2412/2/6
f 2405/2/6 2411/2/6 2413/2/6
f 2412/2/6 2408/2/6 2414/2/6
f 2405/2/6 2413/2/6 2415/2/6
f 2414/2/6 2408/2/6 2416/2/6
f 2405/2/6 2415/2/6 2417/2/6
f 2417/2/6 2415/2/6 2418/2/6
f 2416/2/6 2408/2/6 2419/2/6
f 2419/2/6 2408/2/6 2420/2/6
f 2417/3/6 2418/3/6 2421/3/6
f 2421/3/6 2418/3/6 2422/3/6
f 2419/3/6 2420/3/6 2423/3/6
f 2423/3/6 2420/3/6 2424/3/6
f 2421/2/6 2422/2/6 2425/2/6
f 2423/2/6 2424/2/6 2426/2/6
f 2421/2/6 2425/2/6 2427/2/6
f 2426/2/6 2424/2/6 2428/2/6
f 2421/2/6 2427/2/6 2429/2/6
f 2428/2/6 2424/2/6 2430/2/6
f 2421/2/6 2429/2/6 2431/2/6
f 2430/2/6 2424/2/6 2432/2/6
f 2421/2/6 2431/2/6 2433/2/6
f 2432/2/6 2424/2/6 2434/2/6
f 2421/2/6 2433/2/6 2435/2/6
f 2434/2/6 2424/2/6 2436/2/6
f 2421/2/6 2435/2/6 2437/2/6
f 2436/2/6 2424/2/6 2438/2/6
f 2421/2/6 2437/2/6 2439/2/6
f 2438/2/6 2424/2/6 2440/2/6
f 2421/2/6 2439/2/6 2441/2/6
f 2440/2/6 2424/2/6 2442/2/6
f 2421/2/6 2441/2/6 2443/2/6
f 2442/2/6 2424/2/6 2444/2/6
f 2421/2/6 2443/2/6 2445/2/6
f 2444/2/6 2424/2/6 2446/2/6
f 2421/2/6 2445/2/6 2447/2/6
f 2446/2/6 2424/2/6 2448/2/6
f 2421/2/6 2447/2/6 2449/2/6
f 2448/2/6 2424/2/6 2450/2/6
f 2421/2/6 2449/2/6 2451/2/6
f 2450/2/6 2424/2/6 2452/2/6
f 2421/2/6 2451/2/6 2453/2/6
f 2452/2/6 2424/2/6 2454/2/6
f 2421/2/6 2453/2/6 2455/2/6
f 2454/2/6 2424/2/6 2456/2/6
f 2421/2/6 2455/2/6 2457/2/6
f 2456/2/6 2424/2/6 2458/2/6
f 2421/2/6 2457/2/6 2459/2/6
f 2459/2/6 2457/2/6 2460/2/6
f 2458/2/6 2424/2/6 2461/2/6
f 2461/2/6 2424/2/6 2462/2/6
f 2459/3/6 2460/3/6 2463/3/6
f 2463/3/6 2460/3/6 2464/3/6
f 2461/3/6 2462/3/6 2465/3/6
f 2465/3/6 2462/3/6 2466/3/6
f 2463/2/6 2464/2/6 2467/2/6
f 2465/2/6 2466/2/6 2468/2/6
f 2463/2/6 2467/2/6 2469/2/6
f 2468/2/6 2466/2/6 2470/2/6
f 2463/2/6 2469/2/6 2471/2/6
f 2470/2/6 2466/2/6 2472/2/6
f 2463/2/6 2471/2/6 2473/2/6
f 2472/2/6 2466/2/6 2474/2/6
f 2463/2/6 2473/2/6 2475/2/6
f 2474/2/6 2466/2/6 2476/2/6
f 2463/2/6 2475/2/6 2477/2/6
f 2476/2/6 2466/2/6 2478/2/6
f 2463/2/6 2477/2/6 2479/2/6
f 2478/2/6 2466/2/6 2480/2/6
f 2463/2/6 2479/2/6 2481/2/6
f 2480/2/6 2466/2/6 2482/2/6
f 2463/2/6 2481/2/6 2483/2/6
f 2482/2/6 2466/2/6 2484/2/6
f 2463/2/6 2483/2/6 2485/2/6
f 2484/2/6 2466/2/6 2486/2/6
f 2463/2/6 2485/2/6 2487/2/6
f 2486/2/6 2466/2/6 2488/2/6
f 2463/2/6 2487/2/6 2489/2/6
f 2488/2/6 2466/2/6 2490/2/6
f 2463/2/6 2489/2/6 2491/2/6
f 2490/2/6 2466/2/6 2492/2/6
f 2463/2/6 2491/2/6 2493/2/6
f 2492/2/6 2466/2/6 2494/2/6
f 2463/2/6 2493/2/6 2495/2/6
f 2494/2/6 2466/2/6 2496/2/6
f 2463/2/6 2495/2/6 2497/2/6
f 2496/2/6 2466/2/6 2498/2/6
f 2463/2/6 2497/2/6 2499/2/6
f 2498/2/6 2466/2/6 2500/2/6
f 2463/2/6 2499/2/6 2501/2/6
f 2500/2/6 2466/2/6 2502/2/6
f 2463/2/6 2501/2/6 2503/2/6
f 2503/2/6 2501/2/6 2504/2/6
f 2502/2/6 2466/2/6 2505/2/6
f 2505/2/6 2466/2/6 2506/2/6
f 2503/3/6 2504/3/6 2507/3/6
f 2507/3/6 2504/3/6 2508/3/6
f 2505/3/6 2506/3/6 2509/3/6
f 2509/3/6 2506/3/6 2510/3/6
f 2507/2/6 2508/2/6 2511/2/6
f 2509/2/6 2510/2/6 2512/2/6
f 2507/2/6 2511/2/6 2513/2/6
f 2512/2/6 2510/2/6 2514/2/6
f 2507/2/6 2513/2/6 2515/2/6
f 2514/2/6 2510/2/6 2516/2/6
f 2507/2/6 2515/2/6 2517/2/6
f 2516/2/6 2510/2/6 2520/2/6
f 2507/2/6 2517/2/6 2521/2/6
f 2518/4/6 2519/4/6 2522/4/6
f 2522/4/6 2519/4/6 2523/4/6
f 2520/2/6 2510/2/6 2524/2/6
f 2507/2/6 2521/2/6 2525/2/6
f 2524/2/6 2510/2/6 2526/2/6
f 2507/2/6 2525/2/6 2527/2/6
f 2526/2/6 2510/2/6 2528/2/6
f 2507/2/6 2527/2/6 2529/2/6
f 2529/2/6 2527/2/6 2530/2/6
f 2528/2/6 2510/2/6 2533/2/6
f 2533/2/6 2510/2/6 2534/2/6
f 2530/5/6 2531/5/6 2535/5/6
f 2535/5/6 2531/5/6 2536/5/6
f 2532/5/6 2533/5/6 2537/5/6
f 2537/5/6 2533/5/6 2538/5/6
f 2539/4/6 2540/4/6 2547/4/6
f 2547/4/6 2540/4/6 2548/4/6
f 2541/4/6 2542/4/6 2549/4/6
f 2549/4/6 2542/4/6 2550/4/6
f 2543/4/6 2544/4/6 2551/4/6
f 2551/4/6 2544/4/6 2552/4/6
f 2545/4/6 2546/4/6 2553/4/6
f 2553/4/6 2546/4/6 2554/4/6
f 2555/4/6 2556/4/6 2563/4/6
f 2563/4/6 2556/4/6 2564/4/6
f 2557/4/6 2558/4/6 2565/4/6
f 2565/4/6 2558/4/6 2566/4/6
f 2559/4/6 2560/4/6 2567/4/6
f 2567/4/6 2560/4/6 2568/4/6
f 2561/4/6 2562/4/6 2569/4/6
f 2569/4/6 2562/4/6 2570/4/6
f 2571/4/6 2572/4/6 2579/4/6
f 2579/4/6 2572/4/6 2580/4/6
f 2573/4/6 2574/4/6 2581/4/6
f 2581/4/6 2574/4/6 2582/4/6
f 2575/4/6 2576/4/6 2583/4/6
f 2583/4/6 2576/4/6 2584/4/6
f 2577/4/6 2578/4/6 2585/4/6
f 2585/4/6 2578/4/6 2586/4/6
f 2587/4/6 2588/4/6 2595/4/6
f 2595/4/6 2588/4/6 2596/4/6
f 2589/4/6 2590/4/6 2597/4/6
f 2597/4/6 2590/4/6 2598/4/6
f 2591/4/6 2592/4/6 2599/4/6
f 2599/4/6 2592/4/6 2600/4/6
f 2593/4/6 2594/4/6 2601/4/6
f 2601/4/6 2594/4/6 2602/4/6
f 2603/4/6 2604/4/6 2611/4/6
f 2611/4/6 2604/4/6 2612/4/6
f 2605/4/6 2606/4/6 2613/4/6
f 2613/4/6 2606/4/6 2614/4/6
f 2607/4/6 2608/4/6 2615/4/6
f 2615/4/6 2608/4/6 2616/4/6
f 2609/4/6 2610/4/6 2617/4/6
f 2617/4/6 2610/4/6 2618/4/6
f 2619/4/6 2620/4/6 2627/4/6
f 2627/4/6 2620/4/6 2628/4/6
f 2621/4/6 2622/4/6 2629/4/6
f 2629/4/6 2622/4/6 2630/4/6
f 2623/4/6 2624/4/6 2631/4/6
f 2631/4/6 2624/4/6 2632/4/6
f 2625/4/6 2626/4/6 2633/4/6
f 2633/4/6 2626/4/6 2634/4/6
f 2635/4/6 2636/4/6 2643/4/6
f 2643/4/6 2636/4/6 2644/4/6
f 2637/4/6 2638/4/6 2645/4/6
f 2645/4/6 2638/4/6 2646/4/6
f 2639/4/6 2640/4/6 2647/4/6
f 2647/4/6 2640/4/6 2648/4/6
f 2641/4/6 2642/4/6 2649/4/6
f 2649/4/6 2642/4/6 2650/4/6
f 2651/4/6 2652/4/6 2659/4/6
f 2659/4/6 2652/4/6 2660/4/6
f 2653/4/6 2654/4/6 2661/4/6
f 2661/4/6 2654/4/6 2662/4/6
f 2655/4/6 2656/4/6 2663/4/6
f 2663/4/6 2656/4/6 2664/4/6
f 2657/4/6 2658/4/6 2665/4/6
f 2665/4/6 2658/4/6 2666/4/6
f 2667/4/6 2668/4/6 2675/4/6
f 2675/4/6 2668/4/6 2676/4/6
f 2669/4/6 2670/4/6 2677/4/6
f 2677/4/6 2670/4/6 2678/4/6
f 2671/4/6 2672/4/6 2679/4/6
f 2679/4/6 2672/4/6 2680/4/6
f 2673/4/6 2674/4/6 2681/4/6
f 2681/4/6 2674/4/6 2682/4/6
f 2683/4/6 2684/4/6 2685/4/6
f 2685/4/6 2684/4/6 2686/4/6
f 2687/4/6 2688/4/6 2690/4/6
f 2690/4/6 2688/4/6 2691/4/6
f 2689/1/6 2690/1/6 2693/1/6
f 2693/1/6 2690/1/6 2694/1/6
f 2694/1/6 2690/1/6 2695/1/6
f 2690/4/6 2691/4/6 2696/4/6
f 2695/1/6 2690/1/6 2696/1/6
f 2696/4/6 2691/4/6 2697/4/6
f 2697/4/6 2691/4/6 2698/4/6
f 2698/4/6 2691/4/6 2699/4/6
f 2699/4/6 2691/4/6 2700/4/6
f 2700/4/6 2691/4/6 2701/4/6
f 2701/4/6 2691/4/6 2702/4/6
f 2702/4/6 2691/4/6 2703/4/6
f 2703/4/6 2691/4/6 2704/4/6
f 2691/1/6 2692/1/6 2705/1/6
f 2704/4/6 2691/4/6 2705/4/6
f 2705/1/6 2692/1/6 2706/1/6
f 2706/1/6 2692/1/6 2707/1/6
f 2707/1/6 2692/1/6 2708/1/6
f 2689/1/6 2693/1/6 2709/1/6
f 2694/1/6 2695/1/6 2710/1/6
f 2710/1/6 2695/1/6 2711/1/6
f 2696/7/6 2697/7/6 2712/7/6
f 2712/7/6 2697/7/6 2713/7/6
f 2698/7/6 2699/7/6 2714/7/6
f 2714/7/6 2699/7/6 2715/7/6
f 2700/7/6 2701/7/6 2716/7/6
f 2716/7/6 2701/7/6 2717/7/6
f 2702/7/6 2703/7/6 2718/7/6
f 2718/7/6 2703/7/6 2719/7/6
f 2704/7/6 2705/7/6 2720/7/6
f 2720/7/6 2705/7/6 2721/7/6
f 2706/1/6 2707/1/6 2722/1/6
f 2722/1/6 2707/1/6 2723/1/6
f 2708/1/6 2692/1/6 2724/1/6
f 2720/7/6 2721/7/6 2725/7/6
f 2718/7/6 2719/7/6 2725/7/6
f 2716/7/6 2717/7/6 2725/7/6
f 2719/7/6 2720/7/6 2725/7/6
f 2717/7/6 2718/7/6 2725/7/6
f 2714/7/6 2715/7/6 2725/7/6
f 2715/7/6 2716/7/6 2725/7/6
f 2712/7/6 2713/7/6 2725/7/6
f 2713/7/6 2714/7/6 2725/7/6
f 2725/7/6 2721/7/6 2726/7/6
f 2726/7/6 2721/7/6 2727/7/6
f 2727/7/6 2721/7/6 2728/7/6
f 2728/7/6 2721/7/6 2729/7/6
f 2729/7/6 2721/7/6 2730/7/6
f 2730/7/6 2721/7/6 2731/7/6
f 2731/7/6 2721/7/6 2732/7/6
f 2712/7/6 2725/7/6 2733/7/6
f 2726/7/6 2727/7/6 2734/7/6
f 2734/7/6 2727/7/6 2735/7/6
f 2728/7/6 2729/7/6 2736/7/6
f 2736/7/6 2729/7/6 2737/7/6
f 2730/7/6 2731/7/6 2738/7/6
f 2738/7/6 2731/7/6 2739/7/6
f 2732/7/6 2721/7/6 2740/7/6
f 2738/7/6 2739/7/6 2741/7/6
f 2739/7/6 2740/7/6 2741/7/6
f 2736/7/6 2737/7/6 2741/7/6
f 2712/7/6 2733/7/6 2741/7/6
f 2737/7/6 2738/7/6 2741/7/6
f 2734/7/6 2735/7/6 2741/7/6
f 2735/7/6 2736/7/6 2741/7/6
f 2733/7/6 2734/7/6 2741/7/6
f 2741/7/6 2740/7/6 2742/7/6
f 2742/7/6 2740/7/6 2743/7/6
f 2743/7/6 2740/7/6 2744/7/6
f 2744/7/6 2740/7/6 2745/7/6
f 2745/7/6 2740/7/6 2746/7/6
f 2746/7/6 2740/7/6 2747/7/6
f 2740/7/6 2721/7/6 2748/7/6
f 2747/7/6 2740/7/6 2748/7/6
f 2712/7/6 2741/7/6 2749/7/6
f 2742/7/6 2743/7/6 2750/7/6
f 2750/7/6 2743/7/6 2751/7/6
f 2744/7/6 2745/7/6 2752/7/6
f 2752/7/6 2745/7/6 2753/7/6
f 2746/7/6 2747/7/6 2754/7/6
f 2754/7/6 2747/7/6 2755/7/6
f 2748/7/6 2721/7/6 2756/7/6
f 2752/7/6 2753/7/6 2757/7/6
f 2755/7/6 2756/7/6 2757/7/6
f 2754/7/6 2755/7/6 2757/7/6
f 2750/7/6 2751/7/6 2757/7/6
f 2753/7/6 2754/7/6 2757/7/6
f 2712/7/6 2749/7/6 2757/7/6
f 2751/7/6 2752/7/6 2757/7/6
f 2749/7/6 2750/7/6 2757/7/6
f 2757/7/6 2756/7/6 2758/7/6
f 2758/7/6 2756/7/6 2759/7/6
f 2759/7/6 2756/7/6 2760/7/6
f 2760/7/6 2756/7/6 2761/7/6
f 2761/7/6 2756/7/6 2762/7/6
f 2762/7/6 2756/7/6 2763/7/6
f 2756/7/6 2721/7/6 2764/7/6
f 2763/7/6 2756/7/6 2764/7/6
f 2712/7/6 2757/7/6 2765/7/6
f 2758/7/6 2759/7/6 2766/7/6
f 2766/7/6 2759/7/6 2767/7/6
f 2760/7/6 2761/7/6 2768/7/6
f 2768/7/6 2761/7/6 2769/7/6
f 2762/7/6 2763/7/6 2770/7/6
f 2770/7/6 2763/7/6 2771/7/6
f 2764/7/6 2721/7/6 2772/7/6
f 2768/7/6 2769/7/6 2773/7/6
f 2771/7/6 2772/7/6 2773/7/6
f 2770/7/6 2771/7/6 2773/7/6
f 2766/7/6 2767/7/6 2773/7/6
f 2769/7/6 2770/7/6 2773/7/6
f 2712/7/6 2765/7/6 2773/7/6
f 2767/7/6 2768/7/6 2773/7/6
f 2765/7/6 2766/7/6 2773/7/6
f 2773/7/6 2772/7/6 2774/7/6
f 2774/7/6 2772/7/6 2775/7/6
f 2775/7/6 2772/7/6 2776/7/6
f 2776/7/6 2772/7/6 2777/7/6
f 2777/7/6 2772/7/6 2778/7/6
f 2778/7/6 2772/7/6 2779/7/6
f 2772/7/6 2721/7/6 2780/7/6
f 2779/7/6 2772/7/6 2780/7/6
f 2712/7/6 2773/7/6 2781/7/6
f 2774/7/6 2775/7/6 2782/7/6
f 2782/7/6 2775/7/6 2783/7/6
f 2776/7/6 2777/7/6 2784/7/6
f 2784/7/6 2777/7/6 2785/7/6
f 2778/7/6 2779/7/6 2786/7/6
f 2786/7/6 2779/7/6 2787/7/6
f 2780/7/6 2721/7/6 2788/7/6
f 2784/7/6 2785/7/6 2789/7/6
f 2787/7/6 2788/7/6 2789/7/6
f 2786/7/6 2787/7/6 2789/7/6
f 2782/7/6 2783/7/6 2789/7/6
f 2785/7/6 2786/7/6 2789/7/6
f 2712/7/6 2781/7/6 2789/7/6
f 2783/7/6 2784/7/6 2789/7/6
f 2781/7/6 2782/7/6 2789/7/6
f 2789/7/6 2788/7/6 2790/7/6
f 2790/7/6 2788/7/6 2791/7/6
f 2791/7/6 2788/7/6 2792/7/6
f 2792/7/6 2788/7/6 2793/7/6
f 2793/7/6 2788/7/6 2794/7/6
f 2794/7/6 2788/7/6 2795/7/6
f 2788/7/6 2721/7/6 2796/7/6
f 2795/7/6 2788/7/6 2796/7/6
f 2712/7/6 2789/7/6 2797/7/6
f 2797/7/6 2789/7/6 2798/7/6
f 2790/7/6 2791/7/6 2799/7/6
f 2799/7/6 2791/7/6 2800/7/6
f 2792/7/6 2793/7/6 2801/7/6
f 2801/7/6 2793/7/6 2802/7/6
f 2794/7/6 2795/7/6 2803/7/6
f 2803/7/6 2795/7/6 2804/7/6
f 2796/7/6 2721/7/6 2805/7/6
f 2805/7/6 2721/7/6 2806/7/6
f 2689/1/6 2709/1/6 2807/1/6
f 2724/1/6 2692/1/6 2814/1/6
f 2807/1/6 2808/1/6 2815/1/6
f 2809/1/6 2810/1/6 2816/1/6
f 2816/1/6 2810/1/6 2817/1/6
f 2811/1/6 2812/1/6 2826/1/6
f 2826/1/6 2812/1/6 2827/1/6
f 2813/1/6 2814/1/6 2828/1/6
f 2817/7/6 2818/7/6 2829/7/6
f 2819/7/6 2820/7/6 2830/7/6
f 2830/7/6 2820/7/6 2831/7/6
f 2821/7/6 2822/7/6 2832/7/6
f 2832/7/6 2822/7/6 2833/7/6
f 2823/7/6 2824/7/6 2834/7/6
f 2834/7/6 2824/7/6 2835/7/6
f 2825/7/6 2826/7/6 2836/7/6
f 2832/7/6 2833/7/6 2837/7/6
f 2835/7/6 2836/7/6 2837/7/6
f 2817/7/6 2829/7/6 2837/7/6
f 2830/7/6 2831/7/6 2837/7/6
f 2833/7/6 2834/7/6 2837/7/6
f 2834/7/6 2835/7/6 2837/7/6
f 2831/7/6 2832/7/6 2837/7/6
f 2829/7/6 2830/7/6 2837/7/6
f 2837/7/6 2836/7/6 2838/7/6
f 2838/7/6 2836/7/6 2839/7/6
f 2839/7/6 2836/7/6 2840/7/6
f 2840/7/6 2836/7/6 2841/7/6
f 2841/7/6 2836/7/6 2842/7/6
f 2842/7/6 2836/7/6 2843/7/6
f 2836/7/6 2826/7/6 2844/7/6
f 2843/7/6 2836/7/6 2844/7/6
f 2817/7/6 2837/7/6 2845/7/6
f 2838/7/6 2839/7/6 2846/7/6
f 2846/7/6 2839/7/6 2847/7/6
f 2840/7/6 2841/7/6 2848/7/6
f 2848/7/6 2841/7/6 2849/7/6
f 2842/7/6 2843/7/6 2850/7/6
f 2850/7/6 2843/7/6 2851/7/6
f 2844/7/6 2826/7/6 2852/7/6
f 2848/7/6 2849/7/6 2853/7/6
f 2851/7/6 2852/7/6 2853/7/6
f 2850/7/6 2851/7/6 2853/7/6
f 2846/7/6 2847/7/6 2853/7/6
f 2849/7/6 2850/7/6 2853/7/6
f 2817/7/6 2845/7/6 2853/7/6
f 2847/7/6 2848/7/6 2853/7/6
f 2845/7/6 2846/7/6 2853/7/6
f 2853/7/6 2852/7/6 2854/7/6
f 2854/7/6 2852/7/6 2855/7/6
f 2855/7/6 2852/7/6 2856/7/6
f 2856/7/6 2852/7/6 2857/7/6
f 2857/7/6 2852/7/6 2858/7/6
f 2858/7/6 2852/7/6 2859/7/6
f 2852/7/6 2826/7/6 2860/7/6
f 2859/7/6 2852/7/6 2860/7/6
f 2817/7/6 2853/7/6 2861/7/6
f 2854/7/6 2855/7/6 2862/7/6
f 2862/7/6 2855/7/6 2863/7/6
f 2856/7/6 2857/7/6 2864/7/6
f 2864/7/6 2857/7/6 2865/7/6
f 2858/7/6 2859/7/6 2866/7/6
f 2866/7/6 2859/7/6 2867/7/6
f 2860/7/6 2826/7/6 2868/7/6
f 2864/7/6 2865/7/6 2869/7/6
f 2867/7/6 2868/7/6 2869/7/6
f 2815/1/6 2816/1/6 2869/1/6
f 2816/1/6 2817/1/6 2869/1/6
f 2865/7/6 2866/7/6 2869/7/6
f 2866/7/6 2867/7/6 2869/7/6
f 2863/7/6 2864/7/6 2869/7/6
f 2862/7/6 2863/7/6 2869/7/6
f 2861/7/6 2862/7/6 2869/7/6
f 2817/7/6 2861/7/6 2869/7/6
f 2868/7/6 2826/7/6 2870/7/6
f 2869/7/6 2868/7/6 2870/7/6
f 2826/1/6 2827/1/6 2870/1/6
f 2827/1/6 2828/1/6 2870/1/6
f 2815/1/6 2869/1/6 2871/1/6
f 2869/4/6 2870/4/6 2871/4/6
f 2870/1/6 2828/1/6 2872/1/6
f 2871/4/6 2870/4/6 2872/4/6
f 2815/1/6 2871/1/6 2873/1/6
f 2807/1/6 2815/1/6 2873/1/6
f 2689/1/6 2807/1/6 2873/1/6
f 2873/1/6 2871/1/6 2874/1/6
f 2872/1/6 2828/1/6 2875/1/6
f 2814/1/6 2692/1/6 2876/1/6
f 2875/1/6 2828/1/6 2876/1/6
f 2828/1/6 2814/1/6 2876/1/6
f 2877/6/6 2878/6/6 2885/6/6
f 2885/6/6 2878/6/6 2886/6/6
f 2879/6/6 2880/6/6 2887/6/6
f 2887/6/6 2880/6/6 2888/6/6
f 2881/6/6 2882/6/6 2889/6/6
f 2889/6/6 2882/6/6 2890/6/6
f 2883/6/6 2884/6/6 2891/6/6
f 2891/6/6 2884/6/6 2892/6/6
f 2885/5/6 2886/5/6 2893/5/6
f 2887/5/6 2888/5/6 2893/5/6
f 2886/5/6 2887/5/6 2893/5/6
f 2889/5/6 2890/5/6 2894/5/6
f 2891/5/6 2892/5/6 2894/5/6
f 2890/5/6 2891/5/6 2894/5/6
f 2885/5/6 2893/5/6 2895/5/6
f 2895/5/6 2893/5/6 2896/5/6
f 2896/5/6 2893/5/6 2897/5/6
f 2893/6/6 2894/6/6 2898/6/6
f 2897/5/6 2893/5/6 2898/5/6
f 2894/5/6 2892/5/6 2899/5/6
f 2898/6/6 2894/6/6 2899/6/6
f 2899/5/6 2892/5/6 2900/5/6
f 2900/5/6 2892/5/6 2901/5/6
f 2901/5/6 2892/5/6 2902/5/6
f 2896/6/6 2897/6/6 2903/6/6
f 2903/6/6 2897/6/6 2904/6/6
f 2898/6/6 2899/6/6 2905/6/6
f 2905/6/6 2899/6/6 2906/6/6
f 2900/6/6 2901/6/6 2907/6/6
f 2907/6/6 2901/6/6 2908/6/6
